label,text,origine
ham,"Go until jurong point, crazy.. Available only in bugis n great world la e buffet... Cine there got amore wat...",UCI-2011
ham,Ok lar... Joking wif u oni...,UCI-2011
spam,Free entry in 2 a wkly comp to win FA Cup final tkts 21st May 2005. Text FA to 87121 to receive entry question(std txt rate)T&C's apply 08452810075over18's,UCI-2011
ham,U dun say so early hor... U c already then say...,UCI-2011
ham,"Nah I don't think he goes to usf, he lives around here though",UCI-2011
spam,"FreeMsg Hey there darling it's been 3 week's now and no word back! I'd like some fun you up for it still? Tb ok! XxX std chgs to send, £1.50 to rcv",UCI-2011
ham,Even my brother is not like to speak with me. They treat me like aids patent.,UCI-2011
ham,As per your request 'Melle Melle (Oru Minnaminunginte Nurungu Vettam)' has been set as your callertune for all Callers. Press *9 to copy your friends Callertune,UCI-2011
spam,WINNER!! As a valued network customer you have been selected to receivea £900 prize reward! To claim call 09061701461. Claim code KL341. Valid 12 hours only.,UCI-2011
spam,Had your mobile 11 months or more? U R entitled to Update to the latest colour mobiles with camera for Free! Call The Mobile Update Co FREE on 08002986030,UCI-2011
ham,"I'm gonna be home soon and i don't want to talk about this stuff anymore tonight, k? I've cried enough today.",UCI-2011
spam,"SIX chances to win CASH! From 100 to 20,000 pounds txt> CSH11 and send to 87575. Cost 150p/day, 6days, 16+ TsandCs apply Reply HL 4 info",UCI-2011
spam,"URGENT! You have won a 1 week FREE membership in our £100,000 Prize Jackpot! Txt the word: CLAIM to No: 81010 T&C www.dbuk.net LCCLTD POBOX 4403LDNW1A7RW18",UCI-2011
ham,I've been searching for the right words to thank you for this breather. I promise i wont take your help for granted and will fulfil my promise. You have been wonderful and a blessing at all times.,UCI-2011
ham,I HAVE A DATE ON SUNDAY WITH WILL!!,UCI-2011
spam,"XXXMobileMovieClub: To use your credit, click the WAP link in the next txt message or click here>> http://wap. xxxmobilemovieclub.com?n=QJKGIGHJJGCBL",UCI-2011
ham,Oh k...i'm watching here:),UCI-2011
ham,Eh u remember how 2 spell his name... Yes i did. He v naughty make until i v wet.,UCI-2011
ham,Fine if thats the way u feel. Thats the way its gota b,UCI-2011
spam,"England v Macedonia - dont miss the goals/team news. Txt ur national team to 87077 eg ENGLAND to 87077 Try:WALES, SCOTLAND 4txt/ú1.20 POBOXox36504W45WQ 16+",UCI-2011
ham,Is that seriously how you spell his name?,UCI-2011
ham,I‘m going to try for 2 months ha ha only joking,UCI-2011
ham,So ü pay first lar... Then when is da stock comin...,UCI-2011
ham,Aft i finish my lunch then i go str down lor. Ard 3 smth lor. U finish ur lunch already?,UCI-2011
ham,Ffffffffff. Alright no way I can meet up with you sooner?,UCI-2011
ham,Just forced myself to eat a slice. I'm really not hungry tho. This sucks. Mark is getting worried. He knows I'm sick when I turn down pizza. Lol,UCI-2011
ham,Lol your always so convincing.,UCI-2011
ham,Did you catch the bus ? Are you frying an egg ? Did you make a tea? Are you eating your mom's left over dinner ? Do you feel my Love ?,UCI-2011
ham,"I'm back &amp; we're packing the car now, I'll let you know if there's room",UCI-2011
ham,Ahhh. Work. I vaguely remember that! What does it feel like? Lol,UCI-2011
ham,"Wait that's still not all that clear, were you not sure about me being sarcastic or that that's why x doesn't want to live with us",UCI-2011
ham,Yeah he got in at 2 and was v apologetic. n had fallen out and she was actin like spoilt child and he got caught up in that. Till 2! But we won't go there! Not doing too badly cheers. You? ,UCI-2011
ham,K tell me anything about you.,UCI-2011
ham,For fear of fainting with the of all that housework you just did? Quick have a cuppa,UCI-2011
spam,Thanks for your subscription to Ringtone UK your mobile will be charged £5/month Please confirm by replying YES or NO. If you reply NO you will not be charged,UCI-2011
ham,Yup... Ok i go home look at the timings then i msg ü again... Xuhui going to learn on 2nd may too but her lesson is at 8am,UCI-2011
ham,"Oops, I'll let you know when my roommate's done",UCI-2011
ham,I see the letter B on my car,UCI-2011
ham,Anything lor... U decide...,UCI-2011
ham,Hello! How's you and how did saturday go? I was just texting to see if you'd decided to do anything tomo. Not that i'm trying to invite myself or anything!,UCI-2011
ham,Pls go ahead with watts. I just wanted to be sure. Do have a great weekend. Abiola,UCI-2011
ham,"Did I forget to tell you ? I want you , I need you, I crave you ... But most of all ... I love you my sweet Arabian steed ... Mmmmmm ... Yummy",UCI-2011
spam,07732584351 - Rodger Burns - MSG = We tried to call you re your reply to our sms for a free nokia mobile + free camcorder. Please call now 08000930705 for delivery tomorrow,UCI-2011
ham,WHO ARE YOU SEEING?,UCI-2011
ham,Great! I hope you like your man well endowed. I am  &lt;#&gt;  inches...,UCI-2011
ham,No calls..messages..missed calls,UCI-2011
ham,Didn't you get hep b immunisation in nigeria.,UCI-2011
ham,"Fair enough, anything going on?",UCI-2011
ham,"Yeah hopefully, if tyler can't do it I could maybe ask around a bit",UCI-2011
ham,U don't know how stubborn I am. I didn't even want to go to the hospital. I kept telling Mark I'm not a weak sucker. Hospitals are for weak suckers.,UCI-2011
ham,What you thinked about me. First time you saw me in class.,UCI-2011
ham,"A gram usually runs like  &lt;#&gt; , a half eighth is smarter though and gets you almost a whole second gram for  &lt;#&gt;",UCI-2011
ham,K fyi x has a ride early tomorrow morning but he's crashing at our place tonight,UCI-2011
ham,"Wow. I never realized that you were so embarassed by your accomodations. I thought you liked it, since i was doing the best i could and you always seemed so happy about ""the cave"". I'm sorry I didn't and don't have more to give. I'm sorry i offered. I'm sorry your room was so embarassing.",UCI-2011
spam,SMS. ac Sptv: The New Jersey Devils and the Detroit Red Wings play Ice Hockey. Correct or Incorrect? End? Reply END SPTV,UCI-2011
ham,Do you know what Mallika Sherawat did yesterday? Find out now @  &lt;URL&gt;,UCI-2011
spam,"Congrats! 1 year special cinema pass for 2 is yours. call 09061209465 now! C Suprman V, Matrix3, StarWars3, etc all 4 FREE! bx420-ip4-5we. 150pm. Dont miss out! ",UCI-2011
ham,"Sorry, I'll call later in meeting.",UCI-2011
ham,Tell where you reached,UCI-2011
ham,Yes..gauti and sehwag out of odi series.,UCI-2011
ham,Your gonna have to pick up a $1 burger for yourself on your way home. I can't even move. Pain is killing me.,UCI-2011
ham,Ha ha ha good joke. Girls are situation seekers.,UCI-2011
ham,Its a part of checking IQ,UCI-2011
ham,"Sorry my roommates took forever, it ok if I come by now?",UCI-2011
ham,Ok lar i double check wif da hair dresser already he said wun cut v short. He said will cut until i look nice.,UCI-2011
spam,"As a valued customer, I am pleased to advise you that following recent review of your Mob No. you are awarded with a £1500 Bonus Prize, call 09066364589",UCI-2011
ham,"Today is ""song dedicated day.."" Which song will u dedicate for me? Send this to all ur valuable frnds but first rply me...",UCI-2011
spam,"Urgent UR awarded a complimentary trip to EuroDisinc Trav, Aco&Entry41 Or £1000. To claim txt DIS to 87121 18+6*£1.50(moreFrmMob. ShrAcomOrSglSuplt)10, LS1 3AJ",UCI-2011
spam,"Did you hear about the new ""Divorce Barbie""? It comes with all of Ken's stuff!",UCI-2011
ham,I plane to give on this month end.,UCI-2011
ham,Wah lucky man... Then can save money... Hee...,UCI-2011
ham,Finished class where are you.,UCI-2011
ham,HI BABE IM AT HOME NOW WANNA DO SOMETHING? XX,UCI-2011
ham,K..k:)where are you?how did you performed?,UCI-2011
ham,U can call me now...,UCI-2011
ham,I am waiting machan. Call me once you free.,UCI-2011
ham,Thats cool. i am a gentleman and will treat you with dignity and respect.,UCI-2011
ham,I like you peoples very much:) but am very shy pa.,UCI-2011
ham,Does not operate after  &lt;#&gt;  or what,UCI-2011
ham,Its not the same here. Still looking for a job. How much do Ta's earn there.,UCI-2011
ham,"Sorry, I'll call later",UCI-2011
ham,K. Did you call me just now ah? ,UCI-2011
ham,Ok i am on the way to home hi hi,UCI-2011
ham,You will be in the place of that man,UCI-2011
ham,Yup next stop.,UCI-2011
ham,"I call you later, don't have network. If urgnt, sms me.",UCI-2011
ham,For real when u getting on yo? I only need 2 more tickets and one more jacket and I'm done. I already used all my multis.,UCI-2011
ham,Yes I started to send requests to make it but pain came back so I'm back in bed. Double coins at the factory too. I gotta cash in all my nitros.,UCI-2011
ham,I'm really not up to it still tonight babe,UCI-2011
ham,"Ela kano.,il download, come wen ur free..",UCI-2011
ham,Yeah do! Don‘t stand to close tho- you‘ll catch something!,UCI-2011
ham,Sorry to be a pain. Is it ok if we meet another night? I spent late afternoon in casualty and that means i haven't done any of y stuff42moro and that includes all my time sheets and that. Sorry. ,UCI-2011
ham,Smile in Pleasure Smile in Pain Smile when trouble pours like Rain Smile when sum1 Hurts U Smile becoz SOMEONE still Loves to see u Smiling!!,UCI-2011
spam,Please call our customer service representative on 0800 169 6031 between 10am-9pm as you have WON a guaranteed £1000 cash or £5000 prize!,UCI-2011
ham,Havent planning to buy later. I check already lido only got 530 show in e afternoon. U finish work already?,UCI-2011
spam,"Your free ringtone is waiting to be collected. Simply text the password ""MIX"" to 85069 to verify. Get Usher and Britney. FML, PO Box 5249, MK17 92H. 450Ppw 16",UCI-2011
ham,Watching telugu movie..wat abt u?,UCI-2011
ham,i see. When we finish we have loads of loans to pay,UCI-2011
ham,"Hi. Wk been ok - on hols now! Yes on for a bit of a run. Forgot that i have hairdressers appointment at four so need to get home n shower beforehand. Does that cause prob for u?""",UCI-2011
ham,I see a cup of coffee animation,UCI-2011
ham,Please don't text me anymore. I have nothing else to say.,UCI-2011
ham,Okay name ur price as long as its legal! Wen can I pick them up? Y u ave x ams xx,UCI-2011
ham,I'm still looking for a car to buy. And have not gone 4the driving test yet.,UCI-2011
ham,As per your request 'Melle Melle (Oru Minnaminunginte Nurungu Vettam)' has been set as your callertune for all Callers. Press *9 to copy your friends Callertune,UCI-2011
ham,"wow. You're right! I didn't mean to do that. I guess once i gave up on boston men and changed my search location to nyc, something changed. Cuz on my signin page it still says boston.",UCI-2011
ham,Umma my life and vava umma love you lot dear,UCI-2011
ham,Thanks a lot for your wishes on my birthday. Thanks you for making my birthday truly memorable.,UCI-2011
ham,"Aight, I'll hit you up when I get some cash",UCI-2011
ham,How would my ip address test that considering my computer isn't a minecraft server,UCI-2011
ham,I know! Grumpy old people. My mom was like you better not be lying. Then again I am always the one to play jokes...,UCI-2011
ham,Dont worry. I guess he's busy.,UCI-2011
ham,What is the plural of the noun research?,UCI-2011
ham,Going for dinner.msg you after.,UCI-2011
ham,I'm ok wif it cos i like 2 try new things. But i scared u dun like mah. Cos u said not too loud.,UCI-2011
spam,GENT! We are trying to contact you. Last weekends draw shows that you won a £1000 prize GUARANTEED. Call 09064012160. Claim Code K52. Valid 12hrs only. 150ppm,UCI-2011
ham,"Wa, ur openin sentence very formal... Anyway, i'm fine too, juz tt i'm eatin too much n puttin on weight...Haha... So anythin special happened?",UCI-2011
ham,"As I entered my cabin my PA said, '' Happy B'day Boss !!''. I felt special. She askd me 4 lunch. After lunch she invited me to her apartment. We went there.",UCI-2011
spam,You are a winner U have been specially selected 2 receive £1000 or a 4* holiday (flights inc) speak to a live operator 2 claim 0871277810910p/min (18+) ,UCI-2011
ham,Goodo! Yes we must speak friday - egg-potato ratio for tortilla needed! ,UCI-2011
ham,Hmm...my uncle just informed me that he's paying the school directly. So pls buy food.,UCI-2011
spam,PRIVATE! Your 2004 Account Statement for 07742676969 shows 786 unredeemed Bonus Points. To claim call 08719180248 Identifier Code: 45239 Expires,UCI-2011
spam,"URGENT! Your Mobile No. was awarded £2000 Bonus Caller Prize on 5/9/03 This is our final try to contact U! Call from Landline 09064019788 BOX42WR29C, 150PPM",UCI-2011
ham,here is my new address -apples&pairs&all that malarky,UCI-2011
spam,Todays Voda numbers ending 7548 are selected to receive a $350 award. If you have a match please call 08712300220 quoting claim code 4041 standard rates app,UCI-2011
ham,I am going to sao mu today. Will be done only at 12 ,UCI-2011
ham,Ü predict wat time ü'll finish buying?,UCI-2011
ham,"Good stuff, will do.",UCI-2011
ham,"Just so that you know,yetunde hasn't sent money yet. I just sent her a text not to bother sending. So its over, you dont have to involve yourself in anything. I shouldn't have imposed anything on you in the first place so for that, i apologise.",UCI-2011
ham,Are you there in room.,UCI-2011
ham,HEY GIRL. HOW R U? HOPE U R WELL ME AN DEL R BAK! AGAIN LONG TIME NO C! GIVE ME A CALL SUM TIME FROM LUCYxx,UCI-2011
ham,K..k:)how much does it cost?,UCI-2011
ham,I'm home.,UCI-2011
ham,"Dear, will call Tmorrow.pls accomodate.",UCI-2011
ham,First answer my question.,UCI-2011
spam,Sunshine Quiz Wkly Q! Win a top Sony DVD player if u know which country the Algarve is in? Txt ansr to 82277. £1.50 SP:Tyrone,UCI-2011
spam,Want 2 get laid tonight? Want real Dogging locations sent direct 2 ur mob? Join the UK's largest Dogging Network bt Txting GRAVEL to 69888! Nt. ec2a. 31p.msg@150p,UCI-2011
ham,I only haf msn. It's yijue@hotmail.com,UCI-2011
ham,He is there. You call and meet him,UCI-2011
ham,No no. I will check all rooms befor activities,UCI-2011
spam,You'll not rcv any more msgs from the chat svc. For FREE Hardcore services text GO to: 69988 If u get nothing u must Age Verify with yr network & try again,UCI-2011
ham,Got c... I lazy to type... I forgot ü in lect... I saw a pouch but like not v nice...,UCI-2011
ham,"K, text me when you're on the way",UCI-2011
ham,"Sir, Waiting for your mail.",UCI-2011
ham,"A swt thought: ""Nver get tired of doing little things 4 lovable persons.."" Coz..somtimes those little things occupy d biggest part in their Hearts.. Gud ni8",UCI-2011
ham,I know you are. Can you pls open the back?,UCI-2011
ham,Yes see ya not on the dot,UCI-2011
ham,Whats the staff name who is taking class for us?,UCI-2011
spam,"FreeMsg Why haven't you replied to my text? I'm Randy, sexy, female and live local. Luv to hear from u. Netcollex Ltd 08700621170150p per msg reply Stop to end",UCI-2011
ham,Ummma.will call after check in.our life will begin from qatar so pls pray very hard.,UCI-2011
ham,K..i deleted my contact that why?,UCI-2011
ham,Sindu got job in birla soft ..,UCI-2011
ham,The wine is flowing and i'm i have nevering..,UCI-2011
ham,Yup i thk cine is better cos no need 2 go down 2 plaza mah.,UCI-2011
ham,Ok... Ur typical reply...,UCI-2011
ham,As per your request 'Melle Melle (Oru Minnaminunginte Nurungu Vettam)' has been set as your callertune for all Callers. Press *9 to copy your friends Callertune,UCI-2011
ham,"You are everywhere dirt, on the floor, the windows, even on my shirt. And sometimes when i open my mouth, you are all that comes flowing out. I dream of my world without you, then half my chores are out too. A time of joy for me, lots of tv shows i.ll see. But i guess like all things you just must exist, like rain, hail and mist, and when my time here is done, you and i become one.",UCI-2011
ham,Aaooooright are you at work?,UCI-2011
ham,I'm leaving my house now...,UCI-2011
ham,"Hello, my love. What are you doing? Did you get to that interview today? Are you you happy? Are you being a good boy? Do you think of me?Are you missing me ?",UCI-2011
spam,Customer service annoncement. You have a New Years delivery waiting for you. Please call 07046744435 now to arrange delivery,UCI-2011
spam,You are a winner U have been specially selected 2 receive £1000 cash or a 4* holiday (flights inc) speak to a live operator 2 claim 0871277810810,UCI-2011
ham,Keep yourself safe for me because I need you and I miss you already and I envy everyone that see's you in real life,UCI-2011
ham,New car and house for my parents.:)i have only new job in hand:),UCI-2011
ham,I'm so in love with you. I'm excited each day i spend with you. You make me so happy.,UCI-2011
spam,-PLS STOP bootydelious (32/F) is inviting you to be her friend. Reply YES-434 or NO-434 See her: www.SMS.ac/u/bootydelious STOP? Send STOP FRND to 62468,UCI-2011
spam,"BangBabes Ur order is on the way. U SHOULD receive a Service Msg 2 download UR content. If U do not, GoTo wap. bangb. tv on UR mobile internet/service menu",UCI-2011
ham,I place all ur points on e cultures module already.,UCI-2011
spam,URGENT! We are trying to contact you. Last weekends draw shows that you have won a £900 prize GUARANTEED. Call 09061701939. Claim code S89. Valid 12hrs only,UCI-2011
ham,"Hi frnd, which is best way to avoid missunderstding wit our beloved one's?",UCI-2011
ham,Great escape. I fancy the bridge but needs her lager. See you tomo ,UCI-2011
ham,Yes :)it completely in out of form:)clark also utter waste.,UCI-2011
ham,"Sir, I need AXIS BANK account no and bank address.",UCI-2011
ham,"Hmmm.. Thk sure got time to hop ard... Ya, can go 4 free abt... Muz call u to discuss liao... ",UCI-2011
ham,What time you coming down later? ,UCI-2011
ham,"Bloody hell, cant believe you forgot my surname Mr . Ill give u a clue, its spanish and begins with m... ",UCI-2011
ham,"Well, i'm gonna finish my bath now. Have a good...fine night.",UCI-2011
ham,Let me know when you've got the money so carlos can make the call,UCI-2011
ham,U still going to the mall?,UCI-2011
ham,"Turns out my friends are staying for the whole show and won't be back til ~ &lt;#&gt; , so feel free to go ahead and smoke that $ &lt;#&gt;  worth",UCI-2011
ham,Text her. If she doesnt reply let me know so i can have her log in,UCI-2011
ham,Hi! You just spoke to MANEESHA V. We'd like to know if you were satisfied with the experience. Reply Toll Free with Yes or No.,UCI-2011
ham,You lifted my hopes with the offer of money. I am in need. Especially when the end of the month approaches and it hurts my studying. Anyways have a gr8 weekend,UCI-2011
ham,Lol no. U can trust me.,UCI-2011
ham,ok. I am a gentleman and will treat you with dignity and respect.,UCI-2011
ham,"He will, you guys close?",UCI-2011
ham,Going on nothing great.bye,UCI-2011
ham,Hello handsome ! Are you finding that job ? Not being lazy ? Working towards getting back that net for mummy ? Where's my boytoy now ? Does he miss me ?,UCI-2011
ham,"Haha awesome, be there in a minute",UCI-2011
spam,Please call our customer service representative on FREEPHONE 0808 145 4742 between 9am-11pm as you have WON a guaranteed £1000 cash or £5000 prize!,UCI-2011
ham,Have you got Xmas radio times. If not i will get it now,UCI-2011
ham,I jus reached home. I go bathe first. But my sis using net tell u when she finishes k...,UCI-2011
spam,Are you unique enough? Find out from 30th August. www.areyouunique.co.uk,UCI-2011
ham,I'm sorry. I've joined the league of people that dont keep in touch. You mean a great deal to me. You have been a friend at all times even at great personal cost. Do have a great week.|,UCI-2011
ham,Hi :)finally i completed the course:),UCI-2011
ham,It will stop on itself. I however suggest she stays with someone that will be able to give ors for every stool.,UCI-2011
ham,How are you doing? Hope you've settled in for the new school year. Just wishin you a gr8 day,UCI-2011
ham,Gud mrng dear hav a nice day,UCI-2011
ham,Did u got that persons story,UCI-2011
ham,is your hamster dead? Hey so tmr i meet you at 1pm orchard mrt? ,UCI-2011
ham,Hi its Kate how is your evening? I hope i can see you tomorrow for a bit but i have to bloody babyjontet! Txt back if u can. :) xxx,UCI-2011
ham,"Found it, ENC  &lt;#&gt; , where you at?",UCI-2011
ham,I sent you  &lt;#&gt;  bucks,UCI-2011
ham,Hello darlin ive finished college now so txt me when u finish if u can love Kate xxx,UCI-2011
ham,Your account has been refilled successfully by INR  &lt;DECIMAL&gt; . Your KeralaCircle prepaid account balance is Rs  &lt;DECIMAL&gt; . Your Transaction ID is KR &lt;#&gt; .,UCI-2011
ham,Goodmorning sleeping ga.,UCI-2011
ham,U call me alter at 11 ok.,UCI-2011
ham,Ü say until like dat i dun buy ericsson oso cannot oredi lar...,UCI-2011
ham,"As I entered my cabin my PA said, '' Happy B'day Boss !!''. I felt special. She askd me 4 lunch. After lunch she invited me to her apartment. We went there.",UCI-2011
ham,"Aight yo, dats straight dogg",UCI-2011
ham,You please give us connection today itself before  &lt;DECIMAL&gt;  or refund the bill,UCI-2011
ham,Both :) i shoot big loads so get ready!,UCI-2011
ham,"What's up bruv, hope you had a great break. Do have a rewarding semester.",UCI-2011
ham,Home so we can always chat,UCI-2011
ham,K:)k:)good:)study well.,UCI-2011
ham,Yup... How ü noe leh...,UCI-2011
ham,Sounds great! Are you home now?,UCI-2011
ham,Finally the match heading towards draw as your prediction.,UCI-2011
ham,Tired. I haven't slept well the past few nights.,UCI-2011
ham,Easy ah?sen got selected means its good..,UCI-2011
ham,I have to take exam with march 3,UCI-2011
ham,Yeah you should. I think you can use your gt atm now to register. Not sure but if there's anyway i can help let me know. But when you do be sure you are ready.,UCI-2011
ham,Ok no prob. Take ur time.,UCI-2011
ham,There is os called ubandu which will run without installing in hard disk...you can use that os to copy the important files in system and give it to repair shop..,UCI-2011
ham,"Sorry, I'll call later",UCI-2011
ham,U say leh... Of course nothing happen lar. Not say v romantic jus a bit only lor. I thk e nite scenery not so nice leh.,UCI-2011
spam,"500 New Mobiles from 2004, MUST GO! Txt: NOKIA to No: 89545 & collect yours today!From ONLY £1 www.4-tc.biz 2optout 087187262701.50gbp/mtmsg18",UCI-2011
ham,Would really appreciate if you call me. Just need someone to talk to.,UCI-2011
spam,"Will u meet ur dream partner soon? Is ur career off 2 a flyng start? 2 find out free, txt HORO followed by ur star sign, e. g. HORO ARIES",UCI-2011
ham,Hey company elama po mudyadhu.,UCI-2011
ham,"Life is more strict than teacher... Bcoz Teacher teaches lesson &amp; then conducts exam, But Life first conducts Exam &amp; then teaches Lessons. Happy morning. . .",UCI-2011
ham,Dear good morning now only i am up,UCI-2011
ham,Get down in gandhipuram and walk to cross cut road. Right side &lt;#&gt; street road and turn at first right.,UCI-2011
ham,Dear we are going to our rubber place,UCI-2011
ham,"Sorry battery died, yeah I'm here",UCI-2011
ham,Yes:)here tv is always available in work place..,UCI-2011
spam,Text & meet someone sexy today. U can find a date or even flirt its up to U. Join 4 just 10p. REPLY with NAME & AGE eg Sam 25. 18 -msg recd@thirtyeight pence,UCI-2011
ham,I have printed it oh. So  &lt;#&gt;  come upstairs,UCI-2011
ham,Or ill be a little closer like at the bus stop on the same street,UCI-2011
ham,Where are you?when wil you reach here?,UCI-2011
ham,"New Theory: Argument wins d SITUATION, but loses the PERSON. So dont argue with ur friends just.. . . . kick them &amp; say, I'm always correct.!",UCI-2011
spam,U 447801259231 have a secret admirer who is looking 2 make contact with U-find out who they R*reveal who thinks UR so special-call on 09058094597,UCI-2011
ham,Tomarrow final hearing on my laptop case so i cant.,UCI-2011
ham,PLEASSSSSSSEEEEEE TEL ME V AVENT DONE SPORTSx,UCI-2011
ham,"Okay. No no, just shining on. That was meant to be signing, but that sounds better.",UCI-2011
ham,"Although i told u dat i'm into baig face watches now but i really like e watch u gave cos it's fr u. Thanx 4 everything dat u've done today, i'm touched...",UCI-2011
ham,U don't remember that old commercial?,UCI-2011
ham,Too late. I said i have the website. I didn't i have or dont have the slippers,UCI-2011
ham,I asked you to call him now ok,UCI-2011
ham,Kallis wont bat in 2nd innings.,UCI-2011
ham,It didnt work again oh. Ok goodnight then. I.ll fix and have it ready by the time you wake up. You are very dearly missed have a good night sleep.,UCI-2011
spam,Congratulations ur awarded 500 of CD vouchers or 125gift guaranteed & Free entry 2 100 wkly draw txt MUSIC to 87066 TnCs www.Ldew.com1win150ppmx3age16,UCI-2011
ham,Ranjith cal drpd Deeraj and deepak 5min hold,UCI-2011
ham,"Wen ur lovable bcums angry wid u, dnt take it seriously.. Coz being angry is d most childish n true way of showing deep affection, care n luv!.. kettoda manda... Have nice day da.",UCI-2011
ham,What you doing?how are you?,UCI-2011
ham,"Ups which is 3days also, and the shipping company that takes 2wks. The other way is usps which takes a week but when it gets to lag you may have to bribe nipost to get your stuff.",UCI-2011
ham,"I'm back, lemme know when you're ready",UCI-2011
ham,Don't necessarily expect it to be done before you get back though because I'm just now headin out,UCI-2011
ham,Mmm so yummy babe ... Nice jolt to the suzy,UCI-2011
ham,Where are you lover ? I need you ...,UCI-2011
spam,We tried to contact you re your reply to our offer of a Video Handset? 750 anytime networks mins? UNLIMITED TEXT? Camcorder? Reply or call 08000930705 NOW,UCI-2011
ham,I‘m parked next to a MINI!!!! When are you coming in today do you think?,UCI-2011
ham,Yup,UCI-2011
ham,Anyway i'm going shopping on my own now. Cos my sis not done yet. Dun disturb u liao.,UCI-2011
ham,MY NO. IN LUTON 0125698789 RING ME IF UR AROUND! H*,UCI-2011
spam,Hey I am really horny want to chat or see me naked text hot to 69698 text charged at 150pm to unsubscribe text stop 69698,UCI-2011
ham,Why you Dint come with us.,UCI-2011
ham,Same. Wana plan a trip sometme then,UCI-2011
ham,"Not sure yet, still trying to get a hold of him",UCI-2011
spam,Ur ringtone service has changed! 25 Free credits! Go to club4mobiles.com to choose content now! Stop? txt CLUB STOP to 87070. 150p/wk Club4 PO Box1146 MK45 2WT,UCI-2011
ham,The evo. I just had to download flash. Jealous?,UCI-2011
spam,Ringtone Club: Get the UK singles chart on your mobile each week and choose any top quality ringtone! This message is free of charge.,UCI-2011
ham,"Come to mu, we're sorting out our narcotics situation",UCI-2011
ham,"Night has ended for another day, morning has come in a special way. May you smile like the sunny rays and leaves your worries at the blue blue bay.",UCI-2011
spam,HMV BONUS SPECIAL 500 pounds of genuine HMV vouchers to be won. Just answer 4 easy questions. Play Now! Send HMV to 86688 More info:www.100percent-real.com,UCI-2011
ham,"Usf I guess, might as well take 1 car",UCI-2011
ham,No objection. My bf not coming.,UCI-2011
ham,Thanx...,UCI-2011
ham,Tell rob to mack his gf in the theater,UCI-2011
ham,"Awesome, I'll see you in a bit",UCI-2011
ham,Just sent it. So what type of food do you like?,UCI-2011
ham,All done? All handed in? Celebrations in full swing yet?,UCI-2011
ham,You got called a tool?,UCI-2011
ham,"Wen u miss someone, the person is definitely special for u..... But if the person is so special, why to miss them, just Keep-in-touch gdeve..",UCI-2011
ham,Ok. I asked for money how far,UCI-2011
ham,Okie...,UCI-2011
ham,"Yeah I think my usual guy's still passed out from last night, if you get ahold of anybody let me know and I'll throw down",UCI-2011
ham,"K, I might come by tonight then if my class lets out early",UCI-2011
ham,Ok..,UCI-2011
ham,hi baby im cruisin with my girl friend what r u up 2? give me a call in and hour at home if thats alright or fone me on this fone now love jenny xxx,UCI-2011
ham,"My life Means a lot to me, Not because I love my life, But because I love the people in my life, The world calls them friends, I call them my World:-).. Ge:-)..",UCI-2011
ham,"Dear,shall mail tonite.busy in the street,shall update you tonite.things are looking ok.varunnathu edukkukayee raksha ollu.but a good one in real sense.",UCI-2011
ham,Hey you told your name to gautham ah?,UCI-2011
ham,Haf u found him? I feel so stupid da v cam was working.,UCI-2011
ham,Oops. 4 got that bit.,UCI-2011
ham,Are you this much buzy,UCI-2011
ham,I accidentally deleted the message. Resend please.,UCI-2011
spam,T-Mobile customer you may now claim your FREE CAMERA PHONE upgrade & a pay & go sim card for your loyalty. Call on 0845 021 3680.Offer ends 28thFeb.T&C's apply,UCI-2011
ham,Unless it's a situation where YOU GO GURL would be more appropriate,UCI-2011
ham,Hurt me... Tease me... Make me cry... But in the end of my life when i die plz keep one rose on my grave and say STUPID I MISS U.. HAVE A NICE DAY BSLVYL,UCI-2011
ham,I cant pick the phone right now. Pls send a message,UCI-2011
ham,Need a coffee run tomo?Can't believe it's that time of week already,UCI-2011
ham,"Awesome, I remember the last time we got somebody high for the first time with diesel :V",UCI-2011
ham,"Shit that is really shocking and scary, cant imagine for a second. Def up for night out. Do u think there is somewhere i could crash for night, save on taxi?",UCI-2011
ham,Oh and by the way you do have more food in your fridge! Want to go out for a meal tonight? ,UCI-2011
ham,He is a womdarfull actor,UCI-2011
spam,"SMS. ac Blind Date 4U!: Rodds1 is 21/m from Aberdeen, United Kingdom. Check Him out http://img. sms. ac/W/icmb3cktz8r7!-4 no Blind Dates send HIDE",UCI-2011
ham,Yup... From what i remb... I think should be can book... ,UCI-2011
ham,Jos ask if u wana meet up?,UCI-2011
ham,Lol yes. Our friendship is hanging on a thread cause u won't buy stuff.,UCI-2011
spam,"TheMob> Check out our newest selection of content, Games, Tones, Gossip, babes and sport, Keep your mobile fit and funky text WAP to 82468",UCI-2011
ham,Where are the garage keys? They aren't on the bookshelf,UCI-2011
ham,Today is ACCEPT DAY..U Accept me as? Brother Sister Lover Dear1 Best1 Clos1 Lvblefrnd Jstfrnd Cutefrnd Lifpartnr Belovd Swtheart Bstfrnd No rply means enemy,UCI-2011
spam,"Think ur smart ? Win £200 this week in our weekly quiz, text PLAY to 85222 now!T&Cs WinnersClub PO BOX 84, M26 3UZ. 16+. GBP1.50/week",UCI-2011
ham,He says he'll give me a call when his friend's got the money but that he's definitely buying before the end of the week,UCI-2011
ham,"Hi the way I was with u 2day, is the normal way&this is the real me. UR unique&I hope I know u 4 the rest of mylife. Hope u find wot was lost.",UCI-2011
ham,You made my day. Do have a great day too.,UCI-2011
ham,K.k:)advance happy pongal.,UCI-2011
ham,"Hmmm... Guess we can go 4 kb n power yoga... Haha, dunno we can tahan power yoga anot... Thk got lo oso, forgot liao...",UCI-2011
ham,"Not really dude, have no friends i'm afraid :(",UCI-2011
spam,December only! Had your mobile 11mths+? You are entitled to update to the latest colour camera mobile for Free! Call The Mobile Update Co FREE on 08002986906,UCI-2011
ham,"Coffee cake, i guess...",UCI-2011
ham,"Merry Christmas to you too babe, i love ya *kisses*",UCI-2011
ham,Hey... Why dont we just go watch x men and have lunch... Haha ,UCI-2011
ham,cud u tell ppl im gona b a bit l8 cos 2 buses hav gon past cos they were full & im still waitin 4 1. Pete x,UCI-2011
ham,That would be great. We'll be at the Guild. Could meet on Bristol road or somewhere - will get in touch over weekend. Our plans take flight! Have a good week,UCI-2011
ham,No problem. How are you doing?,UCI-2011
ham,No calls..messages..missed calls,UCI-2011
ham,Hi da:)how is the todays class?,UCI-2011
ham,"I'd say that's a good sign but, well, you know my track record at reading women",UCI-2011
ham,"Cool, text me when you're parked",UCI-2011
ham,I'm reading the text i just sent you. Its meant to be a joke. So read it in that light,UCI-2011
ham,K.k:)apo k.good movie.,UCI-2011
ham,Maybe i could get book out tomo then return it immediately ..? Or something.,UCI-2011
spam,Call Germany for only 1 pence per minute! Call from a fixed line via access number 0844 861 85 85. No prepayment. Direct access!,UCI-2011
ham,Any chance you might have had with me evaporated as soon as you violated my privacy by stealing my phone number from your employer's paperwork. Not cool at all. Please do not contact me again or I will report you to your supervisor.,UCI-2011
spam,Valentines Day Special! Win over £1000 in our quiz and take your partner on the trip of a lifetime! Send GO to 83600 now. 150p/msg rcvd. CustCare:08718720201.,UCI-2011
ham,"Ta-Daaaaa! I am home babe, are you still up ?",UCI-2011
ham,Cool. So how come you havent been wined and dined before?,UCI-2011
ham,Just sleeping..and surfing,UCI-2011
ham,"Sorry, I'll call later",UCI-2011
ham,U calling me right? Call my hand phone...,UCI-2011
ham,Ok that's great thanx a lot.,UCI-2011
ham,I take it the post has come then! You must have 1000s of texts now! Happy reading. My one from wiv hello caroline at the end is my favourite. Bless him,UCI-2011
ham,Where u been hiding stranger?,UCI-2011
ham,Am not interested to do like that.,UCI-2011
ham,My sister cleared two round in birla soft yesterday.,UCI-2011
ham,Gudnite....tc...practice going on,UCI-2011
ham,Dis is yijue. I jus saw ur mail. In case huiming havent sent u my num. Dis is my num.,UCI-2011
ham,One small prestige problem now.,UCI-2011
spam,Fancy a shag? I do.Interested? sextextuk.com txt XXUK SUZY to 69876. Txts cost 1.50 per msg. TnCs on website. X,UCI-2011
ham,Just checking in on you. Really do miss seeing Jeremiah. Do have a great month,UCI-2011
ham,"Nah can't help you there, I've never had an iphone",UCI-2011
ham,If you're not in my car in an hour and a half I'm going apeshit,UCI-2011
ham,"TODAY is Sorry day.! If ever i was angry with you, if ever i misbehaved or hurt you? plz plz JUST SLAP URSELF Bcoz, Its ur fault, I'm basically GOOD",UCI-2011
ham,Yo you guys ever figure out how much we need for alcohol? Jay and I are trying to figure out how much we can safely spend on weed,UCI-2011
ham,&lt;#&gt; ISH MINUTES WAS 5 MINUTES AGO. WTF.,UCI-2011
ham,"Thank You for calling.Forgot to say Happy Onam to you Sirji.I am fine here and remembered you when i met an insurance person.Meet You in Qatar Insha Allah.Rakhesh, ex Tata AIG who joined TISSCO,Tayseer.",UCI-2011
spam,Congratulations ur awarded 500 of CD vouchers or 125gift guaranteed & Free entry 2 100 wkly draw txt MUSIC to 87066 TnCs www.Ldew.com1win150ppmx3age16,UCI-2011
spam,Ur cash-balance is currently 500 pounds - to maximize ur cash-in now send CASH to 86688 only 150p/msg. CC: 08708800282 HG/Suite342/2Lands Row/W1J6HL,UCI-2011
ham,"I'm an actor. When i work, i work in the evening and sleep late. Since i'm unemployed at the moment, i ALWAYS sleep late. When you're unemployed, every day is saturday.",UCI-2011
ham,"Hello! Just got here, st andrews-boy its a long way! Its cold. I will keep you posted",UCI-2011
ham,Ha ha cool cool chikku chikku:-):-DB-),UCI-2011
ham,Oh ok no prob..,UCI-2011
ham,Check audrey's status right now,UCI-2011
ham,Busy here. Trying to finish for new year. I am looking forward to finally meeting you...,UCI-2011
ham,"Good afternoon sunshine! How dawns that day ? Are we refreshed and happy to be alive? Do we breathe in the air and smile ? I think of you, my love ... As always",UCI-2011
ham,Well i know Z will take care of me. So no worries.,UCI-2011
spam,"Update_Now - Xmas Offer! Latest Motorola, SonyEricsson & Nokia & FREE Bluetooth! Double Mins & 1000 Txt on Orange. Call MobileUpd8 on 08000839402 or call2optout/F4Q=",UCI-2011
spam,Here is your discount code RP176781. To stop further messages reply stop. www.regalportfolio.co.uk. Customer Services 08717205546,UCI-2011
ham,Wat uniform? In where get?,UCI-2011
ham,"Cool, text me when you're ready",UCI-2011
ham,"Hello my boytoy ... Geeee I miss you already and I just woke up. I wish you were here in bed with me, cuddling me. I love you ...",UCI-2011
ham,I will spoil you in bed as well :),UCI-2011
ham,I'm going for bath will msg you next  &lt;#&gt;  min..,UCI-2011
ham,I cant keep talking to people if am not sure i can pay them if they agree to price. So pls tell me what you want to really buy and how much you are willing to pay,UCI-2011
spam,"Thanks for your Ringtone Order, Reference T91. You will be charged GBP 4 per week. You can unsubscribe at anytime by calling customer services on 09057039994",UCI-2011
ham,Can you say what happen,UCI-2011
ham,You could have seen me..i did't recognise you Face.:),UCI-2011
ham,Well there's not a lot of things happening in Lindsay on New years *sighs* Some bars in Ptbo and the blue heron has something going,UCI-2011
ham,Keep my payasam there if rinu brings,UCI-2011
ham,I taught that Ranjith sir called me. So only i sms like that. Becaus hes verifying about project. Prabu told today so only pa dont mistake me..,UCI-2011
ham,"I guess that's why you re worried. You must know that there's a way the body repairs itself. And i'm quite sure you shouldn't worry. We'll take it slow. First the tests, they will guide when your ovulation is then just relax. Nothing you've said is a reason to worry but i.ll keep on followin you up.",UCI-2011
ham,"Yeah sure, give me a couple minutes to track down my wallet",UCI-2011
ham,Hey leave it. not a big deal:-) take care.,UCI-2011
ham,Hey i will be late ah... Meet you at 945+,UCI-2011
spam,"Double mins and txts 4 6months FREE Bluetooth on Orange. Available on Sony, Nokia Motorola phones. Call MobileUpd8 on 08000839402 or call2optout/N9DX",UCI-2011
ham,It took Mr owl 3 licks,UCI-2011
ham,Customer place i will call you.,UCI-2011
ham,Mm that time you dont like fun,UCI-2011
spam,4mths half price Orange line rental & latest camera phones 4 FREE. Had your phone 11mths ? Call MobilesDirect free on 08000938767 to update now! or2stoptxt,UCI-2011
ham,Yup having my lunch buffet now.. U eat already?,UCI-2011
ham,Huh so late... Fr dinner?,UCI-2011
ham,Hey so this sat are we going for the intro pilates only? Or the kickboxing too? ,UCI-2011
ham,Morning only i can ok.,UCI-2011
ham,Yes i think so. I am in office but my lap is in room i think thats on for the last few days. I didnt shut that down,UCI-2011
ham,Pick you up bout 7.30ish? What time are  and that going?,UCI-2011
ham,From here after The performance award is calculated every two month.not for current one month period..,UCI-2011
ham,Was actually sleeping and still might when u call back. So a text is gr8. You rock sis. Will send u a text wen i wake.,UCI-2011
ham,"You are always putting your business out there. You put pictures of your ass on facebook. You are one of the most open people i've ever met. Why would i think a picture of your room would hurt you, make you feel violated.",UCI-2011
ham,"Good evening Sir, Al Salam Wahleykkum.sharing a happy news.By the grace of God, i got an offer from Tayseer,TISSCO and i joined.Hope you are fine.Inshah Allah,meet you sometime.Rakhesh,visitor from India.",UCI-2011
ham,Hmmm...k...but i want to change the field quickly da:-)i wanna get system administrator or network administrator..,UCI-2011
spam,"FREE RINGTONE text FIRST to 87131 for a poly or text GET to 87131 for a true tone! Help? 0845 2814032 16 after 1st free, tones are 3x£150pw to e£nd txt stop",UCI-2011
ham,Dear how is chechi. Did you talk to her,UCI-2011
ham,The hair cream has not been shipped.,UCI-2011
ham,None of that's happening til you get here though,UCI-2011
ham,"Yep, the great loxahatchee xmas tree burning of  &lt;#&gt;  starts in an hour",UCI-2011
ham,"Haha get used to driving to usf man, I know a lot of stoners",UCI-2011
ham,All was well until slightly disastrous class this pm with my fav darlings! Hope day off ok. Coffee wld be good as can't stay late tomorrow. Same time + place as always?,UCI-2011
ham,Hello! Good week? Fancy a drink or something later?,UCI-2011
ham,Headin towards busetop,UCI-2011
ham,Message:some text missing* Sender:Name Missing* *Number Missing *Sent:Date missing *Missing U a lot thats y everything is missing sent via fullonsms.com,UCI-2011
ham,Come by our room at some point so we can iron out the plan for this weekend,UCI-2011
ham,Cos i want it to be your thing,UCI-2011
ham,"Okies... I'll go yan jiu too... We can skip ard oso, go cine den go mrt one, blah blah blah... ",UCI-2011
ham,Bring home some Wendy =D,UCI-2011
spam,100 dating service cal;l 09064012103 box334sk38ch,UCI-2011
ham,Whatsup there. Dont u want to sleep,UCI-2011
ham,Alright i have a new goal now,UCI-2011
spam,FREE entry into our £250 weekly competition just text the word WIN to 80086 NOW. 18 T&C www.txttowin.co.uk,UCI-2011
ham,"Alright, I'll head out in a few minutes, text me where to meet you",UCI-2011
spam,Send a logo 2 ur lover - 2 names joined by a heart. Txt LOVE NAME1 NAME2 MOBNO eg LOVE ADAM EVE 07123456789 to 87077 Yahoo! POBox36504W45WQ TxtNO 4 no ads 150p,UCI-2011
ham,Yes:)from last week itself i'm taking live call.,UCI-2011
spam,Someone has contacted our dating service and entered your phone because they fancy you! To find out who it is call from a landline 09111032124 . PoBox12n146tf150p,UCI-2011
ham,Siva is in hostel aha:-.,UCI-2011
spam,URGENT! Your Mobile number has been awarded with a £2000 prize GUARANTEED. Call 09058094455 from land line. Claim 3030. Valid 12hrs only,UCI-2011
ham,Send this to ur friends and receive something about ur voice..... How is my speaking expression? 1.childish 2.naughty 3.Sentiment 4.rowdy 5.ful of attitude 6.romantic 7.shy 8.Attractive 9.funny  &lt;#&gt; .irritating  &lt;#&gt; .lovable. reply me..,UCI-2011
ham,Ok. She'll be ok. I guess,UCI-2011
ham,aathi..where are you dear..,UCI-2011
ham,Any pain on urination any thing else?,UCI-2011
ham,7 at esplanade.. Do ü mind giving me a lift cos i got no car today..,UCI-2011
ham,I wnt to buy a BMW car urgently..its vry urgent.but hv a shortage of  &lt;#&gt; Lacs.there is no source to arng dis amt. &lt;#&gt; lacs..thats my prob,UCI-2011
ham,At home watching tv lor.,UCI-2011
ham,Does she usually take fifteen fucking minutes to respond to a yes or no question,UCI-2011
spam,Congrats! Nokia 3650 video camera phone is your Call 09066382422 Calls cost 150ppm Ave call 3mins vary from mobiles 16+ Close 300603 post BCM4284 Ldn WC1N3XX,UCI-2011
ham,Booked ticket for pongal?,UCI-2011
ham,You available now? I'm like right around hillsborough &amp;  &lt;#&gt; th,UCI-2011
ham,The message sent is askin for  &lt;#&gt; dollars. Shoul i pay  &lt;#&gt;  or  &lt;#&gt; ?,UCI-2011
ham,"Ask g or iouri, I've told the story like ten times already",UCI-2011
ham,How long does applebees fucking take,UCI-2011
ham,"Hi hope u get this txt~journey hasnt been gd,now about 50 mins late I think.",UCI-2011
ham,But i have to. I like to have love and arrange.,UCI-2011
ham,Yes..he is really great..bhaji told kallis best cricketer after sachin in world:).very tough to get out.,UCI-2011
ham,You were supposed to wake ME up &gt;:(,UCI-2011
ham,Oic... I saw him too but i tot he din c me... I found a group liao...,UCI-2011
ham,"Sorry, I'll call later",UCI-2011
ham,"HEY HEY WERETHE MONKEESPEOPLE SAY WE MONKEYAROUND! HOWDY GORGEOUS, HOWU DOIN? FOUNDURSELF A JOBYET SAUSAGE?LOVE JEN XXX",UCI-2011
ham,"Sorry, my battery died, I can come by but I'm only getting a gram for now, where's your place?",UCI-2011
ham,"Well done, blimey, exercise, yeah, i kinda remember wot that is, hmm. ",UCI-2011
ham,I wont get concentration dear you know you are my mind and everything :-),UCI-2011
ham,LOL ... Have you made plans for new years?,UCI-2011
ham,10 min later k...,UCI-2011
ham,hanks lotsly!,UCI-2011
ham,Thanks for this hope you had a good day today,UCI-2011
ham,K:)k:)what are detail you want to transfer?acc no enough?,UCI-2011
ham,Ok i will tell her to stay out. Yeah its been tough but we are optimistic things will improve this month.,UCI-2011
spam,"Loan for any purpose £500 - £75,000. Homeowners + Tenants welcome. Have you been previously refused? We can still help. Call Free 0800 1956669 or text back 'help'",UCI-2011
ham,Si si. I think ill go make those oreo truffles.,UCI-2011
ham,"LOOK AT AMY URE A BEAUTIFUL, INTELLIGENT WOMAN AND I LIKE U A LOT. I KNOW U DONT LIKE ME LIKE THAT SO DONT WORRY.",UCI-2011
ham,I hope you that's the result of being consistently intelligent and kind. Start asking him about practicum links and keep your ears open and all the best. ttyl,UCI-2011
ham,"1.20 that call cost. Which i guess isnt bad. Miss ya, need ya, want ya, love ya",UCI-2011
ham,Going thru a very different feeling.wavering decisions and coping up with the same is the same individual.time will heal everything i believe.,UCI-2011
ham,Where did u go? My phone is gonna die you have to stay in here,UCI-2011
ham,Great. Never been better. Each day gives even more reasons to thank God,UCI-2011
spam,"UpgrdCentre Orange customer, you may now claim your FREE CAMERA PHONE upgrade for your loyalty. Call now on 0207 153 9153. Offer ends 26th July. T&C's apply. Opt-out available",UCI-2011
ham,"Sorry, I'll call later ok bye",UCI-2011
ham,Ok i am on the way to railway,UCI-2011
ham,great princess! I love giving and receiving oral. Doggy style is my fave position. How about you? I enjoy making love  &lt;#&gt;  times per night :),UCI-2011
ham,They don't put that stuff on the roads to keep it from getting slippery over there?,UCI-2011
ham,When are you going to ride your bike?,UCI-2011
ham,"Yup, no need. I'll jus wait 4 e rain 2 stop.",UCI-2011
ham,There are many company. Tell me the language.,UCI-2011
spam,okmail: Dear Dave this is your final notice to collect your 4* Tenerife Holiday or #5000 CASH award! Call 09061743806 from landline. TCs SAE Box326 CW25WX 150ppm,UCI-2011
ham,"How long has it been since you screamed, princess?",UCI-2011
ham,"Nothing. I meant that once the money enters your account here, the bank will remove its flat rate. Someone transfered  &lt;#&gt;  to my account and  &lt;#&gt; dollars got removed. So the banks differ and charges also differ.be sure you trust the 9ja person you are sending account details to cos...",UCI-2011
spam,Want 2 get laid tonight? Want real Dogging locations sent direct 2 ur Mob? Join the UK's largest Dogging Network by txting MOAN to 69888Nyt. ec2a. 31p.msg@150p,UCI-2011
ham,Nice line said by a broken heart- Plz don't cum 1 more times infront of me... Other wise once again I ll trust U... Good 9t:),UCI-2011
ham,Ok I'm gonna head up to usf in like fifteen minutes,UCI-2011
ham,Love you aathi..love u lot..,UCI-2011
ham,Tension ah?what machi?any problem?,UCI-2011
ham,"K, can I pick up another 8th when you're done?",UCI-2011
ham,When're you guys getting back? G said you were thinking about not staying for mcr,UCI-2011
ham,"Almost there, see u in a sec",UCI-2011
ham,"Yo carlos, a few friends are already asking me about you, you working at all this weekend?",UCI-2011
ham,Watching tv lor...,UCI-2011
ham,Thank you baby! I cant wait to taste the real thing...,UCI-2011
ham,You should change your fb to jaykwon thuglyfe falconerf,UCI-2011
ham,If we win its really no 1 side for long time.,UCI-2011
spam,"FREE MESSAGE Activate your 500 FREE Text Messages by replying to this message with the word FREE For terms & conditions, visit www.07781482378.com",UCI-2011
ham,Dear reached railway. What happen to you,UCI-2011
ham,"Depends on quality. If you want the type i sent boye, faded glory, then about 6. If you want ralphs maybe 2",UCI-2011
ham,I think i've fixed it can you send a test message?,UCI-2011
ham,"Sorry man my account's dry or I would, if you want we could trade back half or I could buy some shit with my credit card",UCI-2011
spam,"Congrats! 1 year special cinema pass for 2 is yours. call 09061209465 now! C Suprman V, Matrix3, StarWars3, etc all 4 FREE! bx420-ip4-5we. 150pm. Dont miss out!",UCI-2011
ham,"Sorry,in meeting I'll call later",UCI-2011
ham,What class of  &lt;#&gt;  reunion?,UCI-2011
ham,Are you free now?can i call now?,UCI-2011
ham,Got meh... When?,UCI-2011
ham,Nope... Think i will go for it on monday... Sorry i replied so late,UCI-2011
ham,Some of them told accenture is not confirm. Is it true.,UCI-2011
ham,"Kate jackson rec center before 7ish, right?",UCI-2011
ham,Dear i have reache room,UCI-2011
ham,"Fighting with the world is easy, u either win or lose bt fightng with some1 who is close to u is dificult if u lose - u lose if u win - u still lose.",UCI-2011
ham,When can ü come out?,UCI-2011
ham,Check with nuerologist.,UCI-2011
ham,Lolnice. I went from a fish to ..water.?,UCI-2011
spam,+123 Congratulations - in this week's competition draw u have won the £1450 prize to claim just call 09050002311 b4280703. T&Cs/stop SMS 08718727868. Over 18 only 150ppm,UCI-2011
ham,No it's waiting in e car dat's bored wat. Cos wait outside got nothing 2 do. At home can do my stuff or watch tv wat.,UCI-2011
ham,"Maybe westshore or hyde park village, the place near my house?",UCI-2011
ham,You should know now. So how's anthony. Are you bringing money. I've school fees to pay and rent and stuff like that. Thats why i need your help. A friend in need....|,UCI-2011
ham,What's the significance?,UCI-2011
ham,Your opinion about me? 1. Over 2. Jada 3. Kusruthi 4. Lovable 5. Silent 6. Spl character 7. Not matured 8. Stylish 9. Simple Pls reply..,UCI-2011
ham,"8 at the latest, g's still there if you can scrounge up some ammo and want to give the new ak a try",UCI-2011
ham,Prabha..i'm soryda..realy..frm heart i'm sory,UCI-2011
ham,Lol ok your forgiven :),UCI-2011
ham,No..jst change tat only..,UCI-2011
spam,"You are guaranteed the latest Nokia Phone, a 40GB iPod MP3 player or a £500 prize! Txt word: COLLECT to No: 83355! IBHltd LdnW15H 150p/Mtmsgrcvd18+",UCI-2011
ham,S:)no competition for him.,UCI-2011
spam,Boltblue tones for 150p Reply POLY# or MONO# eg POLY3 1. Cha Cha Slide 2. Yeah 3. Slow Jamz 6. Toxic 8. Come With Me or STOP 4 more tones txt MORE,UCI-2011
spam,Your credits have been topped up for http://www.bubbletext.com Your renewal Pin is tgxxrz,UCI-2011
ham,"That way transport is less problematic than on sat night. By the way, if u want to ask  n  to join my bday, feel free. But need to know definite nos as booking on fri. ",UCI-2011
ham,Usually the person is unconscious that's in children but in adults they may just behave abnormally. I.ll call you now,UCI-2011
ham,But that's on ebay it might be less elsewhere.,UCI-2011
ham,Shall i come to get pickle,UCI-2011
ham,Were gonna go get some tacos,UCI-2011
ham,"That's very rude, you on campus?",UCI-2011
spam,"URGENT!: Your Mobile No. was awarded a £2,000 Bonus Caller Prize on 02/09/03! This is our 2nd attempt to contact YOU! Call 0871-872-9755 BOX95QU",UCI-2011
ham,Hi i won't b ard 4 christmas. But do enjoy n merry x'mas.,UCI-2011
spam,"Today's Offer! Claim ur £150 worth of discount vouchers! Text YES to 85023 now! SavaMob, member offers mobile! T Cs 08717898035. £3.00 Sub. 16 . Unsub reply X",UCI-2011
ham,Yes! How is a pretty lady like you single?,UCI-2011
spam,You will recieve your tone within the next 24hrs. For Terms and conditions please see Channel U Teletext Pg 750,UCI-2011
ham,Jay says that you're a double-faggot,UCI-2011
spam,PRIVATE! Your 2003 Account Statement for 07815296484 shows 800 un-redeemed S.I.M. points. Call 08718738001 Identifier Code 41782 Expires 18/11/04 ,UCI-2011
ham,What Today-sunday..sunday is holiday..so no work..,UCI-2011
ham,Gudnite....tc...practice going on,UCI-2011
ham,I'll be late...,UCI-2011
ham,"I've not called you in a while. This is hoping it was l8r malaria and that you know that we miss you guys. I miss Bani big, so pls give her my love especially. Have a great day.",UCI-2011
ham,"Good afternoon, my love! How goes that day ? I hope maybe you got some leads on a job. I think of you, boytoy and send you a passionate kiss from across the sea",UCI-2011
ham,"Probably gonna be here for a while, see you later tonight &lt;)",UCI-2011
ham,Or maybe my fat fingers just press all these buttons and it doesn't know what to do.,UCI-2011
ham,Ummmmmaah Many many happy returns of d day my dear sweet heart.. HAPPY BIRTHDAY dear,UCI-2011
ham,"I am in tirupur da, once you started from office call me.",UCI-2011
spam,from www.Applausestore.com MonthlySubscription@50p/msg max6/month T&CsC web age16 2stop txt stop,UCI-2011
ham,"A famous quote : when you develop the ability to listen to 'anything' unconditionally without losing your temper or self confidence, it means you are ......... 'MARRIED'",UCI-2011
ham,But am going to college pa. What to do. are else ill come there it self. Pa.,UCI-2011
ham,4 oclock at mine. Just to bash out a flat plan.,UCI-2011
ham,This girl does not stay in bed. This girl doesn't need recovery time. Id rather pass out while having fun then be cooped up in bed,UCI-2011
ham,Then any special there?,UCI-2011
ham,I know but you need to get hotel now. I just got my invitation but i had to apologise. Cali is to sweet for me to come to some english bloke's weddin,UCI-2011
ham,"Sorry that took so long, omw now",UCI-2011
ham,Wait  &lt;#&gt;  min..,UCI-2011
ham,Ok give me 5 minutes I think I see her. BTW you're my alibi. You were cutting my hair the whole time.,UCI-2011
ham,"Imagine you finally get to sink into that bath after I have put you through your paces, maybe even having you eat me for a while before I left ... But also imagine the feel of that cage on your cock surrounded by the bath water, reminding you always who owns you ... Enjoy, my cuck",UCI-2011
ham,"Hurry up, I've been weed-deficient for like three days",UCI-2011
ham,"Sure, if I get an acknowledgement from you that it's astoundingly tactless and generally faggy to demand a blood oath fo",UCI-2011
ham,Ok. Every night take a warm bath drink a cup of milk and you'll see a work of magic. You still need to loose weight. Just so that you know,UCI-2011
ham,I‘ll have a look at the frying pan in case it‘s cheap or a book perhaps. No that‘s silly a frying pan isn‘t likely to be a book,UCI-2011
ham,O. Well uv causes mutations. Sunscreen is like essential thesedays,UCI-2011
ham,Having lunch:)you are not in online?why?,UCI-2011
ham,I know that my friend already told that.,UCI-2011
ham,Hi Princess! Thank you for the pics. You are very pretty. How are you?,UCI-2011
ham,"Aiyo... U always c our ex one... I dunno abt mei, she haven reply... First time u reply so fast... Y so lucky not workin huh, got bao by ur sugardad ah...gee.. ",UCI-2011
ham,Hi msg me:)i'm in office..,UCI-2011
ham,Thanx 4 e brownie it's v nice...,UCI-2011
ham,Geeeee ... I love you so much I can barely stand it,UCI-2011
spam,GENT! We are trying to contact you. Last weekends draw shows that you won a £1000 prize GUARANTEED. Call 09064012160. Claim Code K52. Valid 12hrs only. 150ppm ,UCI-2011
ham,"Fuck babe ... I miss you already, you know ? Can't you let me send you some money towards your net ? I need you ... I want you ... I crave you ...",UCI-2011
ham,"Ill call u 2mrw at ninish, with my address that icky American freek wont stop callin me 2 bad Jen k eh?",UCI-2011
ham,Oooh bed ridden ey? What are YOU thinking of?,UCI-2011
ham,"So anyways, you can just go to your gym or whatever, my love *smiles* I hope your ok and having a good day babe ... I miss you so much already",UCI-2011
ham,Love it! Daddy will make you scream with pleasure! I am going to slap your ass with my dick!,UCI-2011
ham,WOT U WANNA DO THEN MISSY?,UCI-2011
ham,Yar lor wait 4 my mum 2 finish sch then have lunch lor... I whole morning stay at home clean my room now my room quite clean... Hee...,UCI-2011
ham,Do you know where my lab goggles went,UCI-2011
ham,Can you open the door?,UCI-2011
ham,Waiting for your call.,UCI-2011
ham,Nope i waiting in sch 4 daddy... ,UCI-2011
spam,"You have won ?1,000 cash or a ?2,000 prize! To claim, call09050000327",UCI-2011
ham,"I'm tired of arguing with you about this week after week. Do what you want and from now on, i'll do the same.",UCI-2011
ham,Ü wait 4 me in sch i finish ard 5..,UCI-2011
spam,"our mobile number has won £5000, to claim calls us back or ring the claims hot line on 09050005321.",UCI-2011
ham,"Arngd marriage is while u r walkin unfortuntly a snake bites u. bt love marriage is dancing in frnt of d snake &amp; sayin Bite me, bite me.",UCI-2011
ham,Huh so early.. Then ü having dinner outside izzit?,UCI-2011
ham,Ok anyway no need to change with what you said,UCI-2011
spam,We tried to contact you re your reply to our offer of 750 mins 150 textand a new video phone call 08002988890 now or reply for free delivery tomorrow,UCI-2011
ham,my ex-wife was not able to have kids. Do you want kids one day?,UCI-2011
ham,So how's scotland. Hope you are not over showing your JJC tendencies. Take care. Live the dream,UCI-2011
ham,Tell them u have a headache and just want to use 1 hour of sick time.,UCI-2011
ham,"I dun thk i'll quit yet... Hmmm, can go jazz ? Yogasana oso can... We can go meet em after our lessons den... ",UCI-2011
ham,Pete can you please ring meive hardly gotany credit,UCI-2011
ham,Ya srsly better than yi tho,UCI-2011
ham,"I'm in a meeting, call me later at",UCI-2011
spam,"For ur chance to win a £250 wkly shopping spree TXT: SHOP to 80878. T's&C's www.txt-2-shop.com custcare 08715705022, 1x150p/wk",UCI-2011
spam,You have been specially selected to receive a 2000 pound award! Call 08712402050 BEFORE the lines close. Cost 10ppm. 16+. T&Cs apply. AG Promo,UCI-2011
spam,PRIVATE! Your 2003 Account Statement for 07753741225 shows 800 un-redeemed S. I. M. points. Call 08715203677 Identifier Code: 42478 Expires 24/10/04,UCI-2011
ham,You still at grand prix?,UCI-2011
ham,"I met you as a stranger and choose you as my friend. As long as the world stands, our friendship never ends. Lets be Friends forever!!! Gud nitz...",UCI-2011
ham,I am great! How are you?,UCI-2011
ham,Gud mrng dear have a nice day,UCI-2011
spam,You have an important customer service announcement. Call FREEPHONE 0800 542 0825 now!,UCI-2011
ham,Will do. Was exhausted on train this morning. Too much wine and pie. You sleep well too,UCI-2011
ham,I'm going out to buy mum's present ar.,UCI-2011
ham,Mind blastin.. No more Tsunamis will occur from now on.. Rajnikant stopped swimming in Indian Ocean..:-D,UCI-2011
ham,If u sending her home first it's ok lor. I'm not ready yet.,UCI-2011
ham,Speaking of does he have any cash yet?,UCI-2011
ham,Be happy there. I will come after noon,UCI-2011
ham,Meet after lunch la...,UCI-2011
ham,TaKe CaRE n gET WeLL sOOn,UCI-2011
spam,XCLUSIVE@CLUBSAISAI 2MOROW 28/5 SOIREE SPECIALE ZOUK WITH NICHOLS FROM PARIS.FREE ROSES 2 ALL LADIES !!! info: 07946746291/07880867867 ,UCI-2011
ham,what I meant to say is cant wait to see u again getting bored of this bridgwater banter,UCI-2011
ham,Neva mind it's ok..,UCI-2011
ham,"It's fine, imma get a drink or somethin. Want me to come find you?",UCI-2011
spam,22 days to kick off! For Euro2004 U will be kept up to date with the latest news and results daily. To be removed send GET TXT STOP to 83222,UCI-2011
ham,Its a valentine game. . . Send dis msg to all ur friends. .. If 5 answers r d same then someone really loves u. Ques- which colour suits me the best?rply me,UCI-2011
ham,I have many dependents,UCI-2011
ham,THANX4 TODAY CER IT WAS NICE 2 CATCH UP BUT WE AVE 2 FIND MORE TIME MORE OFTEN OH WELL TAKE CARE C U SOON.C,UCI-2011
ham,I called and said all to him:)then he have to choose this future.,UCI-2011
ham,Happy valentines day I know its early but i have hundreds of handsomes and beauties to wish. So i thought to finish off aunties and uncles 1st...,UCI-2011
ham,He like not v shock leh. Cos telling shuhui is like telling leona also. Like dat almost all know liao. He got ask me abt ur reaction lor.,UCI-2011
ham,For my family happiness..,UCI-2011
ham,I come n pick ü up... Come out immediately aft ur lesson...,UCI-2011
ham,Let there be snow. Let there be snow. This kind of weather brings ppl together so friendships can grow.,UCI-2011
ham,Dear we got  &lt;#&gt;  dollars hi hi,UCI-2011
ham,Good words.... But words may leave u in dismay many times.,UCI-2011
ham,MAKE SURE ALEX KNOWS HIS BIRTHDAY IS OVER IN FIFTEEN MINUTES AS FAR AS YOU'RE CONCERNED,UCI-2011
ham,"sorry, no, have got few things to do. may be in pub later.",UCI-2011
ham,"Nah it's straight, if you can just bring bud or drinks or something that's actually a little more useful than straight cash",UCI-2011
ham,"Haha good to hear, I'm officially paid and on the market for an 8th",UCI-2011
ham,How many licks does it take to get to the center of a tootsie pop?,UCI-2011
ham,Yup i thk they r e teacher said that will make my face look longer. Darren ask me not 2 cut too short.,UCI-2011
spam,New TEXTBUDDY Chat 2 horny guys in ur area 4 just 25p Free 2 receive Search postcode or at gaytextbuddy.com. TXT ONE name to 89693,UCI-2011
spam,Todays Vodafone numbers ending with 4882 are selected to a receive a £350 award. If your number matches call 09064019014 to receive your £350 award.,UCI-2011
ham,Please dont say like that. Hi hi hi,UCI-2011
ham,Thank u!,UCI-2011
ham,Oh that was a forwarded message. I thought you send that to me,UCI-2011
ham,Got it. Seventeen pounds for seven hundred ml – hope ok.,UCI-2011
spam,"Dear Voucher Holder, 2 claim this weeks offer, at your PC go to http://www.e-tlp.co.uk/expressoffer Ts&Cs apply.2 stop texts txt STOP to 80062.",UCI-2011
ham,Me n him so funny...,UCI-2011
ham,"Sweetheart, hope you are not having that kind of day! Have one with loads of reasons to smile. Biola",UCI-2011
ham,When ü login dat time... Dad fetching ü home now?,UCI-2011
ham,"What will we do in the shower, baby?",UCI-2011
ham,I had askd u a question some hours before. Its answer,UCI-2011
ham,"Well imma definitely need to restock before thanksgiving, I'll let you know when I'm out",UCI-2011
ham," said kiss, kiss, i can't do the sound effects! He is a gorgeous man isn't he! Kind of person who needs a smile to brighten his day! ",UCI-2011
ham,Probably gonna swing by in a wee bit,UCI-2011
ham,Ya very nice. . .be ready on thursday,UCI-2011
ham,Allo! We have braved the buses and taken on the trains and triumphed. I mean we‘re in b‘ham. Have a jolly good rest of week,UCI-2011
ham,"Watching cartoon, listening music &amp; at eve had to go temple &amp; church.. What about u?",UCI-2011
ham,Do you mind if I ask what happened? You dont have to say if it is uncomfortable.,UCI-2011
spam,PRIVATE! Your 2003 Account Statement for shows 800 un-redeemed S. I. M. points. Call 08715203694 Identifier Code: 40533 Expires 31/10/04,UCI-2011
ham,No prob. I will send to your email.,UCI-2011
spam,"You have won ?1,000 cash or a ?2,000 prize! To claim, call09050000327. T&C: RSTM, SW7 3SS. 150ppm",UCI-2011
ham,Thats cool! Sometimes slow and gentle. Sonetimes rough and hard :),UCI-2011
ham,I'm gonna say no. Sorry. I would but as normal am starting to panic about time. Sorry again! Are you seeing on Tuesday?,UCI-2011
ham,"Wait, do you know if wesleys in town? I bet she does hella drugs!",UCI-2011
ham,Fine i miss you very much.,UCI-2011
ham,Did u got that persons story,UCI-2011
ham,Tell them the drug dealer's getting impatient,UCI-2011
ham,"Sun cant come to earth but send luv as rays. cloud cant come to river but send luv as rain. I cant come to meet U, but can send my care as msg to U. Gud evng",UCI-2011
ham,You will be in the place of that man,UCI-2011
ham,"It doesnt make sense to take it there unless its free. If you need to know more, wikipedia.com",UCI-2011
spam,88800 and 89034 are premium phone services call 08718711108,UCI-2011
ham,"Under the sea, there lays a rock. In the rock, there is an envelope. In the envelope, there is a paper. On the paper, there are 3 words... '",UCI-2011
ham,Then mum's repent how?,UCI-2011
ham,Sorry me going home first... Daddy come fetch ü later...,UCI-2011
ham,Leave it de:-). Start Prepare for next:-)..,UCI-2011
ham,Yes baby! We can study all the positions of the kama sutra ;),UCI-2011
ham,En chikku nange bakra msg kalstiya..then had tea/coffee?,UCI-2011
ham,Carlos'll be here in a minute if you still need to buy,UCI-2011
ham,This pay is  &lt;DECIMAL&gt;  lakhs:),UCI-2011
ham,Have a good evening! Ttyl,UCI-2011
ham,Did u receive my msg?,UCI-2011
ham,Ho ho - big belly laugh! See ya tomo,UCI-2011
spam,"SMS. ac sun0819 posts HELLO:""You seem cool, wanted to say hi. HI!!!"" Stop? Send STOP to 62468",UCI-2011
spam,Get ur 1st RINGTONE FREE NOW! Reply to this msg with TONE. Gr8 TOP 20 tones to your phone every week just £1.50 per wk 2 opt out send STOP 08452810071 16,UCI-2011
ham,"Ditto. And you won't have to worry about me saying ANYTHING to you anymore. Like i said last night, you do whatever you want and i'll do the same. Peace.",UCI-2011
ham,"I've got  &lt;#&gt; , any way I could pick up?",UCI-2011
ham,"I dont knw pa, i just drink milk..",UCI-2011
ham,Maybe?! Say hi to  and find out if  got his card. Great escape or wetherspoons? ,UCI-2011
ham,"Piggy, r u awake? I bet u're still sleeping. I'm going 4 lunch now...",UCI-2011
ham,Cause I'm not freaky lol,UCI-2011
ham,Missed your call cause I was yelling at scrappy. Miss u. Can't wait for u to come home. I'm so lonely today.,UCI-2011
ham,What is this 'hex' place you talk of? Explain!,UCI-2011
ham,Ü log off 4 wat. It's sdryb8i,UCI-2011
ham,Is xy going 4 e lunch?,UCI-2011
spam,Hi I'm sue. I am 20 years old and work as a lapdancer. I love sex. Text me live - I'm i my bedroom now. text SUE to 89555. By TextOperator G2 1DA 150ppmsg 18+,UCI-2011
ham,I wanted to ask ü to wait 4 me to finish lect. Cos my lect finishes in an hour anyway.,UCI-2011
ham,Have you finished work yet? :),UCI-2011
ham,"Every King Was Once A Crying Baby And Every Great Building Was Once A Map.. Not Imprtant Where U r TODAY, BUT Where U Wil Reach TOMORW. Gud ni8",UCI-2011
ham,"Dear,Me at cherthala.in case u r coming cochin pls call bfore u start.i shall also reach accordingly.or tell me which day u r coming.tmorow i am engaged ans its holiday.",UCI-2011
ham,Thanks love. But am i doing torch or bold.,UCI-2011
spam,<Forwarded from 448712404000>Please CALL 08712404000 immediately as there is an urgent message waiting for you.,UCI-2011
ham,Was the farm open?,UCI-2011
ham,"Sorry to trouble u again. Can buy 4d for my dad again? 1405, 1680, 1843. All 2 big 1 small, sat n sun. Thanx.",UCI-2011
ham,"My sister in law, hope you are having a great month. Just saying hey. Abiola",UCI-2011
ham,Will purchase d stuff today and mail to you. Do you have a po box number?,UCI-2011
ham,Ah poop. Looks like ill prob have to send in my laptop to get fixed cuz it has a gpu problem,UCI-2011
ham,Good. Good job. I like entrepreneurs,UCI-2011
ham,"Aight, you close by or still down around alex's place?",UCI-2011
ham,meet you in corporation st outside gap … you can see how my mind is working!,UCI-2011
ham,Mum ask ü to buy food home...,UCI-2011
ham,K..u also dont msg or reply to his msg..,UCI-2011
ham,How much r ü willing to pay?,UCI-2011
ham,"Sorry, I'll call later",UCI-2011
ham,What is important is that you prevent dehydration by giving her enough fluids,UCI-2011
ham,"Thats a bit weird, even ?- where is the do supposed to be happening? But good idea, sure they will be in pub!",UCI-2011
ham,True dear..i sat to pray evening and felt so.so i sms'd you in some time...,UCI-2011
ham,"I don't think I can get away for a trek that long with family in town, sorry",UCI-2011
ham,So when do you wanna gym harri,UCI-2011
ham,Quite late lar... Ard 12 anyway i wun b drivin...,UCI-2011
spam,"To review and KEEP the fantastic Nokia N-Gage game deck with Club Nokia, go 2 www.cnupdates.com/newsletter. unsubscribe from alerts reply with the word OUT",UCI-2011
spam,4mths half price Orange line rental & latest camera phones 4 FREE. Had your phone 11mths+? Call MobilesDirect free on 08000938767 to update now! or2stoptxt T&Cs,UCI-2011
ham,"Height of Confidence: All the Aeronautics professors wer calld &amp; they wer askd 2 sit in an aeroplane. Aftr they sat they wer told dat the plane ws made by their students. Dey all hurried out of d plane.. Bt only 1 didnt move... He said:""if it is made by my students,this wont even start........ Datz confidence..",UCI-2011
ham,It just seems like weird timing that the night that all you and g want is for me to come smoke is the same day as when a shitstorm is attributed to me always coming over and making everyone smoke,UCI-2011
spam,08714712388 between 10am-7pm Cost 10p,UCI-2011
ham,"Save yourself the stress. If the person has a dorm account, just send your account details and the money will be sent to you.",UCI-2011
ham,He also knows about lunch menu only da. . I know,UCI-2011
ham,When i have stuff to sell i.ll tell you,UCI-2011
spam,+449071512431 URGENT! This is the 2nd attempt to contact U!U have WON £1250 CALL 09071512433 b4 050703 T&CsBCM4235WC1N3XX. callcost 150ppm mobilesvary. max£7. 50,UCI-2011
ham,Book which lesson? then you msg me... I will call up after work or sth... I'm going to get specs. My membership is PX3748,UCI-2011
spam,You have WON a guaranteed £1000 cash or a £2000 prize. To claim yr prize call our customer service representative on 08714712394 between 10am-7pm,UCI-2011
ham,Macha dont feel upset.i can assume your mindset.believe me one evening with me and i have some wonderful plans for both of us.LET LIFE BEGIN AGAIN.call me anytime,UCI-2011
ham,Oh is it? Send me the address,UCI-2011
ham,S'fine. Anytime. All the best with it.,UCI-2011
ham,That is wondar full flim.,UCI-2011
ham,Ya even those cookies have jelly on them,UCI-2011
ham,"The world is running and i am still.maybe all are feeling the same,so be it.or i have to admit,i am mad.then where is the correction?or let me call this is life.and keep running with the world,may be u r also running.lets run.",UCI-2011
ham,Got it! It looks scrumptious... daddy wants to eat you all night long!,UCI-2011
ham,Of cos can lar i'm not so ba dao ok... 1 pm lor... Y u never ask where we go ah... I said u would ask on fri but he said u will ask today...,UCI-2011
ham,"Alright omw, gotta change my order to a half8th",UCI-2011
ham,Exactly. Anyways how far. Is jide her to study or just visiting,UCI-2011
ham,Dunno y u ask me.,UCI-2011
spam,Email AlertFrom: Jeri StewartSize: 2KBSubject: Low-cost prescripiton drvgsTo listen to email call 123,UCI-2011
ham,No he didn't. Spring is coming early yay!,UCI-2011
ham,Lol you won't feel bad when I use her money to take you out to a steak dinner =D,UCI-2011
ham,Even u dont get in trouble while convincing..just tel him once or twice and just tel neglect his msgs dont c and read it..just dont reply,UCI-2011
ham,Leaving to qatar tonite in search of an opportunity.all went fast.pls add me in ur prayers dear.Rakhesh,UCI-2011
ham,Then why no one talking to me,UCI-2011
ham,Thanks for looking out for me. I really appreciate.,UCI-2011
spam,Hi. Customer Loyalty Offer:The NEW Nokia6650 Mobile from ONLY £10 at TXTAUCTION! Txt word: START to No: 81151 & get yours Now! 4T&Ctxt TC 150p/MTmsg,UCI-2011
ham,Wish i were with you now!,UCI-2011
ham,Haha mayb u're rite... U know me well. Da feeling of being liked by someone is gd lor. U faster go find one then all gals in our group attached liao.,UCI-2011
ham,Yes i will be there. Glad you made it.,UCI-2011
ham,Do well :)all will for little time. Thing of good times ahead:,UCI-2011
ham,Just got up. have to be out of the room very soon. …. i hadn't put the clocks back til at 8 i shouted at everyone to get up and then realised it was 7. wahay. another hour in bed.,UCI-2011
ham,Ok. There may be a free gym about.,UCI-2011
ham,Men like shorter ladies. Gaze up into his eyes.,UCI-2011
ham,Dunno he jus say go lido. Same time 930.,UCI-2011
ham,"I promise to take good care of you, princess. I have to run now. Please send pics when you get a chance. Ttyl!",UCI-2011
spam,U are subscribed to the best Mobile Content Service in the UK for £3 per 10 days until you send STOP to 82324. Helpline 08706091795,UCI-2011
ham,Is there a reason we've not spoken this year? Anyways have a great week and all the best in your exam,UCI-2011
ham,By monday next week. Give me the full gist,UCI-2011
spam,"Do you realize that in about 40 years, we'll have thousands of old ladies running around with tattoos?",UCI-2011
spam,You have an important customer service announcement from PREMIER.,UCI-2011
ham,Dont gimme that lip caveboy,UCI-2011
ham,When did you get to the library,UCI-2011
ham,Realy sorry-i don't recognise this number and am now confused :) who r u please?! ,UCI-2011
ham,So why didnt you holla?,UCI-2011
ham,Cant think of anyone with * spare room off * top of my head,UCI-2011
ham,"Faith makes things possible,Hope makes things work,Love makes things beautiful,May you have all three this Christmas!Merry Christmas!",UCI-2011
ham,U should have made an appointment,UCI-2011
ham,"Call me when you/carlos is/are here, my phone's vibrate is acting up and I might not hear texts",UCI-2011
spam,"Romantic Paris. 2 nights, 2 flights from £79 Book now 4 next year. Call 08704439680Ts&Cs apply.",UCI-2011
ham,"We are at grandmas. Oh dear, u still ill? I felt Shit this morning but i think i am just hungover! Another night then. We leave on sat.",UCI-2011
spam,Urgent Ur £500 guaranteed award is still unclaimed! Call 09066368327 NOW closingdate04/09/02 claimcode M39M51 £1.50pmmorefrommobile2Bremoved-MobyPOBox734LS27YF,UCI-2011
ham,Nothing but we jus tot u would ask cos u ba gua... But we went mt faber yest... Yest jus went out already mah so today not going out... Jus call lor...,UCI-2011
ham,"Wishing you and your family Merry ""X"" mas and HAPPY NEW Year in advance..",UCI-2011
spam,UR awarded a City Break and could WIN a £200 Summer Shopping spree every WK. Txt STORE to 88039 . SkilGme. TsCs087147403231Winawk!Age16 £1.50perWKsub,UCI-2011
ham,"I'm nt goin, got somethin on, unless they meetin 4 dinner lor... Haha, i wonder who will go tis time...",UCI-2011
ham,"Sorry, I'll call later",UCI-2011
ham,I cant pick the phone right now. Pls send a message,UCI-2011
ham,Lol I know! They're so dramatic. Schools already closed for tomorrow. Apparently we can't drive in the inch of snow were supposed to get.,UCI-2011
ham,Not getting anywhere with this damn job hunting over here!,UCI-2011
ham,Lol! U drunkard! Just doing my hair at d moment. Yeah still up 4 tonight. Wats the plan? ,UCI-2011
ham,"idc get over here, you are not weaseling your way out of this shit twice in a row",UCI-2011
ham,I wil be there with in  &lt;#&gt;  minutes. Got any space,UCI-2011
ham,Just sleeping..and surfing,UCI-2011
ham,Thanks for picking up the trash.,UCI-2011
ham,Why don't you go tell your friend you're not sure you want to live with him because he smokes too much then spend hours begging him to come smoke,UCI-2011
ham,Hi its Kate it was lovely to see you tonight and ill phone you tomorrow. I got to sing and a guy gave me his card! xxx,UCI-2011
ham,Happy New year my dear brother. I really do miss you. Just got your number and decided to send you this text wishing you only happiness. Abiola,UCI-2011
ham,That means get the door,UCI-2011
ham,Your opinion about me? 1. Over 2. Jada 3. Kusruthi 4. Lovable 5. Silent 6. Spl character 7. Not matured 8. Stylish 9. Simple Pls reply..,UCI-2011
ham,"Hmmm ... I thought we said 2 hours slave, not 3 ... You are late ... How should I punish you ?",UCI-2011
ham,Beerage?,UCI-2011
spam,You have an important customer service announcement from PREMIER. Call FREEPHONE 0800 542 0578 now!,UCI-2011
ham,Dont think so. It turns off like randomlly within 5min of opening,UCI-2011
ham,"She was supposed to be but couldn't make it, she's still in town though",UCI-2011
ham,It does it on its own. Most of the time it fixes my spelling. But sometimes it gets a completely diff word. Go figure,UCI-2011
spam,Ever thought about living a good life with a perfect partner? Just txt back NAME and AGE to join the mobile community. (100p/SMS),UCI-2011
spam,"5 Free Top Polyphonic Tones call 087018728737, National Rate. Get a toppoly tune sent every week, just text SUBPOLY to 81618, £3 per pole. UnSub 08718727870.",UCI-2011
ham,Gud mrng dear hav a nice day,UCI-2011
ham,This is hoping you enjoyed your game yesterday. Sorry i've not been in touch but pls know that you are fondly bein thot off. Have a great week. Abiola,UCI-2011
ham,All e best 4 ur driving tmr :-),UCI-2011
ham,Y?WHERE U AT DOGBREATH? ITS JUST SOUNDING LIKE JAN C THATS AL!!!!!!!!!,UCI-2011
ham,Omg I want to scream. I weighed myself and I lost more weight! Woohoo!,UCI-2011
ham,There generally isn't one. It's an uncountable noun - u in the dictionary. pieces of research?,UCI-2011
ham,it's really getting me down just hanging around.,UCI-2011
spam,"Orange customer, you may now claim your FREE CAMERA PHONE upgrade for your loyalty. Call now on 0207 153 9996. Offer ends 14thMarch. T&C's apply. Opt-out availa",UCI-2011
ham,Petey boy whereare you me and all your friendsare in theKingshead come down if you canlove Nic,UCI-2011
ham,Ok i msg u b4 i leave my house.,UCI-2011
ham,Gimme a few was  &lt;#&gt;  minutes ago,UCI-2011
spam,"Last Chance! Claim ur £150 worth of discount vouchers today! Text SHOP to 85023 now! SavaMob, offers mobile! T Cs SavaMob POBOX84, M263UZ. £3.00 Sub. 16",UCI-2011
ham,Appt is at &lt;TIME&gt; am. Not my fault u don't listen. I told u twice,UCI-2011
spam,FREE for 1st week! No1 Nokia tone 4 ur mobile every week just txt NOKIA to 8077 Get txting and tell ur mates. www.getzed.co.uk POBox 36504 W45WQ 16+ norm150p/tone,UCI-2011
spam,You have won a guaranteed £200 award or even £1000 cashto claim UR award call free on 08000407165 (18+) 2 stop getstop on 88222 PHP. RG21 4JX,UCI-2011
ham,K I'll be there before 4.,UCI-2011
ham,I dled 3d its very imp,UCI-2011
ham,"sure, but make sure he knows we ain't smokin yet",UCI-2011
ham,Boooo you always work. Just quit.,UCI-2011
ham,I am taking half day leave bec i am not well,UCI-2011
ham,Ugh I don't wanna get out of bed. It's so warm.,UCI-2011
ham,S:)s.nervous  &lt;#&gt; :),UCI-2011
ham,So there's a ring that comes with the guys costumes. It's there so they can gift their future yowifes. Hint hint,UCI-2011
spam,Congratulations ur awarded either £500 of CD gift vouchers & Free entry 2 our £100 weekly draw txt MUSIC to 87066 TnCs www.Ldew.com1win150ppmx3age16,UCI-2011
ham,I borrow ur bag ok.,UCI-2011
spam,"U were outbid by simonwatson5120 on the Shinco DVD Plyr. 2 bid again, visit sms. ac/smsrewards 2 end bid notifications, reply END OUT",UCI-2011
ham,Where's my boytoy? I miss you ... What happened?,UCI-2011
ham,"He has lots of used ones babe, but the model doesn't help. Youi have to bring it over and he'll match it up",UCI-2011
ham,Also are you bringing galileo or dobby,UCI-2011
ham,Then why you not responding,UCI-2011
ham,BOO BABE! U ENJOYIN YOURJOB? U SEEMED 2 B GETTIN ON WELL HUNNY!HOPE URE OK?TAKE CARE & ILLSPEAK 2U SOONLOTS OF LOVEME XXXX.,UCI-2011
ham,Good afternoon starshine! How's my boytoy? Does he crave me yet? Ache to fuck me ? *sips cappuccino* I miss you babe *teasing kiss*,UCI-2011
ham,On the road so cant txt,UCI-2011
spam,"SMSSERVICES. for yourinclusive text credits, pls goto www.comuk.net login= 3qxj9 unsubscribe with STOP, no extra charge. help 08702840625.COMUK. 220-CM2 9AE",UCI-2011
spam,25p 4 alfie Moon's Children in need song on ur mob. Tell ur m8s. Txt Tone charity to 8007 for Nokias or Poly charity for polys: zed 08701417012 profit 2 charity.,UCI-2011
ham,Have a good evening! Ttyl,UCI-2011
ham,Hmm .. Bits and pieces lol ... *sighs* ...,UCI-2011
ham,Hahaha..use your brain dear,UCI-2011
ham,Hey. You got any mail?,UCI-2011
ham,"Sorry light turned green, I meant another friend wanted  &lt;#&gt;  worth but he may not be around",UCI-2011
ham,Thanks for yesterday sir. You have been wonderful. Hope you enjoyed the burial. MojiBiola,UCI-2011
spam,U have a secret admirer. REVEAL who thinks U R So special. Call 09065174042. To opt out Reply REVEAL STOP. 1.50 per msg recd. Cust care 07821230901,UCI-2011
ham,Hi mate its RV did u hav a nice hol just a message 3 say hello coz havent sent u 1 in ages started driving so stay off roads!RVx,UCI-2011
spam,"Dear Voucher Holder, To claim this weeks offer, at you PC please go to http://www.e-tlp.co.uk/expressoffer Ts&Cs apply. To stop texts, txt STOP to 80062",UCI-2011
ham,"Thank you so much. When we skyped wit kz and sura, we didnt get the pleasure of your company. Hope you are good. We've given you ultimatum oh! We are countin down to aburo. Enjoy! This is the message i sent days ago",UCI-2011
ham,Surely result will offer:),UCI-2011
ham,Good Morning my Dear........... Have a great &amp; successful day.,UCI-2011
spam,Do you want 750 anytime any network mins 150 text and a NEW VIDEO phone for only five pounds per week call 08002888812 or reply for delivery tomorrow,UCI-2011
ham,"Sir, I have been late in paying rent for the past few months and had to pay a $ &lt;#&gt;  charge. I felt it would be inconsiderate of me to nag about something you give at great cost to yourself and that's why i didnt speak up. I however am in a recession and wont be able to pay the charge this month hence my askin well ahead of month's end. Can you please help. Thanks",UCI-2011
spam,We tried to contact you re our offer of New Video Phone 750 anytime any network mins HALF PRICE Rental camcorder call 08000930705 or reply for delivery Wed,UCI-2011
spam,Last chance 2 claim ur £150 worth of discount vouchers-Text YES to 85023 now!SavaMob-member offers mobile T Cs 08717898035. £3.00 Sub. 16 . Remove txt X or STOP,UCI-2011
ham,I luv u soo much u dont understand how special u r 2 me ring u 2morrow luv u xxx,UCI-2011
ham,"Pls send me a comprehensive mail about who i'm paying, when and how much.",UCI-2011
ham,Our Prashanthettan's mother passed away last night. pray for her and family.,UCI-2011
spam,"Urgent! call 09066350750 from your landline. Your complimentary 4* Ibiza Holiday or 10,000 cash await collection SAE T&Cs PO BOX 434 SK3 8WP 150 ppm 18+ ",UCI-2011
ham,K.k:)when are you going?,UCI-2011
ham,Meanwhile in the shit suite: xavier decided to give us  &lt;#&gt;  seconds of warning that samantha was coming over and is playing jay's guitar to impress her or some shit. Also I don't think doug realizes I don't live here anymore,UCI-2011
ham,My stomach has been thru so much trauma I swear I just can't eat. I better lose weight.,UCI-2011
ham,I am in office:)whats the matter..msg me now.i will call you at break:).,UCI-2011
ham,"Yeah there's barely enough room for the two of us, x has too many fucking shoes. Sorry man, see you later",UCI-2011
spam,"Today's Offer! Claim ur £150 worth of discount vouchers! Text YES to 85023 now! SavaMob, member offers mobile! T Cs 08717898035. £3.00 Sub. 16 . Unsub reply X",UCI-2011
ham,U reach orchard already? U wan 2 go buy tickets first?,UCI-2011
ham,"I am real, baby! I want to bring out your inner tigress...",UCI-2011
ham,No da if you run that it activate the full version da.,UCI-2011
ham,AH POOR BABY!HOPE URFEELING BETTERSN LUV! PROBTHAT OVERDOSE OF WORK HEY GO CAREFUL SPK 2 U SN LOTS OF LOVEJEN XXX.,UCI-2011
ham,Stop the story. I've told him i've returned it and he's saying i should not re order it.,UCI-2011
spam,Talk sexy!! Make new friends or fall in love in the worlds most discreet text dating service. Just text VIP to 83110 and see who you could meet.,UCI-2011
ham,Going to take your babe out ?,UCI-2011
ham,Hai ana tomarrow am coming on morning.  &lt;DECIMAL&gt;  ill be there in sathy then we ll go to RTO office. Reply me after came to home.,UCI-2011
ham,Spoons it is then okay?,UCI-2011
ham,Did he just say somebody is named tampa,UCI-2011
ham,In work now. Going have in few min.,UCI-2011
ham,Your brother is a genius,UCI-2011
ham,"Sorry, I guess whenever I can get a hold of my connections, maybe an hour or two? I'll text you",UCI-2011
ham,Did u find out what time the bus is at coz i need to sort some stuff out.,UCI-2011
ham,Dude ive been seeing a lotta corvettes lately,UCI-2011
spam,Congratulations ur awarded either a yrs supply of CDs from Virgin Records or a Mystery Gift GUARANTEED Call 09061104283 Ts&Cs www.smsco.net £1.50pm approx 3mins,UCI-2011
ham,"Same here, but I consider walls and bunkers and shit important just because I never play on peaceful but I guess your place is high enough that it don't matter",UCI-2011
spam,PRIVATE! Your 2003 Account Statement for 07808 XXXXXX shows 800 un-redeemed S. I. M. points. Call 08719899217 Identifier Code: 41685 Expires 07/11/04,UCI-2011
spam,Hello. We need some posh birds and chaps to user trial prods for champneys. Can i put you down? I need your address and dob asap. Ta r,UCI-2011
spam,What do U want for Xmas? How about 100 free text messages & a new video phone with half price line rental? Call free now on 0800 0721072 to find out more!,UCI-2011
ham,"Well am officially in a philosophical hole, so if u wanna call am at home ready to be saved!",UCI-2011
ham,Its going good...no problem..but still need little experience to understand american customer voice...,UCI-2011
ham,I'll text you when I drop x off,UCI-2011
ham,Ugh its been a long day. I'm exhausted. Just want to cuddle up and take a nap,UCI-2011
ham,Talk With Yourself Atleast Once In A Day...!!! Otherwise You Will Miss Your Best FRIEND In This WORLD...!!! -Shakespeare- SHESIL  &lt;#&gt;,UCI-2011
spam,"Shop till u Drop, IS IT YOU, either 10K, 5K, £500 Cash or £100 Travel voucher, Call now, 09064011000. NTT PO Box CR01327BT fixedline Cost 150ppm mobile vary",UCI-2011
ham,Are you in castor? You need to see something,UCI-2011
spam,Sunshine Quiz Wkly Q! Win a top Sony DVD player if u know which country Liverpool played in mid week? Txt ansr to 82277. £1.50 SP:Tyrone,UCI-2011
spam,U have a secret admirer who is looking 2 make contact with U-find out who they R*reveal who thinks UR so special-call on 09058094565,UCI-2011
spam,U have a Secret Admirer who is looking 2 make contact with U-find out who they R*reveal who thinks UR so special-call on 09065171142-stopsms-08,UCI-2011
spam,Reminder: You have not downloaded the content you have already paid for. Goto http://doit. mymoby. tv/ to collect your content.,UCI-2011
ham,"see, i knew giving you a break a few times woul lead to you always wanting to miss curfew. I was gonna gibe you 'til one, but a MIDNIGHT movie is not gonna get out til after 2. You need to come home. You need to getsleep and, if anything, you need to b studdying ear training.",UCI-2011
ham,I love to give massages. I use lots of baby oil... What is your fave position?,UCI-2011
ham,Dude we should go sup again,UCI-2011
ham,Yoyyooo u know how to change permissions for a drive in mac. My usb flash drive,UCI-2011
ham,Gibbs unsold.mike hussey,UCI-2011
ham,I like to talk pa but am not able to. I dont know y.,UCI-2011
ham,Y dun cut too short leh. U dun like ah? She failed. She's quite sad.,UCI-2011
ham,You unbelievable faglord,UCI-2011
ham,Wife.how she knew the time of murder exactly,UCI-2011
ham,Why do you ask princess?,UCI-2011
ham,I am great princess! What are you thinking about me? :),UCI-2011
ham,Nutter. Cutter. Ctter. Cttergg. Cttargg. Ctargg. Ctagg. ie you,UCI-2011
ham,It's ok i noe u're busy but i'm really too bored so i msg u. I oso dunno wat colour she choose 4 me one.,UCI-2011
ham,Doesn't g have class early tomorrow and thus shouldn't be trying to smoke at  &lt;#&gt;,UCI-2011
ham,"Superb Thought- ""Be grateful that u dont have everything u want. That means u still have an opportunity to be happier tomorrow than u are today."":-)",UCI-2011
ham,Hope you are having a good week. Just checking in,UCI-2011
ham,"I'm used to it. I just hope my agents don't drop me since i've only booked a few things this year. This whole me in boston, them in nyc was an experiment.",UCI-2011
ham,"Thursday night? Yeah, sure thing, we'll work it out then",UCI-2011
spam,"Your free ringtone is waiting to be collected. Simply text the password ""MIX"" to 85069 to verify. Get Usher and Britney. FML, PO Box 5249, MK17 92H. 450Ppw 16",UCI-2011
ham,Probably money worries. Things are coming due and i have several outstanding invoices for work i did two and three months ago.,UCI-2011
ham,How is it possible to teach you. And where.,UCI-2011
ham,"I wonder if your phone battery went dead ? I had to tell you, I love you babe",UCI-2011
ham,Lovely smell on this bus and it ain't tobacco... ,UCI-2011
ham,"We're all getting worried over here, derek and taylor have already assumed the worst",UCI-2011
ham,Hey what's up charles sorry about the late reply.,UCI-2011
spam,"all the lastest from Stereophonics, Marley, Dizzee Racal, Libertines and The Strokes! Win Nookii games with Flirt!! Click TheMob WAP Bookmark or text WAP to 82468",UCI-2011
ham,I.ll give her once i have it. Plus she said grinule greet you whenever we speak,UCI-2011
ham,WHITE FUDGE OREOS ARE IN STORES,UCI-2011
spam,"January Male Sale! Hot Gay chat now cheaper, call 08709222922. National rate from 1.5p/min cheap to 7.8p/min peak! To stop texts call 08712460324 (10p/min)",UCI-2011
ham,My love ! How come it took you so long to leave for Zaher's? I got your words on ym and was happy to see them but was sad you had left. I miss you,UCI-2011
ham,I am sorry it hurt you.,UCI-2011
ham,Can't. I feel nauseous. I'm so pissed. I didn't eat any sweets all week cause today I was planning to pig out. I was dieting all week. And now I'm not hungry :/,UCI-2011
ham,Ok lor but not too early. Me still having project meeting now.,UCI-2011
ham,"Call me da, i am waiting for your call.",UCI-2011
ham,I could ask carlos if we could get more if anybody else can chip in,UCI-2011
ham,Was actually about to send you a reminder today. Have a wonderful weekend,UCI-2011
ham,"When people see my msgs, They think Iam addicted to msging... They are wrong, Bcoz They don\'t know that Iam addicted to my sweet Friends..!! BSLVYL",UCI-2011
ham,Hey you gave them your photo when you registered for driving ah? Tmr wanna meet at yck? ,UCI-2011
ham,Dont talk to him ever ok its my word.,UCI-2011
ham,When u wana see it then,UCI-2011
ham,On ma way to school. Can you pls send me ashley's number,UCI-2011
ham,It shall be fine. I have avalarr now. Will hollalater,UCI-2011
ham,She went to attend another two rounds today..but still did't reach home..,UCI-2011
ham,Actually i deleted my old website..now i m blogging at magicalsongs.blogspot.com,UCI-2011
ham,"K, wait chikku..il send aftr  &lt;#&gt; mins",UCI-2011
ham,But I'm on a diet. And I ate 1 too many slices of pizza yesterday. Ugh I'm ALWAYS on a diet.,UCI-2011
ham,K:)i will give my kvb acc details:),UCI-2011
ham,Oh all have to come ah?,UCI-2011
spam,money!!! you r a lucky winner ! 2 claim your prize text money 2 88600 over £1million to give away ! ppt150x3+normal text rate box403 w1t1jy,UCI-2011
ham,I'm really sorry i won't b able 2 do this friday.hope u can find an alternative.hope yr term's going ok:-),UCI-2011
ham,Congratulations ore mo owo re wa. Enjoy it and i wish you many happy moments to and fro wherever you go,UCI-2011
ham,So do you have samus shoulders yet,UCI-2011
ham,What time you think you'll have it? Need to know when I should be near campus,UCI-2011
spam,"Dear Matthew please call 09063440451 from a landline, your complimentary 4*Lux Tenerife holiday or £1000 CASH await collection. ppm150 SAE T&Cs Box334 SK38XH.",UCI-2011
ham,Then dun wear jeans lor...,UCI-2011
ham,"Since when, which side, any fever, any vomitin.",UCI-2011
ham,K:)k.are you in college?,UCI-2011
spam,"Urgent! call 09061749602 from Landline. Your complimentary 4* Tenerife Holiday or £10,000 cash await collection SAE T&Cs BOX 528 HP20 1YF 150ppm 18+",UCI-2011
ham,Better. Made up for Friday and stuffed myself like a pig yesterday. Now I feel bleh. But at least its not writhing pain kind of bleh.,UCI-2011
ham,No we sell it all so we'll have tons if coins. Then sell our coins to someone thru paypal. Voila! Money back in life pockets:),UCI-2011
ham,Theyre doing it to lots of places. Only hospitals and medical places are safe.,UCI-2011
spam,How about getting in touch with folks waiting for company? Just txt back your NAME and AGE to opt in! Enjoy the community (150p/SMS),UCI-2011
ham,And also I've sorta blown him off a couple times recently so id rather not text him out of the blue looking for weed,UCI-2011
ham,"I sent my scores to sophas and i had to do secondary application for a few schools. I think if you are thinking of applying, do a research on cost also. Contact joke ogunrinde, her school is one me the less expensive ones",UCI-2011
ham,I cant wait to see you! How were the photos were useful? :),UCI-2011
spam,Ur cash-balance is currently 500 pounds - to maximize ur cash-in now send GO to 86688 only 150p/msg. CC: 08718720201 PO BOX 114/14 TCR/W1,UCI-2011
ham,Hey i booked the kb on sat already... what other lessons are we going for ah? Keep your sat night free we need to meet and confirm our lodging ,UCI-2011
ham,Chk in ur belovd ms dict,UCI-2011
ham,Is that what time you want me to come?,UCI-2011
ham,"Awesome, lemme know whenever you're around",UCI-2011
ham,Shb b ok lor... Thanx...,UCI-2011
ham,"Beautiful Truth against Gravity.. Read carefully: ""Our heart feels light when someone is in it.. But it feels very heavy when someone leaves it.."" GOOD NIGHT",UCI-2011
ham,Also remember to get dobby's bowl from your car,UCI-2011
spam,Filthy stories and GIRLS waiting for your,UCI-2011
ham,Sorry i now then c ur msg... Yar lor so poor thing... But only 4 one night... Tmr u'll have a brand new room 2 sleep in...,UCI-2011
ham,"Love isn't a decision, it's a feeling. If we could decide who to love, then, life would be much simpler, but then less magical",UCI-2011
ham,Welp apparently he retired,UCI-2011
ham,My sort code is  and acc no is . The bank is natwest. Can you reply to confirm i've sent this to the right person!,UCI-2011
ham,Where @,UCI-2011
ham,U sure u can't take any sick time?,UCI-2011
spam,URGENT! We are trying to contact U. Todays draw shows that you have won a £800 prize GUARANTEED. Call 09050001808 from land line. Claim M95. Valid12hrs only,UCI-2011
ham,"Watching cartoon, listening music &amp; at eve had to go temple &amp; church.. What about u?",UCI-2011
ham,Yo chad which gymnastics class do you wanna take? The site says Christians class is full..,UCI-2011
ham,Are you this much buzy,UCI-2011
ham,Or better still can you catch her and let ask her if she can sell  &lt;#&gt;  for me.,UCI-2011
ham,I am not sure about night menu. . . I know only about noon menu,UCI-2011
ham,What do u want when i come back?.a beautiful necklace as a token of my heart for you.thats what i will give but ONLY to MY WIFE OF MY LIKING.BE THAT AND SEE..NO ONE can give you that.dont call me.i will wait till i come.,UCI-2011
ham,Are you willing to go for aptitude class.,UCI-2011
ham,"It wont b until 2.15 as trying 2 sort house out, is that ok?",UCI-2011
ham,"Yar lor he wan 2 go c horse racing today mah, so eat earlier lor. I ate chicken rice. U?",UCI-2011
ham,"Haha awesome, omw back now then",UCI-2011
ham,Yup i thk so until e shop closes lor.,UCI-2011
ham,what is your account number?,UCI-2011
ham,Eh u send wrongly lar...,UCI-2011
ham,Hey no I ad a crap nite was borin without ya 2 boggy with me u boring biatch! Thanx but u wait til nxt time il ave ya ,UCI-2011
ham,Ok i shall talk to him,UCI-2011
ham,Dont hesitate. You know this is the second time she has had weakness like that. So keep i notebook of what she eat and did the day before or if anything changed the day before so that we can be sure its nothing,UCI-2011
ham,Hey you can pay. With salary de. Only  &lt;#&gt; .,UCI-2011
ham,Another month. I need chocolate weed and alcohol.,UCI-2011
ham,If he started searching he will get job in few days.he have great potential and talent.,UCI-2011
ham,Reckon need to be in town by eightish to walk from * carpark.,UCI-2011
spam,"Congrats! 2 mobile 3G Videophones R yours. call 09063458130 now! videochat wid your mates, play java games, Dload polyPH music, noline rentl.",UCI-2011
ham,LOOK AT THE FUCKIN TIME. WHAT THE FUCK YOU THINK IS UP,UCI-2011
ham,Yo guess what I just dropped,UCI-2011
ham,Carlos says he'll be at mu in  &lt;#&gt;  minutes,UCI-2011
ham,I'm in office now . I will call you  &lt;#&gt;  min:),UCI-2011
ham,"Geeee ... I miss you already, you know ? Your all I can think about. Fuck, I can't wait till next year when we will be together ... *loving kiss*",UCI-2011
ham,"Yun ah.the ubi one say if ü wan call by tomorrow.call 67441233 look for irene.ere only got bus8,22,65,61,66,382. Ubi cres,ubi tech park.6ph for 1st 5wkg days.èn",UCI-2011
ham,Ugh. Gotta drive back to sd from la. My butt is sore.,UCI-2011
ham,26th OF JULY,UCI-2011
ham,Hi im having the most relaxing time ever! we have to get up at 7am every day! was the party good the other night? I get home tomorrow at 5ish.,UCI-2011
ham,Up to ü... Ü wan come then come lor... But i din c any stripes skirt...,UCI-2011
ham,The Xmas story is peace.. The Xmas msg is love.. The Xmas miracle is jesus.. Hav a blessed month ahead &amp; wish U Merry Xmas...,UCI-2011
ham,"I can't, I don't have her number!",UCI-2011
ham,Change again... It's e one next to escalator...,UCI-2011
ham,Yetunde i'm in class can you not run water on it to make it ok. Pls now.,UCI-2011
ham,Not a lot has happened here. Feels very quiet. Beth is at her aunts and charlie is working lots. Just me and helen in at the mo. How have you been? ,UCI-2011
ham,Then ü wait 4 me at bus stop aft ur lect lar. If i dun c ü then i go get my car then come back n pick ü.,UCI-2011
ham,"Aight will do, thanks again for comin out",UCI-2011
ham,No..but heard abt tat..,UCI-2011
spam,Please call our customer service representative on FREEPHONE 0808 145 4742 between 9am-11pm as you have WON a guaranteed £1000 cash or £5000 prize!,UCI-2011
ham,Yes..he is really great..bhaji told kallis best cricketer after sachin in world:).very tough to get out.,UCI-2011
ham,&lt;#&gt;  am I think? Should say on syllabus,UCI-2011
ham,Umma. Did she say anything,UCI-2011
ham,Give me a sec to think think about it,UCI-2011
spam,Panasonic & BluetoothHdset FREE. Nokia FREE. Motorola FREE & DoubleMins & DoubleTxt on Orange contract. Call MobileUpd8 on 08000839402 or call 2optout,UCI-2011
ham,I don't quite know what to do. I still can't get hold of anyone. I cud pick you up bout 7.30pm and we can see if they're in the pub?,UCI-2011
ham,"Poyyarikatur,kolathupalayam,unjalur post,erode dis, &lt;#&gt; .",UCI-2011
ham,"Dear Hero,i am leaving to qatar tonite for an apt opportunity.pls do keep in touch at  &lt;EMAIL&gt; ,kerala",UCI-2011
ham,Lol I would but my mom would have a fit and tell the whole family how crazy and terrible I am,UCI-2011
ham,"I just got home babe, are you still awake ?",UCI-2011
ham,I dunno they close oredi not... Ü v ma fan...,UCI-2011
ham,Just buy a pizza. Meat lovers or supreme. U get to pick.,UCI-2011
ham,"Ya, told..she was asking wats matter?",UCI-2011
ham,"Dear,regret i cudnt pick call.drove down frm ctla now at cochin home.left mobile in car..ente style ishtamayoo?happy bakrid!",UCI-2011
spam,FREE for 1st week! No1 Nokia tone 4 ur mob every week just txt NOKIA to 8007 Get txting and tell ur mates www.getzed.co.uk POBox 36504 W45WQ norm150p/tone 16+,UCI-2011
ham,Shall i send that exe to your mail id.,UCI-2011
ham,Nope watching tv at home... Not going out. V bored...,UCI-2011
ham,Don know..wait i will check it.,UCI-2011
ham,"Good afternoon on this glorious anniversary day, my sweet J !! I hope this finds you happy and content, my Prey. I think of you and send a teasing kiss from across the sea coaxing images of fond souveniers ... You Cougar-Pen",UCI-2011
spam,Guess what! Somebody you know secretly fancies you! Wanna find out who it is? Give us a call on 09065394514 From Landline DATEBox1282EssexCM61XN 150p/min 18,UCI-2011
ham,We still on for tonight?,UCI-2011
ham,May i call You later Pls,UCI-2011
ham,Hasn't that been the pattern recently crap weekends?,UCI-2011
ham,I have a sore throat. It's scratches when I talk,UCI-2011
ham,Yes da. Any plm at ur office,UCI-2011
ham,Are you not around or just still asleep? :V,UCI-2011
ham,"Lol you forgot it eh ? Yes, I'll bring it in babe",UCI-2011
ham,"Its good, we'll find a way",UCI-2011
ham,Can not use foreign stamps in this country. Good lecture .,UCI-2011
ham,Yup bathe liao...,UCI-2011
ham,HAPPY NEW YEAR MY NO.1 MAN,UCI-2011
ham,"OH MR SHEFFIELD! You wanna play THAT game, okay. You're the boss and I'm the nanny. You give me a raise and I'll give YOU one!!",UCI-2011
ham,ZOE IT JUST HIT ME 2 IM FUCKING SHITIN MYSELF IL DEFO TRY MY HARDEST 2 CUM 2MOROW LUV U MILLIONS LEKDOG,UCI-2011
ham,"Hello baby, did you get back to your mom's ? Are you setting up the computer now ? Filling your belly ? How goes it loverboy ? I miss you already ... *sighs*",UCI-2011
ham,"No my blankets are sufficient, thx",UCI-2011
ham,"naughty little thought: 'its better to flirt, flirt n flirt, rather than loving someone n gettin hurt, hurt n hurt...:-) Gud nyt",UCI-2011
ham,"Edison has rightly said, ""A fool can ask more questions than a wise man can answer"" Now you know why all of us are speechless during ViVa.. GM,GN,GE,GNT:-)",UCI-2011
ham,They just talking thats it de. They wont any other.,UCI-2011
ham,Today am going to college so am not able to atten the class.,UCI-2011
ham,I'm in class. Will holla later,UCI-2011
ham,Easy ah?sen got selected means its good..,UCI-2011
ham,Mmm thats better now i got a roast down me! id b better if i had a few drinks down me 2! Good indian?,UCI-2011
spam,"We know someone who you know that fancies you. Call 09058097218 to find out who. POBox 6, LS15HB 150p",UCI-2011
ham,"Come round, it's . ",UCI-2011
ham,"Do 1 thing! Change that sentence into: ""Because i want 2 concentrate in my educational career im leaving here..""",UCI-2011
spam,"1000's flirting NOW! Txt GIRL or BLOKE & ur NAME & AGE, eg GIRL ZOE 18 to 8007 to join and get chatting!",UCI-2011
ham,I walked an hour 2 c u! doesnt that show I care y wont u believe im serious?,UCI-2011
spam,18 days to Euro2004 kickoff! U will be kept informed of all the latest news and results daily. Unsubscribe send GET EURO STOP to 83222.,UCI-2011
ham,Are you available for soiree on June 3rd?,UCI-2011
ham,Do u noe wat time e place dat sells 4d closes?,UCI-2011
ham,"I got another job! The one at the hospital doing data analysis or something, starts on monday! Not sure when my thesis will got finished",UCI-2011
ham,Jay's getting really impatient and belligerent,UCI-2011
ham,HIYA COMIN 2 BRISTOL 1 ST WEEK IN APRIL. LES GOT OFF + RUDI ON NEW YRS EVE BUT I WAS SNORING.THEY WERE DRUNK! U BAK AT COLLEGE YET? MY WORK SENDS INK 2 BATH.,UCI-2011
ham,I'm at work. Please call,UCI-2011
ham,Then u drive lor.,UCI-2011
ham,Ard 515 like dat. Y?,UCI-2011
ham,Tell me they're female :V how're you throwing in? We're deciding what all to get now,UCI-2011
spam,EASTENDERS TV Quiz. What FLOWER does DOT compare herself to? D= VIOLET E= TULIP F= LILY txt D E or F to 84025 NOW 4 chance 2 WIN £100 Cash WKENT/150P16+,UCI-2011
ham,I'm working technical support :)voice process.networking field.,UCI-2011
ham,I might come to kerala for 2 days.so you can be prepared to take a leave once i finalise .dont plan any travel during my visit.need to finish urgent works.,UCI-2011
ham,Ok. Not sure what time tho as not sure if can get to library before class. Will try. See you at some point! Have good eve.,UCI-2011
spam,We have new local dates in your area - Lots of new people registered in YOUR AREA. Reply DATE to start now! 18 only www.flirtparty.us REPLYS150,UCI-2011
ham,"That's fine, I'll bitch at you about it later then",UCI-2011
ham,No my mum went 2 dentist.,UCI-2011
ham,Once free call me sir. I am waiting for you.,UCI-2011
ham,Meeting u is my work. . . Tel me when shall i do my work tomorrow,UCI-2011
spam,Someone U know has asked our dating service 2 contact you! Cant Guess who? CALL 09058091854 NOW all will be revealed. PO BOX385 M6 6WU,UCI-2011
ham,Jus finish bathing...,UCI-2011
ham,"alright, I'll make sure the car is back tonight",UCI-2011
spam,URGENT! We are trying to contact U. Todays draw shows that you have won a £800 prize GUARANTEED. Call 09050003091 from land line. Claim C52. Valid12hrs only,UCI-2011
spam,Dear U've been invited to XCHAT. This is our final attempt to contact u! Txt CHAT to 86688,UCI-2011
ham,Lul im gettin some juicy gossip at the hospital. Two nurses are talking about how fat they are gettin. And one thinks shes obese. Oyea.,UCI-2011
ham,Aight ill get on fb in a couple minutes,UCI-2011
ham,Oi. Ami parchi na re. Kicchu kaaj korte iccha korche na. Phone ta tul na. Plz. Plz.,UCI-2011
ham,Where can download clear movies. Dvd copies.,UCI-2011
ham,"Yep, by the pretty sculpture",UCI-2011
ham,Convey my regards to him,UCI-2011
ham,Me too watching surya movie only. . .after 6 pm vijay movie POKKIRI,UCI-2011
ham,You tell what happen dont behave like this to me. Ok no need to say,UCI-2011
ham,Can u get pic msgs to your phone?,UCI-2011
ham,Send to someone else :-),UCI-2011
ham,Wat makes some people dearer is not just de happiness dat u feel when u meet them but de pain u feel when u miss dem!!!,UCI-2011
ham,For me the love should start with attraction.i should feel that I need her every time around me.she should be the first thing which comes in my thoughts.I would start the day and end it with her.she should be there every time I dream.love will be then when my every breath has her name.my life should happen around her.my life will be named to her.I would cry for her.will give all my happiness and take all her sorrows.I will be ready to fight with anyone for her.I will be in love when I will be doing the craziest things for her.love will be when I don't have to proove anyone that my girl is the most beautiful lady on the whole planet.I will always be singing praises for her.love will be when I start up making chicken curry and end up makiing sambar.life will be the most beautiful then.will get every morning and thank god for the day because she is with me.I would like to say a lot..will tell later..,UCI-2011
ham,"FR'NDSHIP is like a needle of a clock. Though V r in d same clock, V r nt able 2 met. Evn if V meet,itz only 4few seconds. Bt V alwys stay conected. Gud 9t;-)",UCI-2011
ham,I don't think he has spatula hands!,UCI-2011
ham,You can never do NOTHING,UCI-2011
spam,You are awarded a SiPix Digital Camera! call 09061221061 from landline. Delivery within 28days. T Cs Box177. M221BP. 2yr warranty. 150ppm. 16 . p p£3.99,UCI-2011
ham,Goodmorning today i am late for  &lt;DECIMAL&gt; min.,UCI-2011
spam,WIN URGENT! Your mobile number has been awarded with a £2000 prize GUARANTEED call 09061790121 from land line. claim 3030 valid 12hrs only 150ppm ,UCI-2011
ham,Please da call me any mistake from my side sorry da. Pls da goto doctor.,UCI-2011
ham,Where r we meeting?,UCI-2011
ham,"Well the weather in cali's great. But its complexities are great. You need a car to move freely, its taxes are outrageous. But all in all its a great place. The sad part is i missing home.",UCI-2011
ham,Now only i reached home. . . I am very tired now. . I will come tomorro,UCI-2011
ham,Ryder unsold.now gibbs.,UCI-2011
spam,Dear Subscriber ur draw 4 £100 gift voucher will b entered on receipt of a correct ans. When was Elvis Presleys Birthday? TXT answer to 80062,UCI-2011
ham,Don't fret. I'll buy the ovulation test strips and send them to you. You wont get them til like march. Can you send me your postal address.u'll be alright.Okay.,UCI-2011
ham,NO GIFTS!! You trying to get me to throw myself off a cliff or something?,UCI-2011
ham,Been up to ne thing interesting. Did you have a good birthday? When are u wrking nxt? I started uni today.,UCI-2011
ham,You busy or can I come by at some point and figure out what we're doing tomorrow,UCI-2011
ham,"Yeah go on then, bored and depressed sittin waitin for phone to ring... Hope the wind drops though, scary",UCI-2011
ham,Black shirt n blue jeans... I thk i c ü...,UCI-2011
ham,Aiyah sorry lor... I watch tv watch until i forgot 2 check my phone.,UCI-2011
spam,Message Important information for O2 user. Today is your lucky day! 2 find out why log onto http://www.urawinner.com there is a fantastic surprise awaiting you,UCI-2011
ham,on hen night. Going with a swing,UCI-2011
ham,"Good afternoon, my love. How goes your day ? What are you up to ? I woke early and am online waiting for you ... Hmmm ... Italian boy is online I see . *grins*",UCI-2011
ham,From someone not to smoke when every time I've smoked in the last two weeks is because of you calling or texting me that you wanted to smoke,UCI-2011
ham,No you'll just get a headache trying to figure it out. U can trust me to do the math. I promise. O:-),UCI-2011
ham,S s..first time..dhoni rocks...,UCI-2011
ham,Ok ill tell the company,UCI-2011
ham,"Awesome, think we can get an 8th at usf some time tonight?",UCI-2011
ham,So that means you still think of teju,UCI-2011
ham,"No I'm good for the movie, is it ok if I leave in an hourish?",UCI-2011
ham,No no:)this is kallis home ground.amla home town is durban:),UCI-2011
ham,So lets make it saturday or monday as per convenience.,UCI-2011
ham,Hey... What time is your driving on fri? We go for evaluation on fri?,UCI-2011
spam,"449050000301 You have won a £2,000 price! To claim, call 09050000301.",UCI-2011
ham,I'm going 4 lunch now wif my family then aft dat i go str 2 orchard lor.,UCI-2011
spam,"Bored of speed dating? Try SPEEDCHAT, txt SPEEDCHAT to 80155, if you don't like em txt SWAP and get a new chatter! Chat80155 POBox36504W45WQ 150p/msg rcd 16",UCI-2011
ham,Cancel cheyyamo?and get some money back?,UCI-2011
spam,Do you want 750 anytime any network mins 150 text and a NEW video phone for only five pounds per week call 08000776320 now or reply for delivery Tomorrow,UCI-2011
ham,Ok.ok ok..then..whats ur todays plan,UCI-2011
ham,Good morning princess! How are you?,UCI-2011
ham,Aiyar sorry lor forgot 2 tell u...,UCI-2011
spam,For taking part in our mobile survey yesterday! You can now have 500 texts 2 use however you wish. 2 get txts just send TXT to 80160 T&C www.txt43.com 1.50p,UCI-2011
ham,Not tonight mate. Catching up on some sleep. This is my new number by the way. ,UCI-2011
ham,"Height of ""Oh shit....!!"" situation: A guy throws a luv letter on a gal but falls on her brothers head whos a gay,.;-):-D",UCI-2011
spam,Ur HMV Quiz cash-balance is currently £500 - to maximize ur cash-in now send HMV1 to 86688 only 150p/msg,UCI-2011
ham,"So check your errors and if you had difficulties, do correction.",UCI-2011
ham,Howz pain?hope u r fine..,UCI-2011
ham,"Sorry, I'll call later",UCI-2011
ham,Good morning princess! How are you?,UCI-2011
ham,"As I entered my cabin my PA said, '' Happy B'day Boss !!''. I felt special. She askd me 4 lunch. After lunch she invited me to her apartment. We went there.",UCI-2011
ham,U wake up already? Thanx 4 e tau sar piah it's quite nice.,UCI-2011
ham,K do I need a login or anything,UCI-2011
spam,Dont forget you can place as many FREE Requests with 1stchoice.co.uk as you wish. For more Information call 08707808226.,UCI-2011
ham,LOL ... No just was busy,UCI-2011
ham,What * u wearing?,UCI-2011
ham,Message:some text missing* Sender:Name Missing* *Number Missing *Sent:Date missing *Missing U a lot thats y everything is missing sent via fullonsms.com,UCI-2011
ham,Oh:)as usual vijay film or its different?,UCI-2011
spam,I don't know u and u don't know me. Send CHAT to 86688 now and let's find each other! Only 150p/Msg rcvd. HG/Suite342/2Lands/Row/W1J6HL LDN. 18 years or over.,UCI-2011
ham,Have you had a good day? Mine was really busy are you up to much tomorrow night?,UCI-2011
ham,And is there a way you can send shade's stuff to her. And she has been wonderful too.,UCI-2011
ham,Really... I tot ur paper ended long ago... But wat u copied jus now got use? U happy lar... I still haf 2 study :-(,UCI-2011
spam,"Thank you, winner notified by sms. Good Luck! No future marketing reply STOP to 84122 customer services 08450542832",UCI-2011
ham,Babe ? I lost you ... :-(,UCI-2011
ham,Ok... Help me ask if she's working tmr a not?,UCI-2011
ham,I'm not driving... Raining! Then i'll get caught at e mrt station lor.,UCI-2011
ham,Not a drop in the tank,UCI-2011
ham,(That said can you text him one more time?),UCI-2011
ham,"Sorry, I'll call later",UCI-2011
ham,Ok i go change also...,UCI-2011
spam,1000's of girls many local 2 u who r virgins 2 this & r ready 2 4fil ur every sexual need. Can u 4fil theirs? text CUTE to 69911(£1.50p. m),UCI-2011
ham,Did u find a sitter for kaitlyn? I was sick and slept all day yesterday.,UCI-2011
ham,"Sorry man, accidentally left my phone on silent last night and didn't check it til I got up",UCI-2011
ham,Hey.. Something came up last min.. Think i wun be signing up tmr.. Hee,UCI-2011
ham,He's an adult and would learn from the experience. There's no real danger. I just dont like peeps using drugs they dont need. But no comment,UCI-2011
ham,Hey! There's veggie pizza... :/,UCI-2011
ham,Yun buying... But school got offer 2000 plus only...,UCI-2011
ham,You sure your neighbors didnt pick it up,UCI-2011
ham,K. I will sent it again,UCI-2011
spam,Free entry in 2 a wkly comp to win FA Cup final tkts 21st May 2005. Text FA to 87121 to receive entry question(std txt rate)T&C's apply 08452810075over18's,UCI-2011
ham,"New Theory: Argument wins d SITUATION, but loses the PERSON. So dont argue with ur friends just.. . . . kick them &amp; say, I'm always correct.!",UCI-2011
ham,Well. Im computerless. Time to make some oreo truffles,UCI-2011
ham,"Haha yeah I see that now, be there in a sec",UCI-2011
ham,I am not having her number sir,UCI-2011
ham,Lol now I'm after that hot air balloon!,UCI-2011
ham,Ok . . now i am in bus. . If i come soon i will come otherwise tomorrow,UCI-2011
ham,Msgs r not time pass.They silently say that I am thinking of U right now and also making U think of me at least 4 a moment. Gd nt.swt drms @Shesil,UCI-2011
ham,"Yeah, we can probably swing by once my roommate finishes up with his girl",UCI-2011
spam,"Got what it takes 2 take part in the WRC Rally in Oz? U can with Lucozade Energy! Text RALLY LE to 61200 (25p), see packs or lucozade.co.uk/wrc & itcould be u!",UCI-2011
ham,Happy new years melody!,UCI-2011
ham,Ü dun need to pick ur gf?,UCI-2011
ham,Yay! You better not have told that to 5 other girls either.,UCI-2011
ham,Horrible u eat macs eat until u forgot abt me already rite... U take so long 2 reply. I thk it's more toot than b4 so b prepared. Now wat shall i eat?,UCI-2011
ham,"Did he say how fantastic I am by any chance, or anything need a bigger life lift as losing the will 2 live, do you think I would be the first person 2 die from N V Q? ",UCI-2011
ham,Just nw i came to hme da..,UCI-2011
ham,"I'm outside islands, head towards hard rock and you'll run into me",UCI-2011
ham,To day class is there are no class.,UCI-2011
ham,I'm in chennai velachery:),UCI-2011
ham,You flippin your shit yet?,UCI-2011
ham,"K give me a sec, breaking a  &lt;#&gt;  at cstore",UCI-2011
ham,Am i that much bad to avoid like this?,UCI-2011
ham,"Yo, you around? Just got my car back",UCI-2011
ham,Annoying isn't it.,UCI-2011
ham,"Goodmorning, Today i am late for  &lt;#&gt; min.",UCI-2011
ham,There's no point hangin on to mr not right if he's not makin u happy,UCI-2011
ham,All will come alive.better correct any good looking figure there itself..,UCI-2011
ham,In that case I guess I'll see you at campus lodge,UCI-2011
ham,We're done...,UCI-2011
ham,Come to my home for one last time i wont do anything. Trust me.,UCI-2011
ham,I was up all night too worrying about this appt. It's a shame we missed a girls night out with quizzes popcorn and you doing my hair.,UCI-2011
spam,Sex up ur mobile with a FREE sexy pic of Jordan! Just text BABE to 88600. Then every wk get a sexy celeb! PocketBabe.co.uk 4 more pics. 16 £3/wk 087016248,UCI-2011
ham,Ok... C ya...,UCI-2011
spam,You have 1 new voicemail. Please call 08719181503,UCI-2011
ham,What he said is not the matter. My mind saying some other matter is there.,UCI-2011
ham,He also knows about lunch menu only da. . I know,UCI-2011
ham,"Al he does is moan at me if n e thin goes wrong its my fault&al de arguments r my fault&fed up of him of himso y bother? Hav 2go, thanx.xx",UCI-2011
ham,NEFT Transaction with reference number  &lt;#&gt;  for Rs. &lt;DECIMAL&gt;  has been credited to the beneficiary account on  &lt;#&gt;  at  &lt;TIME&gt; : &lt;#&gt;,UCI-2011
ham,Otherwise had part time job na-tuition..,UCI-2011
ham,I know she called me,UCI-2011
ham,"Me also da, i feel yesterday night  wait til 2day night dear.",UCI-2011
ham,Thanks for understanding. I've been trying to tell sura that.,UCI-2011
spam,WIN a year supply of CDs 4 a store of ur choice worth £500 & enter our £100 Weekly draw txt MUSIC to 87066 Ts&Cs www.Ldew.com.subs16+1win150ppmx3,UCI-2011
ham,The whole car appreciated the last two! Dad and are having a map reading semi argument but apart from that things are going ok. P.,UCI-2011
spam,"As a SIM subscriber, you are selected to receive a Bonus! Get it delivered to your door, Txt the word OK to No: 88600 to claim. 150p/msg, EXP. 30Apr",UCI-2011
ham,I need you to be in my strong arms...,UCI-2011
ham,Also maaaan are you missing out,UCI-2011
ham,His bday real is in april .,UCI-2011
ham,Guessin you ain't gonna be here before 9?,UCI-2011
ham,Ok then i will come to ur home after half an hour,UCI-2011
ham,"Yo, the game almost over? Want to go to walmart soon",UCI-2011
ham,"Yeah, probably but not sure. Ilol let u know, but personally I wuldnt bother, then again if ur goin to then I mite as well!!",UCI-2011
ham,I'll text now! All creepy like so he won't think that we forgot,UCI-2011
ham,"that would be good … I'll phone you tomo lunchtime, shall I, to organise something?",UCI-2011
spam,You have 1 new voicemail. Please call 08719181513.,UCI-2011
ham,"Damn, can you make it tonight or do you want to just wait til tomorrow",UCI-2011
ham,K..k..i'm also fine:)when will you complete the course?,UCI-2011
ham,"True. It is passable. And if you get a high score and apply for phd, you get 5years of salary. So it makes life easier.",UCI-2011
spam,No. 1 Nokia Tone 4 ur mob every week! Just txt NOK to 87021. 1st Tone FREE ! so get txtin now and tell ur friends. 150p/tone. 16 reply HL 4info,UCI-2011
ham,Prakesh is there know.,UCI-2011
ham,Teach me apps da. When you come to college.,UCI-2011
ham,Rofl betta invest in some  anti aging products,UCI-2011
spam,You are a winner U have been specially selected 2 receive £1000 cash or a 4* holiday (flights inc) speak to a live operator 2 claim 0871277810810,UCI-2011
ham,"sir, you will receive the account no another 1hr time. Sorry for the delay.",UCI-2011
spam,Reply with your name and address and YOU WILL RECEIVE BY POST a weeks completely free accommodation at various global locations www.phb1.com ph:08700435505150p,UCI-2011
ham,So ü'll be submitting da project tmr rite?,UCI-2011
spam,FREE entry into our £250 weekly comp just send the word ENTER to 84128 NOW. 18 T&C www.textcomp.com cust care 08712405020.,UCI-2011
ham,Jus ans me lar. U'll noe later.,UCI-2011
ham,I want to send something that can sell fast.  &lt;#&gt; k is not easy money.,UCI-2011
ham,have got * few things to do. may be in * pub later.,UCI-2011
ham,1's finish meeting call me.,UCI-2011
ham,Lol ok. I'll snatch her purse too.,UCI-2011
ham,Hello-/@drivby-:0quit edrunk sorry iff pthis makes no senrd-dnot no how ^ dancce 2 drum n basq!ihave fun 2nhite x ros xxxxxxx,UCI-2011
ham,Your opinion about me? 1. Over 2. Jada 3. Kusruthi 4. Lovable 5. Silent 6. Spl character 7. Not matured 8. Stylish 9. Simple Pls reply..,UCI-2011
ham,How much are we getting?,UCI-2011
ham,Is ur paper in e morn or aft tmr?,UCI-2011
ham,"Dear relieved of westonzoyland, all going to plan this end too!",UCI-2011
ham,Hope you are having a great new semester. Do wish you the very best. You are made for greatness.,UCI-2011
ham,Oh yes I can speak txt 2 u no! Hmm. Did u get  email?,UCI-2011
ham,"I want to show you the world, princess :) how about europe?",UCI-2011
ham,Nobody can decide where to eat and dad wants Chinese,UCI-2011
ham,No shoot me. I'm in the docs waiting room. :/,UCI-2011
ham,Now? I'm going out 4 dinner soon..,UCI-2011
ham,Hello which the site to download songs its urgent pls,UCI-2011
ham,"I do know what u mean,  is the king of not havin credit! I'm goin2bed now. Night night sweet! Only1more sleep! ",UCI-2011
ham,Horrible gal. Me in sch doing some stuff. How come u got mc?,UCI-2011
ham,"HI HUN! IM NOT COMIN 2NITE-TELL EVERY1 IM SORRY 4 ME, HOPE U AVA GOODTIME!OLI RANG MELNITE IFINK IT MITE B SORTED,BUT IL EXPLAIN EVERYTHIN ON MON.L8RS.x",UCI-2011
ham,"I call you later, don't have network. If urgnt, sms me.",UCI-2011
ham,Ummmmmaah Many many happy returns of d day my dear sweet heart.. HAPPY BIRTHDAY dear,UCI-2011
spam,Please CALL 08712402779 immediately as there is an urgent message waiting for you,UCI-2011
ham,Yeah like if it goes like it did with my friends imma flip my shit in like half an hour,UCI-2011
ham,Mum say we wan to go then go... Then she can shun bian watch da glass exhibition... ,UCI-2011
ham,What your plan for pongal?,UCI-2011
ham,Just wait till end of march when el nino gets himself. Oh.,UCI-2011
ham,"Not yet chikku..going to room nw, i'm in bus..",UCI-2011
ham,Am also doing in cbe only. But have to pay.,UCI-2011
ham,Honey boo I'm missing u.,UCI-2011
ham,"We have sent JD for Customer Service cum Accounts Executive to ur mail id, For details contact us",UCI-2011
ham,"Yo, I'm at my parents' gettin cash. Good news: we picked up a downstem",UCI-2011
ham,"Thank you so much. When we skyped wit kz and sura, we didnt get the pleasure of your company. Hope you are good. We've given you ultimatum oh! We are countin down to aburo. Enjoy!",UCI-2011
spam,"Hungry gay guys feeling hungry and up 4 it, now. Call 08718730555 just 10p/min. To stop texts call 08712460324 (10p/min)",UCI-2011
ham,Ok. No wahala. Just remember that a friend in need ...,UCI-2011
ham,I will see in half an hour,UCI-2011
ham,"Im in inperialmusic listening2the weirdest track ever byleafcutter john-sounds like insects being molested&someone plumbing,remixed by evil men on acid!",UCI-2011
ham,"Hey sorry I didntgive ya a a bellearlier hunny,just been in bedbut mite go 2 thepub l8tr if uwana mt up?loads a luv Jenxxx.",UCI-2011
ham,SERIOUSLY. TELL HER THOSE EXACT WORDS RIGHT NOW.,UCI-2011
spam,Can U get 2 phone NOW? I wanna chat 2 set up meet Call me NOW on 09096102316 U can cum here 2moro Luv JANE xx Calls£1/minmoremobsEMSPOBox45PO139WA,UCI-2011
ham,"Tee hee. Off to lecture, cheery bye bye.",UCI-2011
ham,"Sorry chikku, my cell got some problem thts y i was nt able to reply u or msg u..",UCI-2011
ham,If you still havent collected the dough pls let me know so i can go to the place i sent it to get the control number,UCI-2011
ham,Ok...,UCI-2011
spam,network operator. The service is free. For T & C's visit 80488.biz,UCI-2011
ham,Let me know how to contact you. I've you settled in a room. Lets know you are ok.,UCI-2011
ham,Wot u up 2 u weirdo?,UCI-2011
ham,Can do lor...,UCI-2011
ham,Dont put your phone on silent mode ok,UCI-2011
ham,Can i meet ü at 5.. As 4 where depends on where ü wan 2 in lor..,UCI-2011
ham,Waiting 4 my tv show 2 start lor... U leh still busy doing ur report?,UCI-2011
ham,Oh ho. Is this the first time u use these type of words,UCI-2011
ham,Am I the only one who doesn't stalk profiles?,UCI-2011
ham,"Ever green quote ever told by Jerry in cartoon ""A Person Who Irritates u Always Is the one Who Loves u Vry Much But Fails to Express It...!..!! :-) :-) gud nyt",UCI-2011
ham,Yes i thought so. Thanks.,UCI-2011
ham,But if she.s drinkin i'm ok.,UCI-2011
ham,"Just wondering, the others just took off",UCI-2011
ham,"Night has ended for another day, morning has come in a special way. May you smile like the sunny rays and leaves your worries at the blue blue bay. Gud mrng",UCI-2011
ham,"What do you do, my dog ? Must I always wait till the end of your day to have word from you ? Did you run out of time on your cell already?",UCI-2011
ham,Happy new year to u too!,UCI-2011
ham,"Hey...Great deal...Farm tour 9am to 5pm $95/pax, $50 deposit by 16 May",UCI-2011
ham,Eat jap done oso aft ur lect wat... Ü got lect at 12 rite... ,UCI-2011
ham,"Hey babe! I saw you came online for a second and then you disappeared, what happened ?",UCI-2011
ham,Da my birthdate in certificate is in april but real date is today. But dont publish it. I shall give you a special treat if you keep the secret. Any way thanks for the wishes,UCI-2011
ham,Happy birthday... May all ur dreams come true...,UCI-2011
ham,Aiyah u did ok already lar. E nydc at wheellock?,UCI-2011
ham,TELL HER I SAID EAT SHIT.,UCI-2011
ham,Sure! I am driving but will reach my destination soon.,UCI-2011
ham,"K so am I, how much for an 8th? Fifty?",UCI-2011
ham,Your daily text from me – a favour this time,UCI-2011
ham,Great to hear you are settling well. So what's happenin wit ola?,UCI-2011
ham,Those cocksuckers. If it makes you feel better ipads are worthless garbage novelty items and you should feel bad for even wanting one,UCI-2011
ham,I tot u reach liao. He said t-shirt.,UCI-2011
ham,"FRAN I DECIDED 2 GO N E WAY IM COMPLETELY BROKE AN KNACKERED I GOT UP BOUT 3 C U 2MRW LOVE JANX P.S THIS IS MY DADS FONE, -NO CREDIT",UCI-2011
ham,I cant pick the phone right now. Pls send a message,UCI-2011
ham,Your right! I'll make the appointment right now.,UCI-2011
ham,Designation is software developer and may be she get chennai:),UCI-2011
spam,Enjoy the jamster videosound gold club with your credits for 2 new videosounds+2 logos+musicnews! get more fun from jamster.co.uk! 16+only Help? call: 09701213186 ,UCI-2011
spam,"Get 3 Lions England tone, reply lionm 4 mono or lionp 4 poly. 4 more go 2 www.ringtones.co.uk, the original n best. Tones 3GBP network operator rates apply",UCI-2011
ham,I jokin oni lar.. Ü busy then i wun disturb ü.,UCI-2011
ham,"Ok, be careful ! Don't text and drive !",UCI-2011
ham,"I.ll always be there, even if its just in spirit. I.ll get a bb soon. Just trying to be sure i need it.",UCI-2011
ham,U r too much close to my heart. If u go away i will be shattered. Plz stay with me.,UCI-2011
ham,I love u 2 babe! R u sure everything is alrite. Is he being an idiot? Txt bak girlie,UCI-2011
ham,How abt making some of the pics bigger?,UCI-2011
ham,Got but got 2 colours lor. One colour is quite light n e other is darker lor. Actually i'm done she's styling my hair now.,UCI-2011
ham,"Whenevr ur sad, Whenevr ur gray, Remembr im here 2 listn 2 watevr u wanna say, Jus walk wid me a little while,&amp; I promise I'll bring back ur smile.:-)",UCI-2011
ham,Why nothing. Ok anyway give me treat,UCI-2011
spam,"Win the newest “Harry Potter and the Order of the Phoenix (Book 5) reply HARRY, answer 5 questions - chance to be the first among readers!",UCI-2011
ham,Ok...,UCI-2011
ham,Correct. So how was work today,UCI-2011
ham,"Just sent again. Do you scream and moan in bed, princess?",UCI-2011
ham,"I wake up long ago already... Dunno, what other thing?",UCI-2011
ham,Oh just getting even with u.... u?,UCI-2011
ham,I thk 50 shd be ok he said plus minus 10.. Did ü leave a line in between paragraphs?,UCI-2011
ham,Can you call me plz. Your number shows out of coveragd area. I have urgnt call in vasai &amp; have to reach before 4'o clock so call me plz,UCI-2011
ham,Yeah jay's sort of a fucking retard,UCI-2011
ham,"Sorry, was in the bathroom, sup",UCI-2011
spam,Ur balance is now £500. Ur next question is: Who sang 'Uptown Girl' in the 80's ? 2 answer txt ur ANSWER to 83600. Good luck!,UCI-2011
ham,My exam is for february 4. Wish you a great day.,UCI-2011
ham,I dont know what to do to come out of this so only am ask questions like this dont mistake me.,UCI-2011
ham,"Aight no rush, I'll ask jay",UCI-2011
ham,Good Morning plz call me sir,UCI-2011
ham,It's ok lar. U sleep early too... Nite...,UCI-2011
ham,"Oh... Icic... K lor, den meet other day...",UCI-2011
ham,"Oh ! A half hour is much longer in Syria than Canada, eh ? Wow you must get SO much more work done in a day than us with all that extra time ! *grins*",UCI-2011
ham,"Sometimes we put walls around our hearts,not just to be safe from getting hurt.. But to find out who cares enough to break the walls &amp; get closer.. GOODNOON:)",UCI-2011
ham,"Sweet, we may or may not go to 4U to meet carlos so gauge patty's interest in that",UCI-2011
ham,Then she buying today? Ü no need to c meh...,UCI-2011
ham,Aight sorry I take ten years to shower. What's the plan?,UCI-2011
ham,Every monday..nxt week vl be completing..,UCI-2011
ham,Might ax well im there.,UCI-2011
ham,Just chill for another 6hrs. If you could sleep the pain is not a surgical emergency so see how it unfolds. Okay,UCI-2011
ham,Yeah I'll try to scrounge something up,UCI-2011
ham,Crazy ar he's married. Ü like gd looking guys not me. My frens like say he's korean leona's fave but i dun thk he is. Aft some thinking mayb most prob i'll go.,UCI-2011
ham,Were somewhere on Fredericksburg,UCI-2011
ham,Que pases un buen tiempo or something like that,UCI-2011
ham,Is it ok if I stay the night here? Xavier has a sleeping bag and I'm getting tired,UCI-2011
ham,She doesnt need any test.,UCI-2011
ham,"Nothing much, chillin at home. Any super bowl plan?",UCI-2011
spam,"FREE2DAY sexy St George's Day pic of Jordan!Txt PIC to 89080 dont miss out, then every wk a saucy celeb!4 more pics c PocketBabe.co.uk 0870241182716 £3/wk",UCI-2011
ham,Bugis oso near wat... ,UCI-2011
ham,Yo theres no class tmrw right?,UCI-2011
ham,Let Ur Heart Be Ur Compass Ur Mind Ur Map Ur Soul Ur Guide And U Will Never loose in world....gnun - Sent via WAY2SMS.COM,UCI-2011
ham,"Goodnight, sleep well da please take care pa. Please.",UCI-2011
ham,Baaaaabe! I misss youuuuu ! Where are you ? I have to go and teach my class at 5 ...,UCI-2011
ham,Convey my regards to him,UCI-2011
ham,U ned to convince him tht its not possible witot hurting his feeling its the main,UCI-2011
ham,"Good afternoon loverboy ! How goes you day ? Any luck come your way? I think of you, sweetie and send my love across the sea to make you smile and happy",UCI-2011
ham,If i start sending blackberry torch to nigeria will you find buyer for me?like 4a month. And tell dad not to buy bb from anyone oh.,UCI-2011
ham,"&lt;#&gt; %of pple marry with their lovers... becz they hav gud undrstndng dat avoids problems. i sent dis 2 u, u wil get gud news on friday by d person you like. And tomorrow will be the best day of your life. Dont break this chain. If you break you will suffer. send this to  &lt;#&gt;  frnds in &lt;#&gt;  mins whn u read...",UCI-2011
ham,Yo dude guess who just got arrested the other day,UCI-2011
ham,Shuhui say change 2 suntec steamboat? U noe where? Where r u now?,UCI-2011
ham,What does the dance river do?,UCI-2011
ham,"Yetunde, i'm sorry but moji and i seem too busy to be able to go shopping. Can you just please find some other way to get what you wanted us to get. Please forgive me. You can reply free via yahoo messenger.",UCI-2011
ham,Hey i will be really pretty late... You want to go for the lesson first? I will join you. I'm only reaching tp mrt,UCI-2011
spam,"HOT LIVE FANTASIES call now 08707509020 Just 20p per min NTT Ltd, PO Box 1327 Croydon CR9 5WB 0870..k",UCI-2011
ham,Bbq this sat at mine from 6ish. Ur welcome 2 come,UCI-2011
ham,"I don't know, same thing that's wrong everyso often, he panicks starts goin on bout not bein good enough …",UCI-2011
ham,Alright. I'm out--have a good night!,UCI-2011
ham,Did you try making another butt.,UCI-2011
ham,Hope you are feeling great. Pls fill me in. Abiola,UCI-2011
ham,I though we shd go out n have some fun so bar in town or something – sound ok?,UCI-2011
ham,"1) Go to write msg 2) Put on Dictionary mode 3)Cover the screen with hand, 4)Press  &lt;#&gt; . 5)Gently remove Ur hand.. Its interesting..:)",UCI-2011
spam,"Bears Pic Nick, and Tom, Pete and ... Dick. In fact, all types try gay chat with photo upload call 08718730666 (10p/min). 2 stop texts call 08712460324",UCI-2011
spam,"500 New Mobiles from 2004, MUST GO! Txt: NOKIA to No: 89545 & collect yours today!From ONLY £1 www.4-tc.biz 2optout 087187262701.50gbp/mtmsg18 TXTAUCTION",UCI-2011
ham,We're finally ready fyi,UCI-2011
ham,Auntie huai juan never pick up her phone,UCI-2011
spam,Double Mins & Double Txt & 1/2 price Linerental on Latest Orange Bluetooth mobiles. Call MobileUpd8 for the very latest offers. 08000839402 or call2optout/LF56,UCI-2011
ham,"Ya tel, wats ur problem..",UCI-2011
spam,No. 1 Nokia Tone 4 ur mob every week! Just txt NOK to 87021. 1st Tone FREE ! so get txtin now and tell ur friends. 150p/tone. 16 reply HL 4info,UCI-2011
ham,i dnt wnt to tlk wid u,UCI-2011
ham,"We spend our days waiting for the ideal path to appear in front of us.. But what we forget is.. ""paths are made by walking.. not by waiting.."" Goodnight!",UCI-2011
ham,Its ok my arm is feeling weak cuz i got a shot so we can go another time,UCI-2011
ham,Please reserve ticket on saturday eve from chennai to thirunelvali and again from tirunelvali to chennai on sunday eve...i already see in net..no ticket available..i want to book ticket through tackle ..,UCI-2011
ham,"Storming msg: Wen u lift d phne, u say ""HELLO"" Do u knw wt is d real meaning of HELLO?? . . . It's d name of a girl..! . . . Yes.. And u knw who is dat girl?? ""Margaret Hello"" She is d girlfrnd f Grahmbell who invnted telphone... . . . . Moral:One can 4get d name of a person, bt not his girlfrnd... G o o d n i g h t . . .@",UCI-2011
ham,That's ok. I popped in to ask bout something and she said you'd been in. Are you around tonght wen this girl comes?,UCI-2011
ham,All e best 4 ur exam later.,UCI-2011
ham,Hope ur head doesn't hurt 2 much ! Am ploughing my way through a pile of ironing ! Staying in with a chinky tonight come round if you like.,UCI-2011
ham,Oh k.i think most of wi and nz players unsold.,UCI-2011
ham,"Haha... Where got so fast lose weight, thk muz go 4 a month den got effect... Gee,later we go aust put bk e weight.",UCI-2011
ham,"I wonder how you got online, my love ? Had you gone to the net cafe ? Did you get your phone recharged ? Were you on a friends net ? I think of you, boytoy",UCI-2011
ham,"Haha just kidding, papa needs drugs",UCI-2011
ham,"Thk shld b can... Ya, i wana go 4 lessons... Haha, can go for one whole stretch...",UCI-2011
ham,Oh ok..,UCI-2011
ham,R we still meeting 4 dinner tonight?,UCI-2011
ham,Thats cool! I am a gentleman and will treat you with dignity and respect.,UCI-2011
ham,Shall i start from hear.,UCI-2011
ham,Then we wait 4 u lor... No need 2 feel bad lar...,UCI-2011
ham,No did you check? I got his detailed message now,UCI-2011
ham,You have registered Sinco as Payee. Log in at icicibank.com and enter URN  &lt;#&gt;  to confirm. Beware of frauds. Do NOT share or disclose URN to anyone.,UCI-2011
ham,"No, I decided that only people who care about stuff vote and caring about stuff is for losers",UCI-2011
ham,Kaiez... Enjoy ur tuition... Gee... Thk e second option sounds beta... I'll go yan jiu den msg u...,UCI-2011
ham,You have registered Sinco as Payee. Log in at icicibank.com and enter URN  &lt;#&gt;  to confirm. Beware of frauds. Do NOT share or disclose URN to anyone.,UCI-2011
ham,cool. We will have fun practicing making babies!,UCI-2011
ham,Actually getting ready to leave the house.,UCI-2011
ham,K..k..any special today?,UCI-2011
spam,"URGENT, IMPORTANT INFORMATION FOR O2 USER. TODAY IS YOUR LUCKY DAY! 2 FIND OUT WHY LOG ONTO HTTP://WWW.URAWINNER.COM THERE IS A FANTASTIC SURPRISE AWAITING FOR YOU",UCI-2011
ham,Then we gotta do it after that,UCI-2011
ham,"I've got ten bucks, jay is being noncomittal",UCI-2011
ham,Where at were hungry too,UCI-2011
ham,Pls speak to that customer machan.,UCI-2011
ham,somewhere out there beneath the pale moon light someone think in of u some where out there where dreams come true... goodnite &amp; sweet dreams,UCI-2011
ham,"Wen ur lovable bcums angry wid u, dnt take it seriously.. Coz being angry is d most childish n true way of showing deep affection, care n luv!.. kettoda manda... Have nice day da.",UCI-2011
spam,Dear U've been invited to XCHAT. This is our final attempt to contact u! Txt CHAT to 86688 150p/MsgrcvdHG/Suite342/2Lands/Row/W1J6HL LDN 18 yrs,UCI-2011
ham,So wats ur opinion abt him and how abt is character?,UCI-2011
ham,Jay is snickering and tells me that x is totally fucking up the chords as we speak,UCI-2011
ham,No..few hours before.went to hair cut .,UCI-2011
ham,No wonder... Cos i dun rem seeing a silver car... But i thk i saw a black one...,UCI-2011
ham,Lmao. Take a pic and send it to me.,UCI-2011
ham,Speak only when you feel your words are better than the silence... Gud mrng:-),UCI-2011
ham,No. She's currently in scotland for that.,UCI-2011
ham,Do you work all this week ?,UCI-2011
spam,Congratulations ur awarded either £500 of CD gift vouchers & Free entry 2 our £100 weekly draw txt MUSIC to 87066 TnCs www.Ldew.com 1 win150ppmx3age16,UCI-2011
ham,Lol great now im getting hungry.,UCI-2011
ham,Yes.. now only saw your message..,UCI-2011
ham,I'll be at mu in like  &lt;#&gt;  seconds,UCI-2011
ham,Ok...,UCI-2011
ham,THING R GOOD THANX GOT EXAMS IN MARCH IVE DONE NO REVISION? IS FRAN STILL WITH BOYF? IVE GOTTA INTERVIW 4 EXETER BIT WORRIED!x,UCI-2011
ham,"Tell you what, if you make a little spreadsheet and track whose idea it was to smoke to determine who ""smokes too much"" for the entire month of february, I'll come up",UCI-2011
spam,For sale - arsenal dartboard. Good condition but no doubles or trebles!,UCI-2011
ham,Don't look back at the building because you have no coat and i don't want you to get more sick. Just hurry home and wear a coat to the gym!!!,UCI-2011
ham,"My painful personal thought- ""I always try to keep everybody happy all the time. But nobody recognises me when i am alone""",UCI-2011
ham,Thanks for ve lovely wisheds. You rock,UCI-2011
ham,You intrepid duo you! Have a great time and see you both soon. ,UCI-2011
ham,I asked sen to come chennai and search for job.,UCI-2011
ham,Dad went out oredi... ,UCI-2011
ham,"I jus hope its true that  missin me cos i'm really missin him! You haven't done anything to feel guilty about, yet.",UCI-2011
ham,Wat so late still early mah. Or we juz go 4 dinner lor. Aiya i dunno...,UCI-2011
ham,"Arms fine, how's Cardiff and uni? ",UCI-2011
ham,In fact when do you leave? I think addie goes back to school tues or wed,UCI-2011
ham,"Cool breeze... Bright sun... Fresh flower... Twittering birds... All these waiting to wish u: ""GOODMORNING &amp; HAVE A NICE DAY"" :)",UCI-2011
ham,Ya:)going for restaurant..,UCI-2011
ham,"Its ok., i just askd did u knw tht no?",UCI-2011
spam,Free 1st week entry 2 TEXTPOD 4 a chance 2 win 40GB iPod or £250 cash every wk. Txt POD to 84128 Ts&Cs www.textpod.net custcare 08712405020.,UCI-2011
ham,Those ducking chinchillas,UCI-2011
ham,I am in a marriage function,UCI-2011
ham,Looks like u wil b getting a headstart im leaving here bout 2.30ish but if u r desperate for my company I could head in earlier-we were goin to meet in rummer.,UCI-2011
ham,Don‘t give a flying monkeys wot they think and I certainly don‘t mind. Any friend of mine and all that!,UCI-2011
spam,As a registered optin subscriber ur draw 4 £100 gift voucher will be entered on receipt of a correct ans to 80062 Whats No1 in the BBC charts,UCI-2011
ham,say thanks2. ,UCI-2011
ham,Msg me when rajini comes.,UCI-2011
ham,Ya! when are ü taking ure practical lessons? I start in june..  ,UCI-2011
ham,"That's good, because I need drugs",UCI-2011
ham,Stupid.its not possible,UCI-2011
ham,Can ü all decide faster cos my sis going home liao..,UCI-2011
spam,Summers finally here! Fancy a chat or flirt with sexy singles in yr area? To get MATCHED up just reply SUMMER now. Free 2 Join. OptOut txt STOP Help08714742804,UCI-2011
ham,U sleeping now.. Or you going to take? Haha.. I got spys wat.. Me online checking n replying mails lor..,UCI-2011
spam,CLAIRE here am havin borin time & am now alone U wanna cum over 2nite? Chat now 09099725823 hope 2 C U Luv CLAIRE xx Calls£1/minmoremobsEMSPOBox45PO139WA,UCI-2011
ham,"Fighting with the world is easy, u either win or lose bt fightng with some1 who is close to u is dificult if u lose - u lose if u win - u still lose.",UCI-2011
spam,Bought one ringtone and now getting texts costing 3 pound offering more tones etc,UCI-2011
ham,"Yalru lyfu astne chikku.. Bt innu mundhe lyf ali halla ke bilo (marriage)program edhae, so lyf is nt yet ovr chikku..ali vargu lyfu meow meow:-D",UCI-2011
ham,Kinda. First one gets in at twelve! Aah. Speak tomo,UCI-2011
spam,"09066362231 URGENT! Your mobile No 07xxxxxxxxx won a £2,000 bonus caller prize on 02/06/03! this is the 2nd attempt to reach YOU! call 09066362231 ASAP!",UCI-2011
ham,Ok good then i later come find ü... C lucky i told ü to go earlier... Later pple take finish ü no more again...,UCI-2011
ham,Wat makes u thk i'll fall down. But actually i thk i'm quite prone 2 falls. Lucky my dad at home i ask him come n fetch me already.,UCI-2011
spam,"YOU 07801543489 are guaranteed the latests Nokia Phone, a 40GB iPod MP3 player or a £500 prize! Txt word:COLLECT to No:83355! TC-LLC NY-USA 150p/Mt msgrcvd18+",UCI-2011
ham,Your account has been refilled successfully by INR  &lt;DECIMAL&gt; . Your KeralaCircle prepaid account balance is Rs  &lt;DECIMAL&gt; . Your Transaction ID is KR &lt;#&gt; .,UCI-2011
ham,I wont touch you with out your permission.,UCI-2011
spam,Hi its LUCY Hubby at meetins all day Fri & I will B alone at hotel U fancy cumin over? Pls leave msg 2day 09099726395 Lucy x Calls£1/minMobsmoreLKPOBOX177HP51FL,UCI-2011
ham,"7 wonders in My WORLD 7th You 6th Ur style 5th Ur smile 4th Ur Personality 3rd Ur Nature 2nd Ur SMS and 1st ""Ur Lovely Friendship""... good morning dear",UCI-2011
ham,Take some small dose tablet for fever,UCI-2011
ham,Oh. U must have taken your REAL Valentine out shopping first.,UCI-2011
ham,"Just sent you an email – to an address with incomm in it, is that right?",UCI-2011
ham,"Will do, you gonna be at blake's all night? I might be able to get out of here a little early",UCI-2011
ham,"Friendship is not a game to play, It is not a word to say, It doesn\'t start on March and ends on May, It is tomorrow, yesterday, today and e",UCI-2011
ham,"Nice. Wait...should you be texting right now? I'm not gonna pay your ticket, ya know!",UCI-2011
ham,I'm watching lotr w my sis dis aft. So u wan 2 meet me 4 dinner at nite a not?,UCI-2011
ham,Why you keeping me away like this,UCI-2011
ham,I think its far more than that but find out. Check google maps for a place from your dorm.,UCI-2011
ham,My trip was ok but quite tiring lor. Uni starts today but it's ok 4 me cos i'm not taking any modules but jus concentrating on my final yr project.,UCI-2011
ham,Have you always been saying welp?,UCI-2011
ham,"I'm a guy, browsin is compulsory",UCI-2011
ham,Ok...,UCI-2011
ham,Purity of friendship between two is not about smiling after reading the forwarded message..Its about smiling just by seeing the name. Gud evng musthu,UCI-2011
ham,"Sorry, I'll call later",UCI-2011
ham,"(I should add that I don't really care and if you can't I can at least get this dude to fuck off but hey, your money if you want it)",UCI-2011
ham,"Hello lover! How goes that new job? Are you there now? Are you happy? Do you think of me? I wake, my slave and send you a teasing kiss from across the sea",UCI-2011
ham,I told your number to gautham..,UCI-2011
ham,Tell them no need to investigate about me anywhere.,UCI-2011
ham,Ok i juz receive..,UCI-2011
ham,"Cant believe i said so many things to you this morning when all i really wanted to say was good morning, i love you! Have a beautiful morning. See you in the library later.",UCI-2011
spam,"Your account has been credited with 500 FREE Text Messages. To activate, just txt the word: CREDIT to No: 80488 T&Cs www.80488.biz",UCI-2011
ham,In the end she might still vomit but its okay. Not everything will come out.,UCI-2011
ham,How are you with moneY...as in to you...money aint a thing....how are you sha!,UCI-2011
ham,It has everything to do with the weather. Keep extra warm. Its a cold but nothing serious. Pls lots of vitamin c,UCI-2011
ham,Hey gals.. Anyone of u going down to e driving centre tmr?,UCI-2011
ham,I'm always on yahoo messenger now. Just send the message to me and i.ll get it you may have to send it in the mobile mode sha but i.ll get it. And will reply.,UCI-2011
ham,I'm putting it on now. It should be ready for  &lt;TIME&gt; ,UCI-2011
ham,"Time n Smile r the two crucial things in our life. Sometimes time makes us to forget smile, and sometimes someone's smile makes us to forget time gud noon",UCI-2011
spam,"SMS. ac JSco: Energy is high, but u may not know where 2channel it. 2day ur leadership skills r strong. Psychic? Reply ANS w/question. End? Reply END JSCO",UCI-2011
ham,Host-based IDPS for linux systems.,UCI-2011
spam,"HOT LIVE FANTASIES call now 08707509020 Just 20p per min NTT Ltd, PO Box 1327 Croydon CR9 5WB 0870 is a national rate call",UCI-2011
ham,Don no da:)whats you plan?,UCI-2011
ham,Ill be there on  &lt;#&gt;  ok.,UCI-2011
ham,Oh my God. I'm almost home,UCI-2011
ham,Total video converter free download type this in google search:),UCI-2011
spam,Thanks for the Vote. Now sing along with the stars with Karaoke on your mobile. For a FREE link just reply with SING now.,UCI-2011
ham,"Wen ur lovable bcums angry wid u, dnt take it seriously.. Coz being angry is d most childish n true way of showing deep affection, care n luv!.. kettoda manda... Have nice day da.",UCI-2011
ham,Sounds like something that someone testing me would sayy,UCI-2011
ham,When u love someone Dont make them to love u as much as u do. But Love them so much that they dont want to be loved by anyone except you... Gud nit.,UCI-2011
ham,"Pete,is this your phone still? Its Jenny from college and Leanne.what are you up to now?:)",UCI-2011
ham,Oops sorry. Just to check that you don't mind picking me up tomo at half eight from station. Would that be ok?,UCI-2011
ham,"Hey sweet, I was wondering when you had a moment if you might come to me ? I want to send a file to someone but it won't go over yahoo for them because their connection sucks, remember when you set up that page for me to go to and download the format disc ? Could you tell me how to do that ? Or do you know some other way to download big files ? Because they can download stuff directly from the internet. Any help would be great, my prey ... *teasing kiss*",UCI-2011
ham,Hows the champ just leaving glasgow!,UCI-2011
ham,K:)all the best:)congrats...,UCI-2011
ham,I wonder if you'll get this text?,UCI-2011
ham,I need to come home and give you some good lovin...,UCI-2011
spam,Our brand new mobile music service is now live. The free music player will arrive shortly. Just install on your phone to browse content from the top artists.,UCI-2011
ham,Shall i ask one thing if you dont mistake me.,UCI-2011
ham,Check wid corect speling i.e. Sarcasm,UCI-2011
spam,"URGENT! Your Mobile No was awarded a £2,000 Bonus Caller Prize on 1/08/03! This is our 2nd attempt to contact YOU! Call 0871-4719-523 BOX95QU BT National Rate",UCI-2011
ham,Are you angry with me. What happen dear,UCI-2011
ham,I thk u dun haf 2 hint in e forum already lor... Cos i told ron n darren is going 2 tell shuhui.,UCI-2011
ham,Yup ok thanx...,UCI-2011
ham,Hi:)cts employee how are you?,UCI-2011
ham,Pls pls find out from aunt nike.,UCI-2011
ham,"Wow ... I love you sooo much, you know ? I can barely stand it ! I wonder how your day goes and if you are well, my love ... I think of you and miss you",UCI-2011
ham,No screaming means shouting..,UCI-2011
ham,Hey what happen de. Are you alright.,UCI-2011
ham,Should I have picked up a receipt or something earlier,UCI-2011
ham,I think chennai well settled?,UCI-2011
ham,Oh dang! I didn't mean o send that to you! Lol!,UCI-2011
ham,Unfortunately i've just found out that we have to pick my sister up from the airport that evening so don't think i'll be going out at all. We should try to go out one of th,UCI-2011
ham,Horrible bf... I now v hungry...,UCI-2011
ham,Remember on that day..,UCI-2011
spam,You have won a Nokia 7250i. This is what you get when you win our FREE auction. To take part send Nokia to 86021 now. HG/Suite342/2Lands Row/W1JHL 16+,UCI-2011
ham,How's it feel? Mr. Your not my real Valentine just my yo Valentine even tho u hardly play!!,UCI-2011
ham,All sounds good. Fingers . Makes it difficult to type,UCI-2011
ham,Midnight at the earliest,UCI-2011
ham,You're not sure that I'm not trying to make xavier smoke because I don't want to smoke after being told I smoke too much?,UCI-2011
ham,K come to nordstrom when you're done,UCI-2011
ham,Do u konw waht is rael FRIENDSHIP Im gving yuo an exmpel: Jsut ese tihs msg.. Evrey splleing of tihs msg is wrnog.. Bt sitll yuo can raed it wihtuot ayn mitsake.. GOODNIGHT &amp; HAVE A NICE SLEEP..SWEET DREAMS..,UCI-2011
ham,Now press conference da:),UCI-2011
spam,"Hello from Orange. For 1 month's free access to games, news and sport, plus 10 free texts and 20 photo messages, reply YES. Terms apply: www.orange.co.uk/ow",UCI-2011
ham,After completed degree. There is no use in joining finance.,UCI-2011
ham,"Good afternoon, my love ! Any job prospects ? Are you missing me ? What do you do ? Are you being lazy and bleak, hmmm ? Or happy and filled with my love ?",UCI-2011
ham,Shant disturb u anymore... Jia you...,UCI-2011
ham,Bishan lar nearer... No need buy so early cos if buy now i gotta park my car...,UCI-2011
ham,"Me, i dont know again oh",UCI-2011
ham,Dude sux for snake. He got old and raiden got buff,UCI-2011
ham,He says hi and to get your ass back to south tampa (preferably at a kegger),UCI-2011
ham,In e msg jus now. U said thanks for gift.,UCI-2011
ham,U too...,UCI-2011
ham,Ok how you dear. Did you call chechi,UCI-2011
ham,Yeah we do totes. When u wanna?,UCI-2011
ham,Ok i found dis pierre cardin one which looks normal costs 20 its on sale.,UCI-2011
ham,Good sleep is about rhythm. The person has to establish a rhythm that the body will learn and use. If you want to know more :-),UCI-2011
ham,Wat r u doing?,UCI-2011
ham,Message from . I am at Truro Hospital on ext. You can phone me here. as I have a phone by my side,UCI-2011
ham,"Single line with a big meaning::::: ""Miss anything 4 ur ""Best Life"" but, don't miss ur best life for anything... Gud nyt...",UCI-2011
ham,"Just got some gas money, any chance you and the gang want to go on a grand nature adventure?",UCI-2011
ham,Dnt worry...use ice pieces in a cloth pack.also take 2 tablets.,UCI-2011
ham,Dude just saw a parked car with its sunroof popped up. Sux,UCI-2011
ham,Get ready to put on your excellent sub face :),UCI-2011
ham,Tmrw. Im finishing 9 doors,UCI-2011
ham,"The  &lt;#&gt; g that i saw a few days ago, the guy wants sell wifi only for  &lt;#&gt;  and with 3g for  &lt;#&gt; . That's why i blanked him.",UCI-2011
ham,I am late. I will be there at,UCI-2011
ham,"whatever, im pretty pissed off.",UCI-2011
ham,Today is ACCEPT DAY..U Accept me as? Brother Sister Lover Dear1 Best1 Clos1 Lvblefrnd Jstfrnd Cutefrnd Lifpartnr Belovd Swtheart Bstfrnd No rply means enemy,UCI-2011
ham,I dont have that much image in class.,UCI-2011
ham,No:-)i got rumour that you going to buy apartment in chennai:-),UCI-2011
ham,Near kalainar tv office.thenampet,UCI-2011
spam,Ur cash-balance is currently 500 pounds - to maximize ur cash-in now send GO to 86688 only 150p/msg. CC 08718720201 HG/Suite342/2Lands Row/W1J6HL,UCI-2011
spam,SMS AUCTION - A BRAND NEW Nokia 7250 is up 4 auction today! Auction is FREE 2 join & take part! Txt NOKIA to 86021 now! HG/Suite342/2Lands Row/W1J6HL,UCI-2011
ham,My sis is catching e show in e afternoon so i'm not watching w her. So c u wan 2 watch today or tmr lor.,UCI-2011
ham,"Sounds gd... Haha... Can... Wah, u yan jiu so fast liao...",UCI-2011
ham,No. To be nosy I guess. Idk am I over reacting if I'm freaked?,UCI-2011
ham,"Remember all those whom i hurt during days of satanic imposter in me.need to pay a price,so be it.may destiny keep me going and as u said pray that i get the mind to get over the same.",UCI-2011
ham,How to Make a girl Happy? It's not at all difficult to make girls happy. U only need to be... 1. A friend 2. Companion 3. Lover 4. Chef . . .  &lt;#&gt; . Good listener  &lt;#&gt; . Organizer  &lt;#&gt; . Good boyfriend  &lt;#&gt; . Very clean  &lt;#&gt; . Sympathetic  &lt;#&gt; . Athletic  &lt;#&gt; . Warm . . .  &lt;#&gt; . Courageous  &lt;#&gt; . Determined  &lt;#&gt; . True  &lt;#&gt; . Dependable  &lt;#&gt; . Intelligent . . .  &lt;#&gt; . Psychologist  &lt;#&gt; . Pest exterminator  &lt;#&gt; . Psychiatrist  &lt;#&gt; . Healer . .  &lt;#&gt; . Stylist  &lt;#&gt; . Driver . . Aaniye pudunga venaam..,UCI-2011
ham,"Why is that, princess? I bet the brothas are all chasing you!",UCI-2011
ham,"I shall book chez jules for half eight, if that's ok with you?",UCI-2011
ham,Hhahhaahahah rofl wtf nig was leonardo in your room or something,UCI-2011
ham,"Yep, at derek's house now, see you Sunday &lt;3",UCI-2011
ham,"It's cool, let me know before it kicks off around  &lt;#&gt; , I'll be out and about all day",UCI-2011
ham,"Sorry, I'll call later",UCI-2011
ham,I was wondering if it would be okay for you to call uncle john and let him know that things are not the same in nigeria as they r here. That  &lt;#&gt;  dollars is 2years sent and that you know its a strain but i plan to pay back every dime he gives. Every dime so for me to expect anything from you is not practical. Something like that.,UCI-2011
ham,There are no other charges after transfer charges and you can withdraw anyhow you like,UCI-2011
ham,"Dont search love, let love find U. Thats why its called falling in love, bcoz U dont force yourself, U just fall and U know there is smeone to hold U... BSLVYL",UCI-2011
ham,At 4. Let's go to bill millers,UCI-2011
ham,I love you. You set my soul on fire. It is not just a spark. But it is a flame. A big rawring flame. XoXo,UCI-2011
ham,"Somewhr someone is surely made 4 u. And God has decided a perfect time to make u meet dat person. . . . till den, . . . . . Enjoy ur crushes..!!!;-)",UCI-2011
ham,That's my honeymoon outfit. :),UCI-2011
ham,Will it help if we propose going back again tomorrow,UCI-2011
spam,PRIVATE! Your 2003 Account Statement for shows 800 un-redeemed S. I. M. points. Call 08719899230 Identifier Code: 41685 Expires 07/11/04,UCI-2011
ham,Never blame a day in ur life. Good days give u happiness. Bad days give u experience. Both are essential in life! All are Gods blessings! good morning.:,UCI-2011
ham,Pls confirm the time to collect the cheque.,UCI-2011
spam,As a Registered Subscriber yr draw 4 a £100 gift voucher will b entered on receipt of a correct ans. When are the next olympics. Txt ans to 80062,UCI-2011
spam,URGENT! Your Mobile number has been awarded with a £2000 prize GUARANTEED. Call 09061790121 from land line. Claim 3030. Valid 12hrs only 150ppm,UCI-2011
ham,Daddy will take good care of you :),UCI-2011
ham,"Yeah probably, I still gotta check out with leo",UCI-2011
ham,K.then any other special?,UCI-2011
ham,Carlos is taking his sweet time as usual so let me know when you and patty are done/want to smoke and I'll tell him to haul ass,UCI-2011
ham,Ok pa. Nothing problem:-),UCI-2011
ham,Have you heard about that job? I'm going to that wildlife talk again tonight if u want2come. Its that2worzels and a wizzle or whatever it is?! ,UCI-2011
ham,"God picked up a flower and dippeditinaDEW, lovingly touched itwhichturnedinto u, and the he gifted tomeandsaid,THIS FRIEND IS 4U",UCI-2011
ham,When you came to hostel.,UCI-2011
ham,Ok no prob... I'll come after lunch then...,UCI-2011
ham,Jus telling u dat i'll b leaving 4 shanghai on 21st instead so we'll haf more time 2 meet up cya...,UCI-2011
ham,Are your freezing ? Are you home yet ? Will you remember to kiss your mom in the morning? Do you love me ? Do you think of me ? Are you missing me yet ?,UCI-2011
ham,You all ready for * big day tomorrow?,UCI-2011
ham,I'll probably be around mu a lot,UCI-2011
ham,645,UCI-2011
spam,RT-KIng Pro Video Club>> Need help? info@ringtoneking.co.uk or call 08701237397 You must be 16+ Club credits redeemable at www.ringtoneking.co.uk! Enjoy!,UCI-2011
ham,Thnx dude. u guys out 2nite?,UCI-2011
ham,Me sef dey laugh you. Meanwhile how's my darling anjie!,UCI-2011
ham,Mm i had my food da from out,UCI-2011
ham,"K, makes sense, btw carlos is being difficult so you guys are gonna smoke while I go pick up the second batch and get gas",UCI-2011
ham,Did u download the fring app?,UCI-2011
ham,The 2 oz guy is being kinda flaky but one friend is interested in picking up $ &lt;#&gt;  worth tonight if possible,UCI-2011
ham,Friends that u can stay on fb chat with,UCI-2011
ham,"Fuck babe, I miss you sooooo much !! I wish you were here to sleep with me ... My bed is so lonely ... I go now, to sleep ... To dream of you, my love ...",UCI-2011
ham,"Living is very simple.. Loving is also simple.. Laughing is too simple.. Winning is tooo simple.. But, being 'SIMPLE' is very difficult.. Gud nte.:-",UCI-2011
spam,U have a secret admirer who is looking 2 make contact with U-find out who they R*reveal who thinks UR so special-call on 09058094599,UCI-2011
ham,"Ah, well that confuses things, doesn‘t it?",UCI-2011
spam,500 free text msgs. Just text ok to 80488 and we'll credit your account,UCI-2011
ham,Hi Dear Call me its urgnt. I don't know whats your problem. You don't want to work or if you have any other problem at least tell me. Wating for your reply.,UCI-2011
ham,Dear how you. Are you ok?,UCI-2011
spam,"You have been selected to stay in 1 of 250 top British hotels - FOR NOTHING! Holiday Worth £350! To Claim, Call London 02072069400. Bx 526, SW73SS",UCI-2011
ham,Yes princess! I want to make you happy...,UCI-2011
ham,Sounds like you have many talents! would you like to go on a dinner date next week?,UCI-2011
ham,I am going to film 2day da. At 6pm. Sorry da.,UCI-2011
ham,We not watching movie already. Xy wants 2 shop so i'm shopping w her now.,UCI-2011
ham,Hello my little party animal! I just thought I'd buzz you as you were with your friends ...*grins*... Reminding you were loved and send a naughty adoring kiss,UCI-2011
ham,Yesterday its with me only . Now am going home.,UCI-2011
spam,"Eerie Nokia tones 4u, rply TONE TITLE to 8007 eg TONE DRACULA to 8007 Titles: GHOST, ADDAMSFA, MUNSTERS, EXORCIST, TWILIGHT www.getzed.co.uk POBox36504W45WQ 150p",UCI-2011
ham,"You have come into my life and brought the sun ..Shiny down on me, warming my heart. Putting a constant smile on my face ... Making me feel loved and cared for",UCI-2011
ham,"No shit, but I wasn't that surprised, so I went and spent the evening with that french guy I met in town here and we fooled around a bit but I didn't let him fuck me",UCI-2011
spam,"0A$NETWORKS allow companies to bill for SMS, so they are responsible for their ""suppliers"", just as a shop has to give a guarantee on what they sell. B. G.",UCI-2011
ham,Great comedy..cant stop laughing da:),UCI-2011
spam,FreeMsg:Feelin kinda lnly hope u like 2 keep me company! Jst got a cam moby wanna c my pic?Txt or reply DATE to 82242 Msg150p 2rcv Hlp 08712317606 stop to 82242,UCI-2011
ham,"Alright, we're all set here, text the man",UCI-2011
ham,"Hi , where are you? We're at  and they're not keen to go out i kind of am but feel i shouldn't so can we go out tomo, don't mind do you?",UCI-2011
ham,Sleeping nt feeling well,UCI-2011
ham,U WILL SWITCH YOUR FONE ON DAMMIT!!,UCI-2011
ham,India have to take lead:),UCI-2011
ham,I.ll post her out l8r. In class,UCI-2011
ham,Thts wat Wright Brother did to fly..,UCI-2011
ham,"Evening * v good if somewhat event laden. Will fill you in, don't you worry … Head * ok but throat * wrecked. See you at six then!",UCI-2011
ham,If u laugh really loud.. If u talk spontaneously.. If u dont care what others feel.. U are probably with your dear &amp; best friends.. GOODEVENING Dear..:),UCI-2011
ham,ITS A LAPTOP TAKE IT WITH YOU.,UCI-2011
ham,I dont have any of your file in my bag..i was in work when you called me.i 'll tell you if i find anything in my room.,UCI-2011
ham,I wan but too early lei... Me outside now wun b home so early... Neva mind then...,UCI-2011
spam,"For ur chance to win a £250 cash every wk TXT: ACTION to 80608. T's&C's www.movietrivia.tv custcare 08712405022, 1x150p/wk",UCI-2011
ham,I was at bugis juz now wat... But now i'm walking home oredi... Ü so late then reply... I oso saw a top dat i like but din buy... Where r ü now? ,UCI-2011
ham,"Wishing you and your family Merry ""X"" mas and HAPPY NEW Year in advance..",UCI-2011
ham,At 7 we will go ok na.,UCI-2011
ham,Yes I posted a couple of pics on fb. There's still snow outside too. I'm just waking up :),UCI-2011
ham,S:-)if we have one good partnership going we will take lead:),UCI-2011
spam,RGENT! This is the 2nd attempt to contact U!U have WON £1250 CALL 09071512433 b4 050703 T&CsBCM4235WC1N3XX. callcost 150ppm mobilesvary. max£7. 50,UCI-2011
ham,"Yeah, where's your class at?",UCI-2011
ham,No just send to you. Bec you in temple na.,UCI-2011
ham,"You aren't coming home between class, right? I need to work out and shower!",UCI-2011
spam,Hi if ur lookin 4 saucy daytime fun wiv busty married woman Am free all next week Chat now 2 sort time 09099726429 JANINExx Calls£1/minMobsmoreLKPOBOX177HP51FL,UCI-2011
ham,S but mostly not like that.,UCI-2011
ham,Ü v ma fan...,UCI-2011
ham,Dunno cos i was v late n when i reach they inside already... But we ate spageddies lor... It's e gals who r laughing at me lor...,UCI-2011
ham,Guess who spent all last night phasing in and out of the fourth dimension,UCI-2011
ham,So now my dad is gonna call after he gets out of work and ask all these crazy questions.,UCI-2011
ham,"Yes..but they said its IT.,",UCI-2011
ham,"Very hurting n meaningful lines ever: ""I compromised everything for my love, But at d end my love compromised me for everything:-("".. Gud mornin:-)",UCI-2011
ham,Lmao!nice 1,UCI-2011
ham,Glad to see your reply.,UCI-2011
spam,URGENT! We are trying to contact U. Todays draw shows that you have won a £800 prize GUARANTEED. Call 09050001295 from land line. Claim A21. Valid 12hrs only,UCI-2011
spam,Monthly password for wap. mobsi.com is 391784. Use your wap phone not PC.,UCI-2011
ham,Nah dub but je still buff,UCI-2011
ham,"Painful words- ""I thought being Happy was the most toughest thing on Earth... But, the toughest is acting Happy with all unspoken pain inside..""",UCI-2011
ham,"Yeah, that's fine! It's £6 to get in, is that ok? ",UCI-2011
ham,Lol where do u come up with these ideas?,UCI-2011
ham,"So many people seems to be special at first sight, But only very few will remain special to you till your last sight.. Maintain them till life ends.. Sh!jas",UCI-2011
ham,"Today is ""song dedicated day.."" Which song will u dedicate for me? Send this to all ur valuable frnds but first rply me...",UCI-2011
ham,Okay... We wait ah,UCI-2011
ham,Y lei?,UCI-2011
ham,HI BABE U R MOST LIKELY TO BE IN BED BUT IM SO SORRY ABOUT TONIGHT! I REALLY WANNA SEE U TOMORROW SO CALL ME AT 9. LOVE ME XXX,UCI-2011
ham,Already am squatting is the new way of walking,UCI-2011
ham,Do you want bold 2 or bb torch,UCI-2011
ham,Cramps stopped. Going back to sleep,UCI-2011
spam,todays vodafone numbers ending with 0089(my last four digits) are selected to received a £350 award. If your number matches please call 09063442151 to claim your £350 award,UCI-2011
spam,Free Top ringtone -sub to weekly ringtone-get 1st week free-send SUBPOLY to 81618-?3 per week-stop sms-08718727870,UCI-2011
ham,Nan sonathaya soladha. Why boss?,UCI-2011
ham,Bring tat cd don forget,UCI-2011
spam,Sunshine Quiz Wkly Q! Win a top Sony DVD player if u know which country the Algarve is in? Txt ansr to 82277. £1.50 SP:Tyrone,UCI-2011
ham,I don't know but I'm raping dudes at poker,UCI-2011
ham,Weightloss! No more girl friends. Make loads of money on ebay or something. And give thanks to God.,UCI-2011
ham,Was gr8 to see that message. So when r u leaving? Congrats dear. What school and wat r ur plans.,UCI-2011
ham,Ü eatin later but i'm eatin wif my frens now lei... Ü going home first? ,UCI-2011
ham,Finish already... Yar they keep saying i mushy... I so embarrassed ok...,UCI-2011
ham,"Sorry man, my stash ran dry last night and I can't pick up more until sunday",UCI-2011
ham,Hai priya are you right. What doctor said pa. Where are you.,UCI-2011
spam,"Free msg. Sorry, a service you ordered from 81303 could not be delivered as you do not have sufficient credit. Please top up to receive the service.",UCI-2011
ham,Ok...,UCI-2011
ham,Please ask mummy to call father,UCI-2011
ham,Can come my room but cannot come my house cos my house still messy... Haha...,UCI-2011
ham,I have lost 10 kilos as of today!,UCI-2011
ham,Just taste fish curry :-P,UCI-2011
ham,What can i do? Might accidant tookplace between somewhere ghodbandar rd. Traffic moves slovely. So plz slip &amp; don't worry.,UCI-2011
ham,Yun ah.now ü wkg where?btw if ü go nus sc. Ü wana specialise in wad?,UCI-2011
ham,Yes! I am a one woman man! Please tell me your likes and dislikes in bed...,UCI-2011
ham,Was doing my test earlier. I appreciate you. Will call you tomorrow.,UCI-2011
ham,"How's my loverboy doing ? What does he do that keeps him from coming to his Queen, hmmm ? Doesn't he ache to speak to me ? Miss me desparately ?",UCI-2011
ham,U meet other fren dun wan meet me ah... Muz b a guy rite...,UCI-2011
ham,"(No promises on when though, haven't even gotten dinner yet)",UCI-2011
ham,I got your back! Do you have any dislikes in bed?,UCI-2011
ham,o turns out i had stereo love on mi phone under the unknown album.,UCI-2011
spam,Hard LIVE 121 chat just 60p/min. Choose your girl and connect LIVE. Call 09094646899 now! Cheap Chat UK's biggest live service. VU BCM1896WC1N3XX,UCI-2011
ham,Yeah I don't see why not,UCI-2011
ham,Asking do u knw them or nt? May be ur frnds or classmates?,UCI-2011
ham,"Sorry about earlier. Putting out fires.Are you around to talk after 9? Or do you actually have a life, lol!",UCI-2011
spam,WOW! The Boys R Back. TAKE THAT 2007 UK Tour. Win VIP Tickets & pre-book with VIP Club. Txt CLUB to 81303. Trackmarque Ltd info@vipclub4u.,UCI-2011
ham,"As in missionary hook up, doggy hook up, standing...|",UCI-2011
ham,Then u better go sleep.. Dun disturb u liao.. U wake up then msg me lor..,UCI-2011
ham,"Fighting with the world is easy, u either win or lose bt fightng with some1 who is close to u is dificult if u lose - u lose if u win - u still lose.",UCI-2011
ham,Am watching house – very entertaining – am getting the whole hugh laurie thing – even with the stick – indeed especially with the stick.,UCI-2011
ham,Thought praps you meant another one. Goodo! I'll look tomorrow ,UCI-2011
ham,"Hi Jon, Pete here, Ive bin 2 Spain recently & hav sum dinero left, Bill said u or ur rents mayb interested in it, I hav 12,000pes, so around £48, tb, James.",UCI-2011
ham,There bold 2  &lt;#&gt; . Is that yours,UCI-2011
ham,You know there is. I shall speak to you in  &lt;#&gt;  minutes then,UCI-2011
ham,ALRITE HUNNY!WOT U UP 2 2NITE? DIDNT END UP GOIN DOWN TOWN JUS DA PUB INSTEAD! JUS CHILLIN AT DA MO IN ME BEDROOM!LOVE JEN XXX.,UCI-2011
ham,I went to project centre,UCI-2011
ham,As per your request 'Maangalyam (Alaipayuthe)' has been set as your callertune for all Callers. Press *9 to copy your friends Callertune,UCI-2011
ham,Lol yeah at this point I guess not,UCI-2011
ham,Doing project w frens lor. ,UCI-2011
ham,Lol. Well quality aint bad at all so i aint complaining,UCI-2011
ham,"K, can that happen tonight?",UCI-2011
spam,"Hi, this is Mandy Sullivan calling from HOTMIX FM...you are chosen to receive £5000.00 in our Easter Prize draw.....Please telephone 09041940223 to claim before 29/03/05 or your prize will be transferred to someone else....",UCI-2011
ham,"I think we're going to finn's now, come",UCI-2011
ham,Why tired what special there you had,UCI-2011
ham,I will come tomorrow di,UCI-2011
ham,I cant pick the phone right now. Pls send a message,UCI-2011
ham,K go and sleep well. Take rest:-).,UCI-2011
ham,U guys never invite me anywhere :(,UCI-2011
spam,UR GOING 2 BAHAMAS! CallFREEFONE 08081560665 and speak to a live operator to claim either Bahamas cruise of£2000 CASH 18+only. To opt out txt X to 07786200117,UCI-2011
ham,I can do that! I want to please you both inside and outside the bedroom...,UCI-2011
ham,EY! CALM DOWNON THEACUSATIONS.. ITXT U COS IWANA KNOW WOTU R DOIN AT THEW/END... HAVENTCN U IN AGES..RING ME IF UR UP4 NETHING SAT.LOVE J XXX.,UCI-2011
ham,I love to wine and dine my lady!,UCI-2011
spam,Someone has conacted our dating service and entered your phone because they fancy you!To find out who it is call from landline 09111030116. PoBox12n146tf15,UCI-2011
ham,"Im cool ta luv but v.tired 2 cause i have been doin loads of planning all wk, we have got our social services inspection at the nursery! Take care & spk sn x.",UCI-2011
ham,I don know account details..i will ask my mom and send you.my mom is out of reach now.,UCI-2011
ham,I think u have the wrong number.,UCI-2011
ham,Feel Yourself That You Are Always Happy.. Slowly It Becomes Your Habit &amp; Finally It Becomes Part Of Your Life.. Follow It.. Happy Morning &amp; Have A Happy Day:),UCI-2011
ham,DO NOT B LATE LOVE MUM,UCI-2011
ham,Got it..mail panren paru..,UCI-2011
ham,* Was thinking about chuckin ur red green n black trainners 2 save carryin them bac on train,UCI-2011
ham,Give one miss from that number please,UCI-2011
ham,Jus came back fr lunch wif my sis only. U leh?,UCI-2011
ham,How is your schedule next week? I am out of town this weekend.,UCI-2011
ham,Really good:)dhanush rocks once again:),UCI-2011
ham,Lmao ok I wont be needing u to do my hair anymore.,UCI-2011
ham,"Miss ya, need ya, want ya, love ya.",UCI-2011
ham,Sorry i'm not free...,UCI-2011
ham,Do u ever get a song stuck in your head for no reason and it won't go away til u listen to it like 5 times?,UCI-2011
ham,Nt yet chikku..simple habba..hw abt u?,UCI-2011
ham,"Got ur mail Dileep.thank you so muchand look forward to lots of support...very less contacts here,remember one venugopal you mentioned.tomorrow if not late,i shall try to come up till there.goodnight dear.",UCI-2011
ham,Sometimes Heart Remembrs someone Very much... Forgets someone soon... Bcoz Heart will not like everyone. But liked ones will be Remembered Everytime... BSLVYL,UCI-2011
ham,Joy's father is John. Then John is the NAME of Joy's father. Mandan,UCI-2011
spam,Hi 07734396839 IBH Customer Loyalty Offer: The NEW NOKIA6600 Mobile from ONLY £10 at TXTAUCTION!Txt word:START to No:81151 & get Yours Now!4T&,UCI-2011
ham,Hi this is yijue... It's regarding the 3230 textbook it's intro to algorithms second edition... I'm selling it for $50...,UCI-2011
spam,SMS AUCTION You have won a Nokia 7250i. This is what you get when you win our FREE auction. To take part send Nokia to 86021 now. HG/Suite342/2Lands Row/W1JHL 16+,UCI-2011
ham,"K, want us to come by now?",UCI-2011
ham,How. Its a little difficult but its a simple way to enter this place,UCI-2011
ham,Ha... Both of us doing e same thing. But i got tv 2 watch. U can thk of where 2 go tonight or u already haf smth in mind...,UCI-2011
ham,Dont show yourself. How far. Put new pictures up on facebook.,UCI-2011
ham,Watching tv now. I got new job :),UCI-2011
ham,"Good afternoon sexy buns! How goes the job search ? I wake and you are my first thought as always, my love. I wish your fine and happy and know I adore you!",UCI-2011
ham,"I'm not coming over, do whatever you want",UCI-2011
ham,"Its ok chikku, and its my 1 of favourite song..:-)",UCI-2011
ham,Did u see what I posted on your Facebook?,UCI-2011
spam,Call FREEPHONE 0800 542 0578 now!,UCI-2011
spam,Buy Space Invaders 4 a chance 2 win orig Arcade Game console. Press 0 for Games Arcade (std WAP charge) See o2.co.uk/games 4 Terms + settings. No purchase,UCI-2011
ham,"7 wonders in My WORLD 7th You 6th Ur style 5th Ur smile 4th Ur Personality 3rd Ur Nature 2nd Ur SMS and 1st ""Ur Lovely Friendship""... good morning dear",UCI-2011
spam,"Loan for any purpose £500 - £75,000. Homeowners + Tenants welcome. Have you been previously refused? We can still help. Call Free 0800 1956669 or text back 'help'",UCI-2011
spam,BIG BROTHER ALERT! The computer has selected u for 10k cash or #150 voucher. Call 09064018838. NTT PO Box CRO1327 18+ BT Landline Cost 150ppm mobiles vary,UCI-2011
ham,";-( oh well, c u later",UCI-2011
ham,My uncles in Atlanta. Wish you guys a great semester.,UCI-2011
ham,No dear i do have free messages without any recharge. Hi hi hi,UCI-2011
ham,"Dont search love, let love find U. Thats why its called falling in love, bcoz U dont force yourself, U just fall and U know there is smeone to hold U... BSLVYL",UCI-2011
ham,I dun believe u. I thk u told him.,UCI-2011
ham,"Do you know why god created gap between your fingers..? So that, One who is made for you comes &amp; fills those gaps by holding your hand with LOVE..!",UCI-2011
ham,Yes:)sura in sun tv.:)lol.,UCI-2011
ham,Arun can u transfr me d amt,UCI-2011
ham,Takin a shower now but yeah I'll leave when I'm done,UCI-2011
ham,Am not working but am up to eyes in philosophy so will text u later when a bit more free for chat...,UCI-2011
ham,U havent lost me ill always b here 4u.i didnt intend 2 hurt u but I never knew how u felt about me when Iwas+marine&thats what itried2tell urmom.i careabout u,UCI-2011
spam,"WIN: We have a winner! Mr. T. Foley won an iPod! More exciting prizes soon, so keep an eye on ur mobile or visit www.win-82050.co.uk",UCI-2011
ham,You bad girl. I can still remember them,UCI-2011
ham,How much i gave to you. Morning.,UCI-2011
ham,"I hope your alright babe? I worry that you might have felt a bit desparate when you learned the job was a fake ? I am here waiting when you come back, my love",UCI-2011
ham,"Hey, can you tell me blake's address? Carlos wanted me to meet him there but I got lost and he's not answering his phone",UCI-2011
ham,Can i get your opinion on something first?,UCI-2011
ham,That one week leave i put know that time. Why.,UCI-2011
ham,"If we hit it off, you can move in with me :)",UCI-2011
ham,excellent. I spent  &lt;#&gt;  years in the Air Force. Iraq and afghanistan. I am stable and honest. do you like traveling?,UCI-2011
ham,I wanna watch that movie,UCI-2011
ham,Ok lor thanx... Ü in school?,UCI-2011
ham,I'm in class. Did you get my text.,UCI-2011
ham,The bus leaves at  &lt;#&gt; ,UCI-2011
ham,God bless.get good sleep my dear...i will pray!,UCI-2011
spam,Todays Voda numbers ending 1225 are selected to receive a £50award. If you have a match please call 08712300220 quoting claim code 3100 standard rates app ,UCI-2011
ham,Do have a nice day today. I love you so dearly.,UCI-2011
ham,Aiyo a bit pai seh ü noe... Scared he dun rem who i am then die... Hee... But he become better lookin oredi leh...,UCI-2011
ham,"Aight, I'll ask a few of my roommates",UCI-2011
ham,"Now, whats your house # again ? And do you have any beer there ?",UCI-2011
ham,Do ü all wan 2 meet up n combine all the parts? How's da rest of da project going?,UCI-2011
ham,Getting tickets 4 walsall tue 6 th march. My mate is getting me them on sat. ill pay my treat. Want 2 go. Txt bak .Terry,UCI-2011
ham,Yes we are chatting too.,UCI-2011
ham,HI ITS JESS I DONT KNOW IF YOU ARE AT WORK BUT CALL ME WHEN U CAN IM AT HOME ALL EVE. XXX,UCI-2011
ham,Sian... Aft meeting supervisor got work 2 do liao... U working now?,UCI-2011
ham,Are you going to write ccna exam this week??,UCI-2011
ham,Well i will watch shrek in 3D!!B),UCI-2011
ham,Am i that much dirty fellow?,UCI-2011
ham,Dunno dat's wat he told me. Ok lor...,UCI-2011
ham,I'll probably be by tomorrow (or even later tonight if something's going on),UCI-2011
ham,I couldn't say no as he is a dying man and I feel sad for him so I will go and I just wanted you to know I would probably be gone late into your night,UCI-2011
ham,If you're thinking of lifting me one then no.,UCI-2011
ham,Same as u... Dun wan... Y u dun like me already ah... Wat u doing now? Still eating?,UCI-2011
ham,Sent me ur email id soon,UCI-2011
ham,Wat makes some people dearer is not just de happiness dat u feel when u meet them but de pain u feel when u miss dem!!!,UCI-2011
ham,"Dude. What's up. How Teresa. Hope you have been okay. When i didnt hear from these people, i called them and they had received the package since dec  &lt;#&gt; . Just thot you'ld like to know. Do have a fantastic year and all the best with your reading. Plus if you can really really Bam first aid for Usmle, then your work is done.",UCI-2011
ham,Hey gorgeous man. My work mobile number is. Have a good one babe. Squishy Mwahs.,UCI-2011
ham,May i call You later Pls,UCI-2011
spam,"Hottest pics straight to your phone!! See me getting Wet and Wanting, just for you xx Text PICS to 89555 now! txt costs 150p textoperator g696ga 18 XxX",UCI-2011
ham,That's the way you should stay oh.,UCI-2011
ham,Hello- thanx for taking that call. I got a job! Starts on monday!,UCI-2011
ham,What time is ur flight tmr?,UCI-2011
ham,When should I come over?,UCI-2011
ham,I have a rather prominent bite mark on my right cheek,UCI-2011
ham,* Will be september by then!,UCI-2011
ham,Are you wet right now?,UCI-2011
ham,And how's your husband.,UCI-2011
spam,"Hack Chat. Get backdoor entry into 121 chat rooms at a fraction of the cost. Reply NEO69 or call 09050280520, to subscribe 25p pm. DPS, Bcm box 8027 Ldn, wc1n3xx",UCI-2011
ham,Are we doing the norm tomorrow? I finish just a 4.15 cos of st tests. Need to sort library stuff out at some point tomo - got letter from today - access til end march so i better get move on!,UCI-2011
ham,Yeah. I got a list with only u and Joanna if I'm feeling really anti social,UCI-2011
ham,I am in your office na.,UCI-2011
ham,Are you comingdown later?,UCI-2011
ham,Super da:)good replacement for murali,UCI-2011
ham,Da is good good player.why he is unsold.,UCI-2011
ham,Hi. || Do u want | to join me with sts later? || Meeting them at five. || Call u after class.,UCI-2011
ham,Its on in engalnd! But telly has decided it won't let me watch it and mia and elliot were kissing! Damn it!,UCI-2011
spam,"FREE NOKIA Or Motorola with upto 12mths 1/2price linerental, 500 FREE x-net mins&100txt/mth FREE B'tooth*. Call Mobileupd8 on 08001950382 or call 2optout/D3WV",UCI-2011
ham,I dont want to hear philosophy. Just say what happen,UCI-2011
ham,You got job in wipro:)you will get every thing in life in 2 or 3 years.,UCI-2011
ham,Then cant get da laptop? My matric card wif ü lei... ,UCI-2011
ham,Dunno da next show aft 6 is 850. Toa payoh got 650.,UCI-2011
spam,"This is the 2nd time we have tried 2 contact u. U have won the 750 Pound prize. 2 claim is easy, call 08718726970 NOW! Only 10p per min. BT-national-rate ",UCI-2011
ham,I just made some payments so dont have that much. Sorry. Would you want it fedex or the other way.,UCI-2011
ham,They did't play one day last year know even though they have very good team.. Like india.,UCI-2011
ham,K.:)you are the only girl waiting in reception ah?,UCI-2011
ham,"Say this slowly.? GOD,I LOVE YOU &amp; I NEED YOU,CLEAN MY HEART WITH YOUR BLOOD.Send this to Ten special people &amp; u c miracle tomorrow, do it,pls,pls do it...",UCI-2011
ham,I hate when she does this. She turns what should be a fun shopping trip into an annoying day of how everything would look in her house.,UCI-2011
ham,"Sir, i am waiting for your call.",UCI-2011
ham,What's up. Do you want me to come online?,UCI-2011
ham,"It could work, we'll reach a consensus at the next meeting",UCI-2011
ham,Aiyah then i wait lor. Then u entertain me. Hee...,UCI-2011
ham,"The last thing i ever wanted to do was hurt you. And i didn't think it would have. You'd laugh, be embarassed, delete the tag and keep going. But as far as i knew, it wasn't even up. The fact that you even felt like i would do it to hurt you shows you really don't know me at all. It was messy wednesday, but it wasn't bad. The problem i have with it is you HAVE the time to clean it, but you choose not to. You skype, you take pictures, you sleep, you want to go out. I don't mind a few things here and there, but when you don't make the bed, when you throw laundry on top of it, when i can't have a friend in the house because i'm embarassed that there's underwear and bras strewn on the bed, pillows on the floor, that's something else. You used to be good about at least making the bed.",UCI-2011
ham,I'll let you know when it kicks in,UCI-2011
ham,You call him now ok i said call him,UCI-2011
ham,Call to the number which is available in appointment. And ask to connect the call to waheed fathima.,UCI-2011
ham,Or ü go buy wif him then i meet ü later can?,UCI-2011
ham,Mmmm ... Fuck ... Not fair ! You know my weaknesses ! *grins* *pushes you to your knee's* *exposes my belly and pulls your head to it* Don't forget ... I know yours too *wicked smile*,UCI-2011
ham,Today my system sh get ready.all is well and i am also in the deep well,UCI-2011
ham,Mom wants to know where you at,UCI-2011
ham,"Aight, I'll text you when I'm back",UCI-2011
ham,Dont know supports ass and srt i thnk. I think ps3 can play through usb too,UCI-2011
ham,Oh ok i didnt know what you meant. Yep i am baby jontin,UCI-2011
spam,You have WON a guaranteed £1000 cash or a £2000 prize.To claim yr prize call our customer service representative on,UCI-2011
spam,Would you like to see my XXX pics they are so hot they were nearly banned in the uk!,UCI-2011
spam,HMV BONUS SPECIAL 500 pounds of genuine HMV vouchers to be won. Just answer 4 easy questions. Play Now! Send HMV to 86688 More info:www.100percent-real.com,UCI-2011
ham,Watching tv now. I got new job :),UCI-2011
ham,This pen thing is beyond a joke. Wont a Biro do? Don't do a masters as can't do this ever again! ,UCI-2011
ham,I AM AT A PARTY WITH ALEX NICHOLS,UCI-2011
spam,U have a secret admirer who is looking 2 make contact with U-find out who they R*reveal who thinks UR so special-call on 09058094594,UCI-2011
ham,Just seeing your missed call my dear brother. Do have a gr8 day.,UCI-2011
ham,Ok.. Ü finishing soon?,UCI-2011
ham,"Sorry, I can't help you on this.",UCI-2011
ham,"Come to me, slave. Your doing it again ... Going into your shell and unconsciously avoiding me ... You are making me unhappy :-(",UCI-2011
ham,I love your ass! Do you enjoy doggy style? :),UCI-2011
ham,I think asking for a gym is the excuse for lazy people. I jog.,UCI-2011
spam,Dear 0776xxxxxxx U've been invited to XCHAT. This is our final attempt to contact u! Txt CHAT to 86688 150p/MsgrcvdHG/Suite342/2Lands/Row/W1J6HL LDN 18yrs ,UCI-2011
spam,Urgent! Please call 09061743811 from landline. Your ABTA complimentary 4* Tenerife Holiday or £5000 cash await collection SAE T&Cs Box 326 CW25WX 150ppm,UCI-2011
ham,No. On the way home. So if not for the long dry spell the season would have been over,UCI-2011
ham,I gotta collect da car at 6 lei.,UCI-2011
ham,Ok but knackered. Just came home and went to sleep! Not good at this full time work lark.,UCI-2011
ham,Probably earlier than that if the station's where I think it is,UCI-2011
spam,CALL 09090900040 & LISTEN TO EXTREME DIRTY LIVE CHAT GOING ON IN THE OFFICE RIGHT NOW TOTAL PRIVACY NO ONE KNOWS YOUR [sic] LISTENING 60P MIN 24/7MP 0870753331018+,UCI-2011
ham,Good Morning plz call me sir,UCI-2011
spam,"FreeMsg Hey U, i just got 1 of these video/pic fones, reply WILD to this txt & ill send U my pics, hurry up Im so bored at work xxx (18 150p/rcvd STOP2stop)",UCI-2011
ham,"Uh, heads up we don't have THAT much left",UCI-2011
ham,I tot u outside cos darren say u come shopping. Of course we nice wat. We jus went sim lim look at mp3 player.,UCI-2011
ham,"Aight, sounds good. When do you want me to come down?",UCI-2011
ham,Wat would u like 4 ur birthday?,UCI-2011
ham,I love working from home :),UCI-2011
ham,And miss vday the parachute and double coins??? U must not know me very well...,UCI-2011
ham,"Sorry, I'll call later",UCI-2011
ham,My sister got placed in birla soft da:-),UCI-2011
spam,Free entry in 2 a weekly comp for a chance to win an ipod. Txt POD to 80182 to get entry (std txt rate) T&C's apply 08452810073 for details 18+,UCI-2011
ham,Wah... Okie okie... Muz make use of e unlimited... Haha... ,UCI-2011
ham,"There're some people by mu, I'm at the table by lambda",UCI-2011
ham,And stop being an old man. You get to build snowman snow angels and snowball fights.,UCI-2011
ham,ELLO BABE U OK?,UCI-2011
ham,Hello beautiful r u ok? I've kinda ad a row wiv and he walked out the pub?? I wanted a night wiv u Miss u ,UCI-2011
ham,Then u going ikea str aft dat?,UCI-2011
ham,Becoz its  &lt;#&gt;  jan whn al the post ofice is in holiday so she cn go fr the post ofice...got it duffer,UCI-2011
ham,Lol grr my mom is taking forever with my prescription. Pharmacy is like 2 minutes away. Ugh.,UCI-2011
ham,For real tho this sucks. I can't even cook my whole electricity is out. And I'm hungry.,UCI-2011
ham,You want to go? ,UCI-2011
spam,New TEXTBUDDY Chat 2 horny guys in ur area 4 just 25p Free 2 receive Search postcode or at gaytextbuddy.com. TXT ONE name to 89693. 08715500022 rpl Stop 2 cnl,UCI-2011
ham,Its not that time of the month nor mid of the time?,UCI-2011
ham,Fffff. Can you text kadeem or are you too far gone,UCI-2011
ham,We not leaving yet. Ok lor then we go elsewhere n eat. U thk...,UCI-2011
ham,Is fujitsu s series lifebook good?,UCI-2011
ham,Yar i wanted 2 scold u yest but late already... I where got zhong se qing you? If u ask me b4 he ask me then i'll go out w u all lor. N u still can act so real.,UCI-2011
ham,Dont know you bring some food,UCI-2011
ham,No current and food here. I am alone also,UCI-2011
ham,I'll be in sch fr 4-6... I dun haf da book in sch... It's at home...,UCI-2011
ham,Hello. They are going to the village pub at 8 so either come here or there accordingly. Ok?,UCI-2011
ham,Ok,UCI-2011
ham,We don call like  &lt;#&gt;  times oh. No give us hypertension oh.,UCI-2011
ham,"Dont give a monkeys wot they think and i certainly don't mind. Any friend of mine&all that! Just don't sleep wiv , that wud be annoyin!",UCI-2011
ham,Omg it could snow here tonite!,UCI-2011
spam,Call from 08702490080 - tells u 2 call 09066358152 to claim £5000 prize. U have 2 enter all ur mobile & personal details @ the prompts. Careful!,UCI-2011
spam,Free 1st week entry 2 TEXTPOD 4 a chance 2 win 40GB iPod or £250 cash every wk. Txt VPOD to 81303 Ts&Cs www.textpod.net custcare 08712405020.,UCI-2011
ham,Carry on not disturbing both of you,UCI-2011
ham,What pa tell me.. I went to bath:-),UCI-2011
ham,Jus finished avatar nigro,UCI-2011
ham,R u over scratching it?,UCI-2011
ham,Hope you are having a great day.,UCI-2011
ham,Did either of you have any idea's? Do you know of anyplaces doing something?,UCI-2011
ham,"My planning usually stops at ""find hella weed, smoke hella weed""",UCI-2011
ham,"The fact that you're cleaning shows you know why i'm upset. Your priority is constantly ""what i want to do,"" not ""what i need to do.""",UCI-2011
ham,Excellent! Are you ready to moan and scream in ecstasy?,UCI-2011
spam,More people are dogging in your area now. Call 09090204448 and join like minded guys. Why not arrange 1 yourself. There's 1 this evening. A£1.50 minAPN LS278BB,UCI-2011
ham,Dude avatar 3d was imp. At one point i thought there were actually flies in the room and almost tried hittng one as a reflex,UCI-2011
spam,"WELL DONE! Your 4* Costa Del Sol Holiday or £5000 await collection. Call 09050090044 Now toClaim. SAE, TCs, POBox334, Stockport, SK38xh, Cost£1.50/pm, Max10mins",UCI-2011
ham,K...k:)why cant you come here and search job:),UCI-2011
ham,I got lousy sleep. I kept waking up every 2 hours to see if my cat wanted to come in. I worry about him when its cold :(,UCI-2011
ham,"Yeah, I'll leave in a couple minutes &amp; let you know when I get to mu",UCI-2011
ham,Can ü call me at 10:10 to make sure dat i've woken up...,UCI-2011
ham,Hey we can go jazz power yoga hip hop kb and yogasana ,UCI-2011
ham,The battery is for mr adewale my uncle. Aka Egbon,UCI-2011
ham,I cant pick the phone right now. Pls send a message,UCI-2011
ham,Wait 2 min..stand at bus stop,UCI-2011
ham,Oh ic. I thought you meant mary jane.,UCI-2011
ham,Haha... Really oh no... How? Then will they deduct your lesson tmr?,UCI-2011
ham,Nah im goin 2 the wrks with j wot bout u?,UCI-2011
ham,Then just eat a shit and wait for ur monkey face bitch.......... U asshole..................,UCI-2011
ham,Good night. Am going to sleep.,UCI-2011
ham,"Aight I'll grab something to eat too, text me when you're back at mu",UCI-2011
ham,K...k:)why cant you come here and search job:),UCI-2011
ham,Take something for pain. If it moves however to any side in the next 6hrs see a doctor.,UCI-2011
ham,"Lol ... Oh no babe, I wont be sliding into your place after midnight, but thanks for the invite",UCI-2011
ham,Howz that persons story,UCI-2011
spam,Guess what! Somebody you know secretly fancies you! Wanna find out who it is? Give us a call on 09065394973 from Landline DATEBox1282EssexCM61XN 150p/min 18,UCI-2011
ham,LOL that would be awesome payback.,UCI-2011
spam,it to 80488. Your 500 free text messages are valid until 31 December 2005.,UCI-2011
ham,Yes :)it completely in out of form:)clark also utter waste.,UCI-2011
ham,"Honeybee Said: *I'm d Sweetest in d World* God Laughed &amp; Said: *Wait,U Havnt Met d Person Reading This Msg* MORAL: Even GOD Can Crack Jokes! GM+GN+GE+GN:)",UCI-2011
ham,Thanks. It was only from tescos but quite nice. All gone now. Speak soon ,UCI-2011
ham,What's a feathery bowa? Is that something guys have that I don't know about?,UCI-2011
ham,Even i cant close my eyes you are in me our vava playing umma :-D,UCI-2011
ham,2 laptop... I noe infra but too slow lar... I wan fast one,UCI-2011
spam,You have won a guaranteed £200 award or even £1000 cashto claim UR award call free on 08000407165 (18+) 2 stop getstop on 88222 PHP,UCI-2011
ham,Nvm it's ok...,UCI-2011
ham,Enjoy ur life. . Good night,UCI-2011
ham,Yes but can we meet in town cos will go to gep and then home. You could text at bus stop. And don't worry we'll have finished by march … ish!,UCI-2011
ham,I had askd u a question some hours before. Its answer,UCI-2011
ham,Thats cool. Where should i cum? On you or in you? :),UCI-2011
ham,Delhi and chennai still silent.,UCI-2011
ham,Lol alright i was thinkin that too haha,UCI-2011
spam,Reply to win £100 weekly! Where will the 2006 FIFA World Cup be held? Send STOP to 87239 to end service,UCI-2011
ham,No I'm in the same boat. Still here at my moms. Check me out on yo. I'm half naked.,UCI-2011
ham,Shhhhh nobody is supposed to know!,UCI-2011
ham,"Sorry, I'll call later",UCI-2011
ham,"Sorry, I'll call later in meeting any thing related to trade please call Arul. &lt;#&gt; ",UCI-2011
ham,Hey i will be late... i'm at amk. Need to drink tea or coffee,UCI-2011
ham,I wnt to buy a BMW car urgently..its vry urgent.but hv a shortage of  &lt;#&gt; Lacs.there is no source to arng dis amt. &lt;#&gt; lacs..thats my prob,UCI-2011
spam,Urgent! Please call 09061743810 from landline. Your ABTA complimentary 4* Tenerife Holiday or #5000 cash await collection SAE T&Cs Box 326 CW25WX 150 ppm,UCI-2011
ham,The length is e same but e top shorter n i got a fringe now. I thk i'm not going liao. Too lazy. Dun wan 2 distract u also.,UCI-2011
ham,S..antha num corrct dane,UCI-2011
ham,No calls..messages..missed calls,UCI-2011
ham,"Sorry, I'll call later",UCI-2011
ham,The basket's gettin full so I might be by tonight,UCI-2011
ham,HI DARLIN IVE JUST GOT BACK AND I HAD A REALLY NICE NIGHT AND THANKS SO MUCH FOR THE LIFT SEE U TOMORROW XXX,UCI-2011
ham,No other Valentines huh? The proof is on your fb page. Ugh I'm so glad I really DIDN'T watch your rupaul show you TOOL!,UCI-2011
spam,Free tones Hope you enjoyed your new content. text stop to 61610 to unsubscribe. help:08712400602450p Provided by tones2you.co.uk,UCI-2011
ham,Eh den sat u book e kb liao huh...,UCI-2011
ham,Have you been practising your curtsey?,UCI-2011
ham,Shall i come to get pickle,UCI-2011
ham,Lol boo I was hoping for a laugh,UCI-2011
ham,"YEH I AM DEF UP4 SOMETHING SAT,JUST GOT PAYED2DAY & I HAVBEEN GIVEN A£50 PAY RISE 4MY WORK & HAVEBEEN MADE PRESCHOOLCO-ORDINATOR 2I AM FEELINGOOD LUV",UCI-2011
ham,"Well, I have to leave for my class babe ... You never came back to me ... :-( ... Hope you have a nice sleep, my love",UCI-2011
ham,LMAO where's your fish memory when I need it?,UCI-2011
ham,But i'll b going 2 sch on mon. My sis need 2 take smth.,UCI-2011
ham,Idea will soon get converted to live:),UCI-2011
spam,TheMob>Yo yo yo-Here comes a new selection of hot downloads for our members to get for FREE! Just click & open the next link sent to ur fone...,UCI-2011
ham,S....s...india going to draw the series after many years in south african soil..,UCI-2011
ham,"Goodmorning, today i am late for  &lt;DECIMAL&gt; min.",UCI-2011
ham,Can't take any major roles in community outreach. You rock mel,UCI-2011
ham,Shopping lor. Them raining mah hard 2 leave orchard.,UCI-2011
ham,Hi here. have birth at on the  to  at 8lb 7oz. Mother and baby doing brilliantly.,UCI-2011
ham,See the forwarding message for proof,UCI-2011
ham,"I can't keep going through this. It was never my intention to run you out, but if you choose to do that rather than keep the room clean so *I* don't have to say no to visitors, then maybe that's the best choice. Yes, I wanted you to be embarassed, so maybe you'd feel for once how I feel when i have a friend who wants to drop buy and i have to say no, as happened this morning. I've tried everything. I don't know what else to do.",UCI-2011
ham,Dunno lei... I thk mum lazy to go out... I neva ask her yet...,UCI-2011
ham,"Do whatever you want. You know what the rules are. We had a talk earlier this week about what had to start happening, you showing responsibility. Yet, every week it's can i bend the rule this way? What about that way? Do whatever. I'm tired of having thia same argument with you every week. And a  &lt;#&gt;  movie DOESNT inlude the previews. You're still getting in after 1.",UCI-2011
ham,"Beautiful Truth against Gravity.. Read carefully: ""Our heart feels light when someone is in it.. But it feels very heavy when someone leaves it.."" GOODMORNING",UCI-2011
spam,Great News! Call FREEFONE 08006344447 to claim your guaranteed £1000 CASH or £2000 gift. Speak to a live operator NOW!,UCI-2011
ham,Ambrith..madurai..met u in arun dha marrge..remembr?,UCI-2011
ham,Just re read it and I have no shame but tell me how he takes it and if he runs I will blame u 4 ever!! Not really 4 ever just a long time ,UCI-2011
ham,"Princess, is your kitty shaved or natural?",UCI-2011
ham,"Better than bb. If he wont use it, his wife will or them doctor",UCI-2011
ham,Ya it came a while ago,UCI-2011
ham,From tomorrow onwards eve 6 to 3 work.,UCI-2011
ham,Anything lor but toa payoh got place 2 walk meh...,UCI-2011
ham,"I don't have anybody's number, I still haven't thought up a tactful way to ask alex",UCI-2011
spam,"U can WIN £100 of Music Gift Vouchers every week starting NOW Txt the word DRAW to 87066 TsCs www.ldew.com SkillGame,1Winaweek, age16.150ppermessSubscription",UCI-2011
ham,Is there any movie theatre i can go to and watch unlimited movies and just pay once?,UCI-2011
ham,U having lunch alone? I now so bored...,UCI-2011
ham,"Yes obviously, but you are the eggs-pert and the potato head… Speak soon! ",UCI-2011
ham,"Nah man, my car is meant to be crammed full of people",UCI-2011
ham,No got new job at bar in airport on satsgettin 4.47per hour but means no lie in! keep in touch,UCI-2011
ham,Kallis is ready for bat in 2nd innings,UCI-2011
ham,Thanx but my birthday is over already.,UCI-2011
ham,"Ugh y can't u just apologize, admit u were wrong and ask me to take u back?",UCI-2011
ham,"I noe la... U wana pei bf oso rite... K lor, other days den...",UCI-2011
ham,"Yes, i'm small kid.. And boost is the secret of my energy..",UCI-2011
ham,IM GONNA MISS U SO MUCH,UCI-2011
ham,Is avatar supposed to have subtoitles,UCI-2011
ham,Simply sitting and watching match in office..,UCI-2011
ham,You can jot down things you want to remember later.,UCI-2011
ham,Oh sorry please its over,UCI-2011
ham,Hey are we going for the lo lesson or gym? ,UCI-2011
ham,"Dont pack what you can buy at any store.like cereals. If you must pack food, pack gari or something 9ja that you will miss.",UCI-2011
ham,You always make things bigger than they are,UCI-2011
ham,Ü dun wan to watch infernal affair?,UCI-2011
ham,"Me not waking up until 4 in the afternoon, sup",UCI-2011
spam,4mths half price Orange line rental & latest camera phones 4 FREE. Had your phone 11mths ? Call MobilesDirect free on 08000938767 to update now! or2stoptxt,UCI-2011
ham,I can send you a pic if you like :),UCI-2011
ham,Okay... I booked all already... Including the one at bugis.,UCI-2011
ham,"Aight fuck it, I'll get it later",UCI-2011
ham,No de. But call me after some time. Ill tell you k,UCI-2011
ham,So dont use hook up any how,UCI-2011
ham,How much is blackberry bold2 in nigeria.,UCI-2011
ham,Hi where you. You in home or calicut?,UCI-2011
ham,Hey darlin.. i can pick u up at college if u tell me wen & where 2 mt.. love Pete xx,UCI-2011
spam,"Call 09094100151 to use ur mins! Calls cast 10p/min (mob vary). Service provided by AOM, just GBP5/month. AOM Box61,M60 1ER until u stop. Ages 18+ only!",UCI-2011
ham,"Oh... I was thkin of goin yogasana at 10 den no nd to go at 3 den can rush to parco 4 nb... Okie lor, u call me when ready...",UCI-2011
ham,Y so late but i need to go n get da laptop...,UCI-2011
ham,"Sir, I am waiting for your mail.",UCI-2011
ham,.Please charge my mobile when you get up in morning.,UCI-2011
ham,"Nothing, i got msg frm tht unknown no..",UCI-2011
ham,Ugh fuck it I'm resubbing to eve,UCI-2011
ham,He didn't see his shadow. We get an early spring yay,UCI-2011
ham,I did. One slice and one breadstick. Lol,UCI-2011
ham,"Hey ! I want you ! I crave you ! I miss you ! I need you ! I love you, Ahmad Saeed al Hallaq ...",UCI-2011
ham,Is there any training tomorrow?,UCI-2011
spam,"URGENT! Your mobile No *********** WON a £2,000 Bonus Caller Prize on 02/06/03! This is the 2nd attempt to reach YOU! Call 09066362220 ASAP! BOX97N7QP, 150ppm",UCI-2011
ham,Pass dis to all ur contacts n see wat u get! Red;i'm in luv wid u. Blue;u put a smile on my face. Purple;u r realy hot. Pink;u r so swt. Orange;i thnk i lyk u. Green;i realy wana go out wid u. Yelow;i wnt u bck. Black;i'm jealous of u. Brown;i miss you Nw plz giv me one color,UCI-2011
ham,Cos daddy arranging time c wat time fetch ü mah...,UCI-2011
ham,Then. You are eldest know.,UCI-2011
ham,Who's there say hi to our drugdealer,UCI-2011
ham,Its hard to believe things like this. All can say lie but think twice before saying anything to me.,UCI-2011
spam,"Eerie Nokia tones 4u, rply TONE TITLE to 8007 eg TONE DRACULA to 8007 Titles: GHOST, ADDAMSFA, MUNSTERS, EXORCIST, TWILIGHT www.getzed.co.uk POBox36504W45WQ 150p ",UCI-2011
spam,Sexy Singles are waiting for you! Text your AGE followed by your GENDER as wither M or F E.G.23F. For gay men text your AGE followed by a G. e.g.23G.,UCI-2011
ham,Good night my dear.. Sleepwell&amp;Take care,UCI-2011
ham,That is wondarfull song,UCI-2011
spam,"FreeMsg: Claim ur 250 SMS messages-Text OK to 84025 now!Use web2mobile 2 ur mates etc. Join Txt250.com for 1.50p/wk. T&C BOX139, LA32WU. 16 . Remove txtX or stop",UCI-2011
ham,Yar lor actually we quite fast... Cos da ge slow wat... Haha...,UCI-2011
ham,Must come later.. I normally bathe him in da afternoon mah..,UCI-2011
ham,"Trust me. Even if isn't there, its there.",UCI-2011
ham,Hey hun-onbus goin 2 meet him. He wants 2go out 4a meal but I donyt feel like it cuz have 2 get last bus home!But hes sweet latelyxxx,UCI-2011
spam,85233 FREE>Ringtone!Reply REAL,UCI-2011
ham,I can take you at like noon,UCI-2011
ham,Where is it. Is there any opening for mca.,UCI-2011
ham,I'm aight. Wat's happening on your side.,UCI-2011
ham,I'm done oredi...,UCI-2011
ham,"you are sweet as well, princess. Please tell me your likes and dislikes in bed...",UCI-2011
ham,How are you. Wish you a great semester,UCI-2011
ham,Moji i love you more than words. Have a rich day,UCI-2011
ham,Dude how do you like the buff wind.,UCI-2011
ham,"alright babe, justthought id sayhey! how u doin?nearly the endof me wk offdam nevamind!We will have 2Hook up sn if uwant m8? loveJen x.",UCI-2011
spam,Well done ENGLAND! Get the official poly ringtone or colour flag on yer mobile! text TONE or FLAG to 84199 NOW! Opt-out txt ENG STOP. Box39822 W111WX £1.50,UCI-2011
ham,"No i'm not. I can't give you everything you want and need. You actually could do better for yourself on yor own--you've got more money than i do. I can't get work, i can't get a man, i can't pay the rent, i can't even fill my fucking gas tank. yes, i'm stressed and depressed. I didn't even call home for thanksgiving cuz i'll have to tell them i,m up to nothing.",UCI-2011
ham,S:-)kallis wont play in first two odi:-),UCI-2011
ham,Then get some cash together and I'll text jason,UCI-2011
ham,"Oh, my love, it's soooo good to hear from you. Omg I missed you so much today. I'm sorry your having problems with the provider but thank you for tming me",UCI-2011
spam,"Final Chance! Claim ur £150 worth of discount vouchers today! Text YES to 85023 now! SavaMob, member offers mobile! T Cs SavaMob POBOX84, M263UZ. £3.00 Subs 16",UCI-2011
spam,PRIVATE! Your 2004 Account Statement for 07742676969 shows 786 unredeemed Bonus Points. To claim call 08719180248 Identifier Code: 45239 Expires,UCI-2011
ham,"Probably, want to pick up more?",UCI-2011
ham,I'm done...,UCI-2011
ham,Are you the cutest girl in the world or what,UCI-2011
ham,"No dice, art class 6 thru 9 :( thanks though. Any idea what time I should come tomorrow?",UCI-2011
spam,"SMS SERVICES. for your inclusive text credits, pls goto www.comuk.net login= ***** unsubscribe with STOP. no extra charge. help:08700469649. PO BOX420. IP4 5WE",UCI-2011
ham,Oh Howda gud gud.. Mathe en samachara chikku:-),UCI-2011
ham,I thk 530 lor. But dunno can get tickets a not. Wat u doing now?,UCI-2011
ham,Audrie lousy autocorrect,UCI-2011
ham,Its a site to simulate the test. It just gives you very tough questions to test your readiness.,UCI-2011
ham,Anyway seriously hit me up when you're back because otherwise I have to light up with armand and he always has shit and/or is vomiting,UCI-2011
ham,I fetch yun or u fetch?,UCI-2011
ham,Thank you. I like you as well...,UCI-2011
ham,"Hmmm ... And imagine after you've come home from that having to rub my feet, make me dinner and help me get ready for my date ! Are you sure your ready for that kind of life ?",UCI-2011
spam,"FREE2DAY sexy St George's Day pic of Jordan!Txt PIC to 89080 dont miss out, then every wk a saucy celeb!4 more pics c PocketBabe.co.uk 0870241182716 £3/wk",UCI-2011
ham,Lara said she can loan me  &lt;#&gt; .,UCI-2011
ham,Do we have any spare power supplies,UCI-2011
ham,Yar he quite clever but aft many guesses lor. He got ask me 2 bring but i thk darren not so willing 2 go. Aiya they thk leona still not attach wat.,UCI-2011
spam,You are a winner you have been specially selected to receive £1000 cash or a £2000 award. Speak to a live operator to claim call 087123002209am-7pm. Cost 10p,UCI-2011
ham,"Yeah, don't go to bed, I'll be back before midnight",UCI-2011
spam,"Sunshine Hols. To claim ur med holiday send a stamped self address envelope to Drinks on Us UK, PO Box 113, Bray, Wicklow, Eire. Quiz Starts Saturday! Unsub Stop",UCI-2011
ham,Well I wasn't available as I washob nobbing with last night so they had to ask Nickey Platt instead of me!;,UCI-2011
ham,"It's that time of the week again, ryan",UCI-2011
ham,Wish u many many returns of the day.. Happy birthday vikky..,UCI-2011
spam,"U can WIN £100 of Music Gift Vouchers every week starting NOW Txt the word DRAW to 87066 TsCs www.Idew.com SkillGame, 1Winaweek, age16. 150ppermessSubscription",UCI-2011
ham,I hope you know I'm still mad at you.,UCI-2011
ham,"Argh my 3g is spotty, anyway the only thing I remember from the research we did was that province and sterling were the only problem-free places we looked at",UCI-2011
ham,In xam hall boy asked girl Tell me the starting term for dis answer I can den manage on my own After lot of hesitation n lookin around silently she said THE! intha ponnungale ipaditan;),UCI-2011
ham,Do you know when the result.,UCI-2011
spam,+123 Congratulations - in this week's competition draw u have won the £1450 prize to claim just call 09050002311 b4280703. T&Cs/stop SMS 08718727868. Over 18 only 150ppm,UCI-2011
ham,"Beautiful Truth against Gravity.. Read carefully: ""Our heart feels light when someone is in it.. But it feels very heavy when someone leaves it.."" GOOD NIGHT",UCI-2011
ham,"Sorry im getting up now, feel really bad- totally rejected that kinda me thing.",UCI-2011
ham,You do got a shitload of diamonds though,UCI-2011
ham,Tessy..pls do me a favor. Pls convey my birthday wishes to Nimya..pls dnt forget it. Today is her birthday Shijas,UCI-2011
ham,Well I'm going to be an aunty!,UCI-2011
ham,Mine here like all fr china then so noisy.,UCI-2011
ham,Later i guess. I needa do mcat study too.,UCI-2011
ham,S...from the training manual it show there is no tech process:)its all about password reset and troubleshooting:),UCI-2011
spam,Your B4U voucher w/c 27/03 is MARSMS. Log onto www.B4Utele.com for discount credit. To opt out reply stop. Customer care call 08717168528,UCI-2011
ham,"Spoke with uncle john today. He strongly feels that you need to sacrifice to keep me here. He's going to call you. When he does, i beg you to just listen. Dont make any promises or make it clear things are not easy. And i need you to please let us work things out. As long as i keep expecting help, my creativity will be stifled so pls just keep him happy, no promises on your part.",UCI-2011
ham,If he started searching he will get job in few days.he have great potential and talent.,UCI-2011
ham,"Carlos took a while (again), we leave in a minute",UCI-2011
ham,Well done and ! luv ya all ,UCI-2011
ham,Then why you came to hostel.,UCI-2011
ham,K still are you loving me.,UCI-2011
ham,But i juz remembered i gotta bathe my dog today..,UCI-2011
ham,After the drug she will be able to eat.,UCI-2011
ham,Alright took the morphine. Back in yo.,UCI-2011
ham,You see the requirements please,UCI-2011
ham,You stayin out of trouble stranger!!saw Dave the other day hes sorted now!still with me bloke when u gona get a girl MR!ur mum still Thinks we will get 2GETHA! ,UCI-2011
spam,FreeMsg: Hey - I'm Buffy. 25 and love to satisfy men. Home alone feeling randy. Reply 2 C my PIX! QlynnBV Help08700621170150p a msg Send stop to stop txts,UCI-2011
spam,"Sunshine Hols. To claim ur med holiday send a stamped self address envelope to Drinks on Us UK, PO Box 113, Bray, Wicklow, Eire. Quiz Starts Saturday! Unsub Stop",UCI-2011
ham,So can collect ur laptop?,UCI-2011
ham,"Ok. Can be later showing around 8-8:30 if you want + cld have drink before. Wld prefer not to spend money on nosh if you don't mind, as doing that nxt wk.",UCI-2011
ham,I will once i get home,UCI-2011
ham,Waaaat?? Lololo ok next time then!,UCI-2011
ham,"The table's occupied, I'm waiting by the tree",UCI-2011
ham,I surely dont forgot to come:)i will always be in touch in with you:-),UCI-2011
ham,Hi kindly give us back our documents which we submitted for loan from STAPATI,UCI-2011
ham,I dont have i shall buy one dear,UCI-2011
ham,Oh god i am happy to see your message after 3 days,UCI-2011
ham,What year. And how many miles.,UCI-2011
ham,Hey cutie. How goes it? Here in WALES its kinda ok. There is like hills and shit but i still avent killed myself. ,UCI-2011
ham,"Sad story of a Man - Last week was my b'day. My Wife did'nt wish me. My Parents forgot n so did my Kids . I went to work. Even my Colleagues did not wish. As I entered my cabin my PA said, '' Happy B'day Boss !!''. I felt special. She askd me 4 lunch. After lunch she invited me to her apartment. We went there. She said,'' do u mind if I go into the bedroom for a minute ? '' ''OK'', I sed in a sexy mood. She came out 5 minuts latr wid a cake...n My Wife, My Parents, My Kidz, My Friends n My Colleagues. All screaming.. SURPRISE !! and I was waiting on the sofa.. ... ..... ' NAKED...!",UCI-2011
ham,I think you should go the honesty road. Call the bank tomorrow. Its the tough decisions that make us great people.,UCI-2011
spam,FREE for 1st week! No1 Nokia tone 4 ur mob every week just txt NOKIA to 87077 Get txting and tell ur mates. zed POBox 36504 W45WQ norm150p/tone 16+,UCI-2011
ham,No. Its not specialisation. Can work but its slave labor. Will look for it this month sha cos no shakara 4 beggar.,UCI-2011
ham,Is she replying. Has boye changed his phone number,UCI-2011
ham,"1) Go to write msg 2) Put on Dictionary mode 3)Cover the screen with hand, 4)Press  &lt;#&gt; . 5)Gently remove Ur hand.. Its interesting..:)",UCI-2011
ham,hi my darlin im on my way to London and we have just been smashed into by another driver! and have a big dent! im really missing u what have u been up to? xxx,UCI-2011
ham,"Nothing really, just making sure everybody's up to speed",UCI-2011
ham,I'm not coming home 4 dinner.,UCI-2011
ham,"Thank you. And by the way, I just lost.",UCI-2011
ham,Yes.he have good crickiting mind,UCI-2011
ham,Thx. All will be well in a few months,UCI-2011
spam,"Shop till u Drop, IS IT YOU, either 10K, 5K, £500 Cash or £100 Travel voucher, Call now, 09064011000. NTT PO Box CR01327BT fixedline Cost 150ppm mobile vary",UCI-2011
ham,"CAN I PLEASE COME UP NOW IMIN TOWN.DONTMATTER IF URGOIN OUTL8R,JUST REALLYNEED 2DOCD.PLEASE DONTPLEASE DONTIGNORE MYCALLS,U NO THECD ISV.IMPORTANT TOME 4 2MORO",UCI-2011
ham,I wont. So wat's wit the guys,UCI-2011
ham,Yavnt tried yet and never played original either,UCI-2011
ham,"Hiya, had a good day? Have you spoken to since the weekend?",UCI-2011
ham,See? I thought it all through,UCI-2011
ham,I'm at work. Please call,UCI-2011
ham,get ready to moan and scream :),UCI-2011
ham,Oh k :)why you got job then whats up?,UCI-2011
ham,"I don,t think so. You don't need to be going out that late on a school night. ESPECIALLY when the one class you have is the one you missed last wednesday and probably failed a test in on friday",UCI-2011
ham,And popping &lt;#&gt; ibuprofens was no help.,UCI-2011
ham,"Babe ! How goes that day ? What are you doing ? Where are you ? I sip my cappuccino and think of you, my love ... I send a kiss to you from across the sea",UCI-2011
ham,Ok.,UCI-2011
ham,PS U no ur a grown up now right?,UCI-2011
ham,"Chinatown got porridge, claypot rice, yam cake, fishhead beehoon... Either we eat cheap den go cafe n tok or go nydc or somethin...",UCI-2011
ham,I know a few people I can hit up and fuck to the yes,UCI-2011
ham,Purity of friendship between two is not about smiling after reading the forwarded message..Its about smiling just by seeing the name. Gud evng,UCI-2011
ham,So is there anything specific I should be doing with regards to jaklin or what because idk what the fuck,UCI-2011
ham,Oh god. I'm gonna Google nearby cliffs now.,UCI-2011
spam,FREE camera phones with linerental from 4.49/month with 750 cross ntwk mins. 1/2 price txt bundle deals also avble. Call 08001950382 or call2optout/J MF,UCI-2011
ham,Yup i shd haf ard 10 pages if i add figures... Ü all got how many pages?,UCI-2011
ham,"Ooh, 4got, i'm gonna start belly dancing in moseley weds 6.30 if u want 2 join me, they have a cafe too. ",UCI-2011
ham,Thankyou so much for the call. I appreciate your care.,UCI-2011
ham,Congrats ! Treat pending.i am not on mail for 2 days.will mail once thru.Respect mother at home.check mails.,UCI-2011
ham,I called but no one pick up e phone. I ask both of them already they said ok.,UCI-2011
ham,Hi my email address has changed now it is ,UCI-2011
ham,"V-aluable. A-ffectionate. L-oveable. E-ternal. N-oble. T-ruthful. I-ntimate. N-atural. E-namous. Happy ""VALENTINES DAY"" in advance",UCI-2011
ham,"Not much, just some textin'. How bout you?",UCI-2011
ham,Bring it if you got it,UCI-2011
ham,I'm in a movie. Call me 4 wat?,UCI-2011
ham,Not sure I have the stomach for it ...,UCI-2011
ham,Haha... can... But i'm having dinner with my cousin...,UCI-2011
ham,"A boy was late 2 home. His father: ""POWER OF FRNDSHIP""",UCI-2011
ham,"(And my man carlos is definitely coming by mu tonight, no excuses)",UCI-2011
ham,soon you will have the real thing princess! Do i make you wet? :),UCI-2011
ham,Raji..pls do me a favour. Pls convey my Birthday wishes to Nimya. Pls. Today is her birthday.,UCI-2011
ham,"Haha, my legs and neck are killing me and my amigos are hoping to end the night with a burn, think I could swing by in like an hour?",UCI-2011
spam,"URGENT! Your mobile No 07xxxxxxxxx won a £2,000 bonus caller prize on 02/06/03! this is the 2nd attempt to reach YOU! call 09066362231 ASAP! BOX97N7QP, 150PPM",UCI-2011
ham,Usually the body takes care of it buy making sure it doesnt progress. Can we pls continue this talk on saturday.,UCI-2011
spam,"URGENT!! Your 4* Costa Del Sol Holiday or £5000 await collection. Call 09050090044 Now toClaim. SAE, TC s, POBox334, Stockport, SK38xh, Cost£1.50/pm, Max10mins",UCI-2011
ham,"Hmm well, night night ",UCI-2011
ham,Just wanted to say holy shit you guys weren't kidding about this bud,UCI-2011
ham,"Just gettin a bit arty with my collages at the mo, well tryin 2 ne way! Got a roast in a min lovely i shall enjoy that!",UCI-2011
ham,"This is one of the days you have a billion classes, right?",UCI-2011
ham,"Goodmorning, today i am late for 2hrs. Because of back pain.",UCI-2011
ham,Ok then i'll let him noe later n ask him call u tmr...,UCI-2011
ham,Prabha..i'm soryda..realy..frm heart i'm sory,UCI-2011
ham,OK i'm waliking ard now... Do u wan me 2 buy anything go ur house?,UCI-2011
ham,* Will have two more cartons off u and is very pleased with shelves,UCI-2011
ham,Nice talking to you! please dont forget my pix :) i want to see all of you...,UCI-2011
spam,You have WON a guaranteed £1000 cash or a £2000 prize. To claim yr prize call our customer service representative on 08714712379 between 10am-7pm Cost 10p,UCI-2011
ham,But really quite funny lor wat... Then u shd haf run shorter distance wat...,UCI-2011
ham,I notice you like looking in the shit mirror youre turning into a right freak,UCI-2011
ham,Great. I was getting worried about you. Just know that a wonderful and caring person like you will have only the best in life. Know that u r wonderful and God's love is yours.,UCI-2011
spam,"Thanks for your ringtone order, ref number K718. Your mobile will be charged £4.50. Should your tone not arrive please call customer services on 09065069120",UCI-2011
ham,"I prefer my free days... Tues, wed, fri oso can... Ü ask those workin lor...",UCI-2011
ham,Alrite jod hows the revision goin? Keris bin doin a smidgin. N e way u wanna cum over after college?xx,UCI-2011
ham,If you have belive me. Come to my home.,UCI-2011
ham,Oh k.k..where did you take test?,UCI-2011
ham,Those were my exact intentions,UCI-2011
ham,haha but no money leh... Later got to go for tuition... Haha and looking for empty slots for driving lessons,UCI-2011
ham,"Hey... Thk we juz go accordin to wat we discussed yest lor, except no kb on sun... Cos there's nt much lesson to go if we attend kb on sat...",UCI-2011
ham,"K, wen ur free come to my home and also tel vikky i hav sent mail to him also.. Better come evening il be free today aftr 6pm..:-)",UCI-2011
ham,Nothing just getting msgs by dis name wit different no's..,UCI-2011
ham,Good Morning plz call me sir,UCI-2011
ham,What's your room number again? Wanna make sure I'm knocking on the right door,UCI-2011
ham,"Si.como no?!listened2the plaid album-quite gd&the new air1 which is hilarious-also boughtbraindancea comp.ofstuff on aphexs ;abel,u hav2hear it!c u sn xxxx",UCI-2011
ham,Pls tell nelson that the bb's are no longer comin. The money i was expecting aint coming,UCI-2011
ham,"Give her something to drink, if she takes it and doesn't vomit then you her temp might drop. If she unmits however let me know.",UCI-2011
ham,Think you sent the text to the home phone. That cant display texts. If you still want to send it his number is,UCI-2011
ham,Every day i use to sleep after  &lt;#&gt;  so only.,UCI-2011
ham,K I'll call you when I'm close,UCI-2011
ham,U buy newspapers already?,UCI-2011
ham,Nope wif my sis lor... Aft bathing my dog then i can bathe... Looks like it's going 2 rain soon.,UCI-2011
ham,Boo I'm on my way to my moms. She's making tortilla soup. Yummmm,UCI-2011
ham,No management puzzeles.,UCI-2011
ham,How did you find out in a way that didn't include all of these details,UCI-2011
spam,"Hi ya babe x u 4goten bout me?' scammers getting smart..Though this is a regular vodafone no, if you respond you get further prem rate msg/subscription. Other nos used also. Beware!",UCI-2011
spam,Back 2 work 2morro half term over! Can U C me 2nite 4 some sexy passion B4 I have 2 go back? Chat NOW 09099726481 Luv DENA Calls £1/minMobsmoreLKPOBOX177HP51FL,UCI-2011
ham,will you like to be spoiled? :),UCI-2011
spam,"Thanks for your ringtone order, ref number R836. Your mobile will be charged £4.50. Should your tone not arrive please call customer services on 09065069154",UCI-2011
ham,I am getting threats from your sales executive Shifad as i raised complaint against him. Its an official message.,UCI-2011
ham,hope things went well at 'doctors' ;) reminds me i still need 2go.did u c d little thing i left in the lounge?,UCI-2011
ham,Den wat will e schedule b lk on sun?,UCI-2011
ham,Lol enjoy role playing much?,UCI-2011
ham,Ok. Me watching tv too.,UCI-2011
ham,"I just lov this line: ""Hurt me with the truth, I don't mind,i wil tolerat.bcs ur my someone..... But, Never comfort me with a lie"" gud ni8 and sweet dreams",UCI-2011
ham,"Just checked out, heading out to drop off my stuff now",UCI-2011
ham,Here got lots of hair dresser fr china.,UCI-2011
ham,Sad story of a Man - Last week was my b'day. My Wife did'nt wish me. My Parents forgot n so did my Kids . I went to work. Even my Colleagues did not wish.,UCI-2011
ham,Ill call you evening ill some ideas.,UCI-2011
spam,SplashMobile: Choose from 1000s of gr8 tones each wk! This is a subscrition service with weekly tones costing 300p. U have one credit - kick back and ENJOY,UCI-2011
ham,Did you show him and wot did he say or could u not c him 4 dust?,UCI-2011
ham,It should take about  &lt;#&gt;  min,UCI-2011
spam,Not heard from U4 a while. Call 4 rude chat private line 01223585334 to cum. Wan 2C pics of me gettin shagged then text PIX to 8552. 2End send STOP 8552 SAM xxx,UCI-2011
ham,Ok . . now i am in bus. . If i come soon i will come otherwise tomorrow,UCI-2011
ham,I cant pick the phone right now. Pls send a message,UCI-2011
spam,<Forwarded from 88877>FREE entry into our £250 weekly comp just send the word ENTER to 88877 NOW. 18 T&C www.textcomp.com,UCI-2011
ham,Finish liao... U?,UCI-2011
spam,88066 FROM 88066 LOST 3POUND HELP,UCI-2011
ham,Haha i think i did too,UCI-2011
ham,U know we watchin at lido?,UCI-2011
ham,Life spend with someone for a lifetime may be meaningless but a few moments spent with someone who really love you means more than life itself..,UCI-2011
ham,"Haha awesome, I've been to 4u a couple times. Who all's coming?",UCI-2011
ham,Cold. Dont be sad dear,UCI-2011
ham,Think I could stop by in like an hour or so? My roommate's looking to stock up for a trip,UCI-2011
ham,Is that on the telly? No its Brdget Jones!,UCI-2011
ham,Love you aathi..love u lot..,UCI-2011
ham,Hello! How r u? Im bored. Inever thought id get bored with the tv but I am. Tell me something exciting has happened there? Anything! =/,UCI-2011
ham,Hmm...Bad news...Hype park plaza $700 studio taken...Only left 2 bedrm-$900...,UCI-2011
ham,"Sorry, I'll call later in meeting",UCI-2011
ham,R ü comin back for dinner?,UCI-2011
ham,"I hav almost reached. Call, i m unable to connect u.",UCI-2011
ham,Whom you waited for yesterday,UCI-2011
ham,I reach home safe n sound liao...,UCI-2011
ham,"Velly good, yes please!",UCI-2011
ham,"Hi, wkend ok but journey terrible. Wk not good as have huge back log of marking to do",UCI-2011
ham,I have had two more letters from . I will copy them for you cos one has a message for you. Speak soon,UCI-2011
ham,Alex knows a guy who sells mids but he's down in south tampa and I don't think I could set it up before like 8,UCI-2011
ham,Dont you have message offer,UCI-2011
spam,Had your mobile 11mths ? Update for FREE to Oranges latest colour camera mobiles & unlimited weekend calls. Call Mobile Upd8 on freefone 08000839402 or 2StopTx,UCI-2011
ham,"HEY THERE BABE, HOW U DOIN? WOT U UP 2 2NITE LOVE ANNIE X.",UCI-2011
ham,Remind me how to get there and I shall do so,UCI-2011
ham,:-( that's not v romantic!,UCI-2011
ham,Hello. Damn this christmas thing. I think i have decided to keep this mp3 that doesnt work.,UCI-2011
spam,You have 1 new message. Please call 08718738034.,UCI-2011
ham,HI DARLIN IM MISSIN U HOPE YOU ARE HAVING A GOOD TIME. WHEN ARE U BACK AND WHAT TIME IF U CAN GIVE ME A CALL AT HOME. JESS XX,UCI-2011
spam,<Forwarded from 21870000>Hi - this is your Mailbox Messaging SMS alert. You have 4 messages. You have 21 matches. Please call back on 09056242159 to retrieve your messages and matches,UCI-2011
ham,Draw va?i dont think so:),UCI-2011
ham,Dont pick up d call when something important is There to tell. Hrishi,UCI-2011
spam,"Congrats! 1 year special cinema pass for 2 is yours. call 09061209465 now! C Suprman V, Matrix3, StarWars3, etc all 4 FREE! bx420-ip4-5we. 150pm. Dont miss out!",UCI-2011
ham,Nothin comes to my mind. Ü help me buy hanger lor. Ur laptop not heavy?,UCI-2011
ham,"&lt;#&gt; , that's all? Guess that's easy enough",UCI-2011
ham,We can make a baby in yo tho,UCI-2011
ham,Should I tell my friend not to come round til like  &lt;#&gt; ish?,UCI-2011
ham,Friendship poem: Dear O Dear U R Not Near But I Can Hear Dont Get Fear Live With Cheer No More Tear U R Always my Dear. Gud ni8,UCI-2011
ham,Still in the area of the restaurant. Ill try to come back soon,UCI-2011
ham,"Aight that'll work, thanks",UCI-2011
spam,WIN a year supply of CDs 4 a store of ur choice worth £500 & enter our £100 Weekly draw txt MUSIC to 87066 Ts&Cs www.Ldew.com.subs16+1win150ppmx3,UCI-2011
spam,Moby Pub Quiz.Win a £100 High Street prize if u know who the new Duchess of Cornwall will be? Txt her first name to 82277.unsub STOP £1.50 008704050406 SP Arrow,UCI-2011
ham,"I have 2 sleeping bags, 1 blanket and paper and  phone details. Anything else?",UCI-2011
spam,You have won a Nokia 7250i. This is what you get when you win our FREE auction. To take part send Nokia to 86021 now. HG/Suite342/2Lands Row/W1JHL 16+ ,UCI-2011
spam,"Congratulations! Thanks to a good friend U have WON the £2,000 Xmas prize. 2 claim is easy, just call 08718726971 NOW! Only 10p per minute. BT-national-rate.",UCI-2011
spam,"tddnewsletter@emc1.co.uk (More games from TheDailyDraw) Dear Helen, Dozens of Free Games - with great prizesWith..",UCI-2011
ham,So what do you guys do.,UCI-2011
ham,Also that chat was awesome but don't make it regular unless you can see her in person,UCI-2011
ham,That's significant but dont worry.,UCI-2011
ham,That's cause your old. I live to be high.,UCI-2011
ham,"Waqt se pehle or naseeb se zyada kisi ko kuch nahi milta,Zindgi wo nahi he jo hum sochte hai Zindgi wo hai jo ham jeetey hai..........",UCI-2011
ham,On the way to office da..,UCI-2011
ham,In which place do you want da.,UCI-2011
ham,This pain couldn't have come at a worse time.,UCI-2011
ham,Ok...,UCI-2011
ham,Should I be stalking u?,UCI-2011
ham,Sorry dude. Dont know how i forgot. Even after Dan reminded me. Sorry. Hope you guys had fun.,UCI-2011
ham,Ok lor.,UCI-2011
ham,Apps class varaya elaya.,UCI-2011
ham,The Xmas story is peace.. The Xmas msg is love.. The Xmas miracle is jesus.. Hav a blessed month ahead &amp; wish U Merry Xmas...,UCI-2011
spam,"URGENT! Your mobile number *************** WON a £2000 Bonus Caller prize on 10/06/03! This is the 2nd attempt to reach you! Call 09066368753 ASAP! Box 97N7QP, 150ppm",UCI-2011
ham,That day you asked about anand number. Why:-),UCI-2011
ham,Am surfing online store. For offers do you want to buy any thing.,UCI-2011
ham,Long beach lor. Expected... U having dinner now?,UCI-2011
ham,At home by the way,UCI-2011
ham,We are both fine. Thanks,UCI-2011
ham,What happen to her tell the truth,UCI-2011
ham,Do you like Italian food?,UCI-2011
ham,Which is weird because I know I had it at one point,UCI-2011
ham,Aww you must be nearly dead!Well Jez isComing over toDo some workAnd that whillTake forever!,UCI-2011
ham,Tell your friends what you plan to do on Valentines day @ &lt;URL&gt;,UCI-2011
ham,"Alright, see you in a bit",UCI-2011
ham,Cheers for the message Zogtorius. Ive been staring at my phone for an age deciding whether to text or not.,UCI-2011
ham,I will take care of financial problem.i will help:),UCI-2011
ham,Tell dear what happen to you. Why you talking to me like an alian,UCI-2011
spam,Double your mins & txts on Orange or 1/2 price linerental - Motorola and SonyEricsson with B/Tooth FREE-Nokia FREE Call MobileUpd8 on 08000839402 or2optout/HV9D,UCI-2011
ham,"1) Go to write msg 2) Put on Dictionary mode 3)Cover the screen with hand, 4)Press  &lt;#&gt; . 5)Gently remove Ur hand.. Its interesting..:)",UCI-2011
ham,Okie...,UCI-2011
ham,"Hi this is yijue, can i meet u at 11 tmr?",UCI-2011
ham,Its posible dnt live in  &lt;#&gt; century cm frwd n thnk different,UCI-2011
ham,But i dint slept in afternoon.,UCI-2011
ham,That seems unnecessarily affectionate,UCI-2011
ham,Yar else i'll thk of all sorts of funny things.,UCI-2011
ham,You will be in the place of that man,UCI-2011
spam,"Download as many ringtones as u like no restrictions, 1000s 2 choose. U can even send 2 yr buddys. Txt Sir to 80082 £3 ",UCI-2011
ham,Thats cool. How was your day?,UCI-2011
spam,Please CALL 08712402902 immediately as there is an urgent message waiting for you.,UCI-2011
ham,R we going with the  &lt;#&gt;  bus?,UCI-2011
ham,"Hello, my love ! How went your day ? Are you alright ? I think of you, my sweet and send a jolt to your heart to remind you ... I LOVE YOU! Can you hear it ? I screamed it across the sea for all the world to hear. Ahmad al Hallaq is loved ! and owned ! *possessive passionate kiss*",UCI-2011
ham,No..he joined today itself.,UCI-2011
ham,Okay same with me. Well thanks for the clarification,UCI-2011
ham,I'll talk to the others and probably just come early tomorrow then,UCI-2011
spam,"Spook up your mob with a Halloween collection of a logo & pic message plus a free eerie tone, txt CARD SPOOK to 8007 zed 08701417012150p per logo/pic",UCI-2011
ham,"Had the money issue weigh me down but thanks to you, I can breathe easier now. I.ll make sure you dont regret it. Thanks.",UCI-2011
ham,Hi. I'm sorry i missed your call. Can you pls call back.,UCI-2011
ham,How are you doing? Hope you've settled in for the new school year. Just wishin you a gr8 day,UCI-2011
spam,"Fantasy Football is back on your TV. Go to Sky Gamestar on Sky Active and play £250k Dream Team. Scoring starts on Saturday, so register now!SKY OPT OUT to 88088",UCI-2011
ham,Ok then no need to tell me anything i am going to sleep good night,UCI-2011
ham,Ok try to do week end course in coimbatore.,UCI-2011
spam,Tone Club: Your subs has now expired 2 re-sub reply MONOC 4 monos or POLYC 4 polys 1 weekly @ 150p per week Txt STOP 2 stop This msg free Stream 0871212025016,UCI-2011
ham,V nice! Off 2 sheffield tom 2 air my opinions on categories 2 b used 2 measure ethnicity in next census. Busy transcribing. :-),UCI-2011
ham,If you r @ home then come down within 5 min,UCI-2011
ham,"A Boy loved a gal. He propsd bt she didnt mind. He gv lv lttrs, Bt her frnds threw thm. Again d boy decided 2 aproach d gal , dt time a truck was speeding towards d gal. Wn it was about 2 hit d girl,d boy ran like hell n saved her. She asked 'hw cn u run so fast?' D boy replied ""Boost is d secret of my energy"" n instantly d girl shouted ""our energy"" n Thy lived happily 2gthr drinking boost evrydy Moral of d story:- I hv free msgs:D;): gud ni8",UCI-2011
ham,"That day ü say ü cut ur hair at paragon, is it called hair sense? Do ü noe how much is a hair cut? ",UCI-2011
ham,"Hmm, too many of them unfortunately... Pics obviously arent hot cakes. Its kinda fun tho",UCI-2011
ham,Watching tv lor... Y she so funny we bluff her 4 wat. Izzit because she thk it's impossible between us?,UCI-2011
spam,XMAS Prize draws! We are trying to contact U. Todays draw shows that you have won a £2000 prize GUARANTEED. Call 09058094565 from land line. Valid 12hrs only,UCI-2011
ham,Dunno lei he neva say...,UCI-2011
ham,Thanx 4 2day! U r a goodmate I THINK UR RITE SARY! ASUSUAL!1 U CHEERED ME UP! LOVE U FRANYxxxxx,UCI-2011
ham,I'm on my way home. Went to change batt 4 my watch then go shop a bit lor.,UCI-2011
spam,YES! The only place in town to meet exciting adult singles is now in the UK. Txt CHAT to 86688 now! 150p/Msg.,UCI-2011
ham,"Hi, Mobile no.  &lt;#&gt;  has added you in their contact list on www.fullonsms.com It s a great place to send free sms to people For more visit fullonsms.com",UCI-2011
ham,"Good evening Sir, hope you are having a nice day. I wanted to bring it to your notice that I have been late in paying rent for the past few months and have had to pay a $ &lt;#&gt;  charge. I felt it would be inconsiderate of me to nag about something you give at great cost to yourself and that's why i didnt speak up. I however am in a recession and wont be able to pay the charge this month hence my askin well ahead of month's end. Can you please help. Thank you for everything.",UCI-2011
ham,"If i let you do this, i want you in the house by 8am.",UCI-2011
ham,"Best line said in Love: . ""I will wait till the day I can forget u Or The day u realize that u cannot forget me.""... Gn",UCI-2011
ham,I will reach before ten morning,UCI-2011
ham,Your pussy is perfect!,UCI-2011
ham,"Sorry, I'll call later",UCI-2011
spam,"Someone has contacted our dating service and entered your phone becausethey fancy you! To find out who it is call from a landline 09058098002. PoBox1, W14RG 150p",UCI-2011
ham,No message..no responce..what happend?,UCI-2011
ham,Also where's the piece,UCI-2011
ham,"wiskey Brandy Rum Gin Beer Vodka Scotch Shampain Wine ""KUDI""yarasu dhina vaazhthukkal. ..",UCI-2011
ham,Boo. How's things? I'm back at home and a little bored already :-(,UCI-2011
ham,First has she gained more than  &lt;#&gt; kg since she took in. Second has she done the blood sugar tests. If she has and its ok and her blood pressure is within normal limits then no worries,UCI-2011
ham,PICK UR FONE UP NOW U DUMB?,UCI-2011
ham,"Thanks da thangam, i feel very very happy dear. I also miss you da.",UCI-2011
ham,"Okey doke. I'm at home, but not dressed cos laying around ill! Speak to you later bout times and stuff. ",UCI-2011
ham,I don't run away frm u... I walk slowly &amp; it kills me that u don't care enough to stop me...,UCI-2011
ham,"Babe, I'm back ... Come back to me ...",UCI-2011
ham,Well you told others you'd marry them...,UCI-2011
ham,Neshanth..tel me who r u?,UCI-2011
ham,YO YO YO BYATCH WHASSUP?,UCI-2011
ham,Oh... Kay... On sat right?,UCI-2011
ham,Hi! This is Roger from CL. How are you?,UCI-2011
spam,Babe: U want me dont u baby! Im nasty and have a thing 4 filthyguys. Fancy a rude time with a sexy bitch. How about we go slo n hard! Txt XXX SLO(4msgs),UCI-2011
ham,Oh oh... Wasted... Den muz chiong on sat n sun liao...,UCI-2011
ham,Jesus christ bitch I'm trying to give you drugs answer your fucking phone,UCI-2011
ham,Please give it 2  or i will pick it up on Tuesday evening about 8 if that is ok.,UCI-2011
ham,I'm meeting Darren...,UCI-2011
ham,"One of best dialogue in cute reltnship..!! ""Wen i Die, Dont Come Near My Body..!! Bcoz My Hands May Not Come 2 Wipe Ur Tears Off That Time..!Gud ni8",UCI-2011
ham,"Solve d Case : A Man Was Found Murdered On  &lt;DECIMAL&gt; . &lt;#&gt;  AfterNoon. 1,His wife called Police. 2,Police questioned everyone. 3,Wife: Sir,I was sleeping, when the murder took place. 4.Cook: I was cooking. 5.Gardener: I was picking vegetables. 6.House-Maid: I went 2 d post office. 7.Children: We went 2 play. 8.Neighbour: We went 2 a marriage. Police arrested d murderer Immediately. Who's It? Reply With Reason, If U r Brilliant.",UCI-2011
ham,Dear where you will be when i reach there,UCI-2011
ham,Aww that's the first time u said u missed me without asking if I missed u first. You DO love me! :),UCI-2011
ham,Ok... Thanx... Gd nite 2 ü too...,UCI-2011
ham,"Come to me right now, Ahmad",UCI-2011
spam,I don't know u and u don't know me. Send CHAT to 86688 now and let's find each other! Only 150p/Msg rcvd. HG/Suite342/2Lands/Row/W1J6HL LDN. 18 years or over.,UCI-2011
ham,Lol please do. Actually send a pic of yourself right now. I wanna see. Pose with a comb and hair dryer or something.,UCI-2011
ham,O was not into fps then.,UCI-2011
ham,Huh means computational science... Y they like dat one push here n there...,UCI-2011
ham,"Could you not read me, my Love ? I answered you",UCI-2011
ham,Oh... Lk tt den we take e one tt ends at cine lor... Dun wan yogasana oso can... ,UCI-2011
ham,"Madam,regret disturbance.might receive a reference check from DLF Premarica.kindly be informed.Rgds,Rakhesh,Kerala.",UCI-2011
spam,SMS SERVICES For your inclusive text credits pls gotto www.comuk.net login 3qxj9 unsubscribe with STOP no extra charge help 08702840625 comuk.220cm2 9AE,UCI-2011
ham,Oic... Then better quickly go bathe n settle down...,UCI-2011
ham,Err... Cud do. I'm going to  at 8pm. I haven't got a way to contact him until then.,UCI-2011
ham,A bloo bloo bloo I'll miss the first bowl,UCI-2011
ham,Lmao but its so fun...,UCI-2011
ham,Oh k k:)but he is not a big hitter.anyway good,UCI-2011
ham,Hey!!! I almost forgot ... Happy B-day babe ! I love ya!!,UCI-2011
spam,Valentines Day Special! Win over £1000 in our quiz and take your partner on the trip of a lifetime! Send GO to 83600 now. 150p/msg rcvd. CustCare:08718720201,UCI-2011
ham,Do you think i can move  &lt;#&gt;  in a week,UCI-2011
ham,She.s find. I sent you an offline message to know how anjola's now.,UCI-2011
spam,Guess who am I?This is the first time I created a web page WWW.ASJESUS.COM read all I wrote. I'm waiting for your opinions. I want to be your friend 1/1,UCI-2011
ham,How was txting and driving,UCI-2011
ham,That's good. Lets thank God. Please complete the drug. Have lots of water. And have a beautiful day.,UCI-2011
ham,Really dun bluff me leh... U sleep early too. Nite...,UCI-2011
ham,"Indians r poor but India is not a poor country. Says one of the swiss bank directors. He says that "" &lt;#&gt;  lac crore"" of Indian money is deposited in swiss banks which can be used for 'taxless' budget for  &lt;#&gt;  yrs. Can give  &lt;#&gt;  crore jobs to all Indians. From any village to Delhi 4 lane roads. Forever free power suply to more than  &lt;#&gt;  social projects. Every citizen can get monthly  &lt;#&gt; /- for  &lt;#&gt;  yrs. No need of World Bank &amp; IMF loan. Think how our money is blocked by rich politicians. We have full rights against corrupt politicians. Itna forward karo ki pura INDIA padhe.g.m.""",UCI-2011
ham,Uncle boye. I need movies oh. Guide me. Plus you know torrents are not particularly legal here. And the system is slowing down. What should i do. Have a gr8 day. Plus have you started cos i dont meet you online. How was the honey moon.,UCI-2011
ham,Oh ya ya. I remember da. .,UCI-2011
ham,Btw regarding that we should really try to see if anyone else can be our 4th guy before we commit to a random dude,UCI-2011
spam,"For ur chance to win £250 cash every wk TXT: PLAY to 83370. T's&C's www.music-trivia.net custcare 08715705022, 1x150p/wk.",UCI-2011
ham,I not busy juz dun wan 2 go so early.. Hee.. ,UCI-2011
ham,Rightio. 11.48 it is then. Well arent we all up bright and early this morning.,UCI-2011
ham,"Great. I'm in church now, will holla when i get out",UCI-2011
ham,Back in brum! Thanks for putting us up and keeping us all and happy. See you soon ,UCI-2011
ham,I donno if they are scorable,UCI-2011
ham,&lt;#&gt;  great loxahatchee xmas tree burning update: you can totally see stars here,UCI-2011
ham,"Yes but i dont care! I need you bad, princess!",UCI-2011
ham,"The guy (kadeem) hasn't been selling since the break, I know one other guy but he's paranoid as fuck and doesn't like selling without me there and I can't be up there til late tonight",UCI-2011
ham,"Sorry, I'll call later",UCI-2011
ham,Tmr then ü brin lar... Aiya later i come n c lar... Mayb ü neva set properly ü got da help sheet wif ü...,UCI-2011
ham,Do u knw dis no. &lt;#&gt; ?,UCI-2011
ham,Then she dun believe wat?,UCI-2011
ham,K..give back my thanks.,UCI-2011
ham,I know complain num only..bettr directly go to bsnl offc nd apply for it..,UCI-2011
ham,Okay. I've seen it. So i should pick it on friday?,UCI-2011
ham,How much she payed. Suganya.,UCI-2011
ham,Left dessert. U wan me 2 go suntec look 4 u?,UCI-2011
ham,"Abeg, make profit. But its a start. Are you using it to get sponsors for the next event?",UCI-2011
ham,Onum ela pa. Normal than.,UCI-2011
ham,K.k..how is your sister kids?,UCI-2011
ham,"Cool, I'll text you when I'm on the way",UCI-2011
ham,Nope. Meanwhile she talk say make i greet you.,UCI-2011
ham,i cant talk to you now.i will call when i can.dont keep calling.,UCI-2011
ham,Anything lar...,UCI-2011
ham,"Rose needs water, season needs change, poet needs imagination..My phone needs ur sms and i need ur lovely frndship forever....",UCI-2011
ham,"Good afternoon, babe. How goes that day ? Any job prospects yet ? I miss you, my love ... *sighs* ... :-(",UCI-2011
ham,They will pick up and drop in car.so no problem..,UCI-2011
ham,S.i think he is waste for rr..,UCI-2011
ham,He is world famamus....,UCI-2011
ham,Is there coming friday is leave for pongal?do you get any news from your work place.,UCI-2011
ham,Lol well don't do it without me. We could have a big sale together.,UCI-2011
ham,* Am on my way,UCI-2011
ham,Eat at old airport road... But now 630 oredi... Got a lot of pple...,UCI-2011
ham,"sry can't talk on phone, with parents",UCI-2011
spam,"Final Chance! Claim ur £150 worth of discount vouchers today! Text YES to 85023 now! SavaMob, member offers mobile! T Cs SavaMob POBOX84, M263UZ. £3.00 Subs 16",UCI-2011
ham,Ok lor wat time ü finish?,UCI-2011
ham,"Princess, i like to make love  &lt;#&gt;  times per night. Hope thats not a problem!",UCI-2011
ham,Mm i am on the way to railway,UCI-2011
ham,i dnt wnt to tlk wid u,UCI-2011
ham,"I'm done. I'm sorry. I hope your next space gives you everything you want. Remember all the furniture is yours. If i'm not around when you move it, just lock all the locks and leave the key with jenne.",UCI-2011
ham,Not yet. Just i'd like to keep in touch and it will be the easiest way to do that from barcelona. By the way how ru and how is the house?,UCI-2011
spam,"Sppok up ur mob with a Halloween collection of nokia logo&pic message plus a FREE eerie tone, txt CARD SPOOK to 8007",UCI-2011
spam,"Urgent! call 09066612661 from landline. Your complementary 4* Tenerife Holiday or £10,000 cash await collection SAE T&Cs PO Box 3 WA14 2PX 150ppm 18+ Sender: Hol Offer",UCI-2011
ham,K.:)do it at evening da:)urgent:),UCI-2011
ham,Pansy! You've been living in a jungle for two years! Its my driving you should be more worried about!,UCI-2011
ham,Mm have some kanji dont eat anything heavy ok,UCI-2011
ham,Only if you promise your getting out as SOON as you can. And you'll text me in the morning to let me know you made it in ok.,UCI-2011
ham,Lol that's different. I don't go trying to find every real life photo you ever took.,UCI-2011
ham,I dont thnk its a wrong calling between us,UCI-2011
ham,K ill drink.pa then what doing. I need srs model pls send it to my mail id pa.,UCI-2011
ham,Aiyah e rain like quite big leh. If drizzling i can at least run home.,UCI-2011
ham,I have 2 docs appointments next week.:/ I'm tired of them shoving stuff up me. Ugh why couldn't I have had a normal body?,UCI-2011
ham,Dun b sad.. It's over.. Dun thk abt it already. Concentrate on ur other papers k.,UCI-2011
ham,"Greetings me, ! Consider yourself excused.",UCI-2011
ham,No drama Pls.i have had enough from you and family while i am struggling in the hot sun in a strange place.No reason why there should be an ego of not going 'IF NOT INVITED' when actually its necessity to go.wait for very serious reppurcussions.,UCI-2011
ham,they released another Italian one today and it has a cosign option,UCI-2011
ham,"You at mu? You should try to figure out how much money everyone has for gas and alcohol, jay and I are trying to figure out our weed budget",UCI-2011
spam,WINNER! As a valued network customer you hvae been selected to receive a £900 reward! To collect call 09061701444. Valid 24 hours only. ACL03530150PM,UCI-2011
ham,HCL chennai requires FRESHERS for voice process.Excellent english needed.Salary upto  &lt;#&gt; .Call Ms.Suman  &lt;#&gt;  for Telephonic interview -via Indyarocks.com,UCI-2011
ham,Dai what this da.. Can i send my resume to this id.,UCI-2011
ham,"I know where the  &lt;#&gt;  is, I'll be there around 5",UCI-2011
ham,Yup i've finished c ü there...,UCI-2011
ham,Remember to ask alex about his pizza,UCI-2011
ham,No da..today also i forgot..,UCI-2011
ham,"Ola would get back to you maybe not today but I ve told him you can be his direct link in the US in getting cars he bids for online, you arrange shipping and you get a cut. Or U????? For a partnership where U????? Invest money for shipping and he takes care of the rest!U??Wud b self reliant soon dnt worry",UCI-2011
ham,Fwiw the reason I'm only around when it's time to smoke is that because of gas I can only afford to be around when someone tells me to be and that apparently only happens when somebody wants to light up,UCI-2011
ham,"Hello, my boytoy! I made it home and my constant thought is of you, my love. I hope your having a nice visit but I can't wait till you come home to me ...*kiss*",UCI-2011
ham,Congrats kano..whr s the treat maga?,UCI-2011
ham,Who u talking about?,UCI-2011
ham,Yup...,UCI-2011
ham,Ok...,UCI-2011
ham,"U wake up already? Wat u doing? U picking us up later rite? I'm taking sq825, reaching ard 7 smth 8 like dat. U can check e arrival time. C ya soon...",UCI-2011
ham,Yunny i'm walking in citylink now ü faster come down... Me very hungry...,UCI-2011
ham,Er yep sure. Props?,UCI-2011
ham,"Hiya , have u been paying money into my account? If so, thanks. Got a pleasant surprise when i checked my balance -u c, i don't get statements 4 that acc",UCI-2011
spam,U have won a nokia 6230 plus a free digital camera. This is what u get when u win our FREE auction. To take part send NOKIA to 83383 now. POBOX114/14TCR/W1 16,UCI-2011
ham,Ok ill send you with in  &lt;DECIMAL&gt;  ok.,UCI-2011
ham,Bognor it is! Should be splendid at this time of year.,UCI-2011
ham,Yes.i'm in office da:),UCI-2011
ham,"Sorry, I'll call later",UCI-2011
ham,Joy's father is John. Then John is the NAME of Joy's father. Mandan,UCI-2011
ham,Ok. I only ask abt e movie. U wan ktv oso?,UCI-2011
ham,Misplaced your number and was sending texts to your old number. Wondering why i've not heard from you this year. All the best in your mcat. Got this number from my atlanta friends,UCI-2011
ham,"Sorry, I'll call later",UCI-2011
ham,Dunno lei... I might b eatin wif my frens... If ü wan to eat then i wait 4 ü lar,UCI-2011
ham,"Sorry, I'll call later",UCI-2011
spam,FREE entry into our £250 weekly comp just send the word WIN to 80086 NOW. 18 T&C www.txttowin.co.uk,UCI-2011
ham,"Say this slowly.? GOD,I LOVE YOU &amp; I NEED YOU,CLEAN MY HEART WITH YOUR BLOOD.Send this to Ten special people &amp; u c miracle tomorrow, do it,pls,pls do it...",UCI-2011
ham,Do u noe how 2 send files between 2 computers?,UCI-2011
ham,"Mmmmm ... I loved waking to your words this morning ! I miss you too, my Love. I hope your day goes well and you are happy. I wait for us to be together again",UCI-2011
ham,jay says he'll put in  &lt;#&gt;,UCI-2011
ham,Can you just come in for a sec? There's somebody here I want you to see,UCI-2011
ham,So the sun is anti sleep medicine.,UCI-2011
ham,What's happening with you. Have you gotten a job and have you begun registration for permanent residency,UCI-2011
ham,Yup ok...,UCI-2011
ham,Glad it went well :) come over at 11 then we'll have plenty of time before claire goes to work.,UCI-2011
ham,Ok enjoy . R u there in home.,UCI-2011
ham,"Can you pls pls send me a mail on all you know about relatives coming to deliver here? All you know about costs, risks, benefits and anything else. Thanks.",UCI-2011
ham,You do what all you like,UCI-2011
ham,That's y we haf to combine n c how lor...,UCI-2011
ham,The monthly amount is not that terrible and you will not pay anything till 6months after finishing school.,UCI-2011
ham,Hmmm:)how many players selected?,UCI-2011
ham,"They said if its gonna snow, it will start around 8 or 9 pm tonite! They are predicting an inch of accumulation.",UCI-2011
ham,I dont. Can you send it to me. Plus how's mode.,UCI-2011
ham,Aiyo please ü got time meh.,UCI-2011
ham,Package all your programs well,UCI-2011
ham,"She is our sister.. She belongs 2 our family.. She is d hope of tomorrow.. Pray 4 her,who was fated 4 d Shoranur train incident. Lets hold our hands together &amp; fuelled by love &amp; concern prior 2 her grief &amp; pain. Pls join in dis chain &amp; pass it. STOP VIOLENCE AGAINST WOMEN.",UCI-2011
ham,So are you guys asking that i get that slippers again or its gone with last year,UCI-2011
ham,Company is very good.environment is terrific and food is really nice:),UCI-2011
spam,"Text82228>> Get more ringtones, logos and games from www.txt82228.com. Questions: info@txt82228.co.uk",UCI-2011
ham,Honestly i've just made a lovely cup of tea and promptly dropped my keys in it and then burnt my fingers getting them out!,UCI-2011
ham,Yup but not studying surfing lor. I'm in e lazy mode today.,UCI-2011
ham,Please sen :)my kind advice :-)please come here and try:-),UCI-2011
ham,I'm done. C ü there.,UCI-2011
ham,"Oh fine, I'll be by tonight",UCI-2011
ham,Ü give me some time to walk there.,UCI-2011
ham,I'll reach in ard 20 mins ok...,UCI-2011
spam,"FreeMSG You have been awarded a FREE mini DIGITAL CAMERA, just reply SNAP to collect your prize! (quizclub Opt out? Stop 80122300p/wk SP:RWM Ph:08704050406)",UCI-2011
ham,Fuck babe ... What happened to you ? How come you never came back?,UCI-2011
spam,This message is brought to you by GMW Ltd. and is not connected to the,UCI-2011
ham,"Some friends want me to drive em someplace, probably take a while",UCI-2011
ham,I also thk too fast... Xy suggest one not me. U dun wan it's ok. Going 2 rain leh where got gd.,UCI-2011
ham,Are you still getting the goods.,UCI-2011
ham,And maybe some pressies,UCI-2011
ham,"Yeah I am, so I'll leave maybe 7ish?",UCI-2011
ham,K..k..i'm also fine:)when will you complete the course?,UCI-2011
ham,"Under the sea, there lays a rock. In the rock, there is an envelope. In the envelope, there is a paper. On the paper, there are 3 words... '",UCI-2011
ham,I told her I had a Dr appt next week. She thinks I'm gonna die. I told her its just a check. Nothing to be worried about. But she didn't listen.,UCI-2011
ham,You in your room? I need a few,UCI-2011
ham,I dont want to hear anything,UCI-2011
ham,Hey. For me there is no leave on friday. Wait i will ask my superior and tell you..,UCI-2011
ham,Ultimately tor motive tui achieve korli.,UCI-2011
ham,From 5 to 2 only my work timing.,UCI-2011
ham,… and don‘t worry we‘ll have finished by march … ish!,UCI-2011
ham,"The house is on the water with a dock, a boat rolled up with a newscaster who dabbles in jazz flute behind the wheel",UCI-2011
spam,"Congrats 2 mobile 3G Videophones R yours. call 09063458130 now! videochat wid ur mates, play java games, Dload polypH music, noline rentl. bx420. ip4. 5we. 150p",UCI-2011
spam,Your next amazing xxx PICSFREE1 video will be sent to you enjoy! If one vid is not enough for 2day text back the keyword PICSFREE1 to get the next video.,UCI-2011
ham,Now thats going to ruin your thesis!,UCI-2011
ham,In sch but neva mind u eat 1st lor..,UCI-2011
ham,Hey whats up? U sleeping all morning?,UCI-2011
ham,Erm. I thought the contract ran out the4th of october.,UCI-2011
ham,I dunno until when... Lets go learn pilates...,UCI-2011
spam,U are subscribed to the best Mobile Content Service in the UK for £3 per ten days until you send STOP to 83435. Helpline 08706091795.,UCI-2011
ham,Yup i'm elaborating on the safety aspects and some other issues..,UCI-2011
spam,"3 FREE TAROT TEXTS! Find out about your love life now! TRY 3 FOR FREE! Text CHANCE to 85555 16 only! After 3 Free, Msgs £1.50 each",UCI-2011
ham,"Goodmorning, today i am late for 1hr.",UCI-2011
ham,Hi happy birthday. Hi hi hi hi hi hi hi,UCI-2011
ham,I will be outside office take all from there,UCI-2011
ham,If you don't respond imma assume you're still asleep and imma start calling n shit,UCI-2011
ham,"Aight, see you in a bit",UCI-2011
ham,My superior telling that friday is leave for all other department except ours:)so it will be leave for you:)any way call waheed fathima hr and conform it:),UCI-2011
spam,Join the UK's horniest Dogging service and u can have sex 2nite!. Just sign up and follow the instructions. Txt ENTRY to 69888 now! Nyt.EC2A.3LP.msg@150p,UCI-2011
ham,Lol I have to take it. member how I said my aunt flow didn't visit for 6 months? It's cause I developed ovarian cysts. Bc is the only way to shrink them.,UCI-2011
ham,Still work going on:)it is very small house.,UCI-2011
ham,"My friend just got here and says he's upping his order by a few grams (he's got $ &lt;#&gt; ), when can you get here?",UCI-2011
ham,Tmr timin still da same wat cos i got lesson until 6...,UCI-2011
ham,"That‘s the thing with apes, u can fight to the death to keep something, but the minute they have it when u let go, thats it!",UCI-2011
spam,Sunshine Quiz Wkly Q! Win a top Sony DVD player if u know which country Liverpool played in mid week? Txt ansr to 82277. £1.50 SP:Tyrone,UCI-2011
ham,No i'm not gonna be able to. || too late notice. || i'll be home in a few weeks anyway. || what are the plans,UCI-2011
ham,"Got fujitsu, ibm, hp, toshiba... Got a lot of model how to say...",UCI-2011
ham,Okie... Thanx...,UCI-2011
ham,"Gosh that , what a pain. Spose I better come then.",UCI-2011
ham,"As usual..iam fine, happy &amp; doing well..:)",UCI-2011
ham,Okie,UCI-2011
ham,So when you gonna get rimac access ,UCI-2011
ham,Im at arestaurant eating squid! i will be out about 10:30 wanna dosomething or is that to late?,UCI-2011
ham,You call times job today ok umma and ask them to speed up,UCI-2011
ham,HELLO U.CALL WEN U FINISH WRK.I FANCY MEETIN UP WIV U ALL TONITE AS I NEED A BREAK FROM DABOOKS. DID 4 HRS LAST NITE+2 TODAY OF WRK!,UCI-2011
ham,R U &SAM P IN EACHOTHER. IF WE MEET WE CAN GO 2 MY HOUSE,UCI-2011
ham,:-) yeah! Lol. Luckily i didn't have a starring role like you!,UCI-2011
ham,Hello madam how are you ?,UCI-2011
ham,"Awesome, text me when you're restocked",UCI-2011
ham,"As usual..iam fine, happy &amp; doing well..:)",UCI-2011
spam,Knock Knock Txt whose there to 80082 to enter r weekly draw 4 a £250 gift voucher 4 a store of yr choice. T&Cs www.tkls.com age16 to stoptxtstop£1.50/week,UCI-2011
ham,Yes. It's all innocent fun. O:-),UCI-2011
ham,Thanks for sending this mental ability question..,UCI-2011
ham,"Sir, hope your day is going smoothly. i really hoped i wont have to bother you about this. I have some bills that i can't settle this month. I am out of all extra cash. I know this is a challenging time for you also but i have to let you know.",UCI-2011
ham,2marrow only. Wed at  &lt;#&gt;  to 2 aha.,UCI-2011
ham,I went to ur hon lab but no one is there.,UCI-2011
ham,I cant pick the phone right now. Pls send a message,UCI-2011
ham,Hey pple...$700 or $900 for 5 nights...Excellent location wif breakfast hamper!!!,UCI-2011
spam,<Forwarded from 21870000>Hi - this is your Mailbox Messaging SMS alert. You have 40 matches. Please call back on 09056242159 to retrieve your messages and matches cc100p/min,UCI-2011
ham,How come?,UCI-2011
ham,Lol! Nah wasn't too bad thanks. Its good to b home but its been quite a reality check. Hows ur day been? Did u do anything with website?,UCI-2011
ham,Ok lor...,UCI-2011
ham,I'm coming home 4 dinner.,UCI-2011
ham,S da..al r above  &lt;#&gt;,UCI-2011
spam,"FREE RING TONE just text ""POLYS"" to 87131. Then every week get a new tone. 0870737910216yrs only £1.50/wk.",UCI-2011
ham,Unni thank you dear for the recharge..Rakhesh,UCI-2011
ham,I know I'm lacking on most of this particular dramastorm's details but for the most part I'm not worried about that,UCI-2011
ham,Haha... They cant what... At the most tmr forfeit... haha so how?,UCI-2011
ham,"Hey there! Glad u r better now. I hear u treated urself to a digi cam, is it good? We r off at 9pm. Have a fab new year, c u in coupla wks!",UCI-2011
ham,No way I'm going back there!,UCI-2011
spam,"URGENT! Your mobile No 077xxx WON a £2,000 Bonus Caller Prize on 02/06/03! This is the 2nd attempt to reach YOU! Call 09066362206 ASAP! BOX97N7QP, 150ppm",UCI-2011
ham,I WILL CAL YOU SIR. In meeting,UCI-2011
ham,"That's what I love to hear :V see you sundayish, then",UCI-2011
ham,"Sorry da thangam, very very sorry i am held up with prasad.",UCI-2011
ham,Tiwary to rcb.battle between bang and kochi.,UCI-2011
ham,Thank god they are in bed!,UCI-2011
ham,No I don't have cancer. Moms making a big deal out of a regular checkup aka pap smear,UCI-2011
ham,Am in gobi arts college,UCI-2011
ham,Why she wants to talk to me,UCI-2011
ham,Pandy joined 4w technologies today.he got job..,UCI-2011
spam,"You are guaranteed the latest Nokia Phone, a 40GB iPod MP3 player or a £500 prize! Txt word: COLLECT to No: 83355! IBHltd LdnW15H 150p/Mtmsgrcvd18",UCI-2011
ham,"They can try! They can get lost, in fact. Tee hee",UCI-2011
ham,Hi! You just spoke to MANEESHA V. We'd like to know if you were satisfied with the experience. Reply Toll Free with Yes or No.,UCI-2011
ham,My friends use to call the same.,UCI-2011
ham,"Sorry, I'll call later",UCI-2011
ham,"Em, its olowoyey@ usc.edu have a great time in argentina. Not sad about secretary, everything is a blessing",UCI-2011
ham,"It,,s a taxt massage....tie-pos argh ok! Lool!",UCI-2011
ham,"Hi, can i please get a  &lt;#&gt;  dollar loan from you. I.ll pay you back by mid february. Pls.",UCI-2011
ham,"You might want to pull out more just in case and just plan on not spending it if you can, I don't have much confidence in derek and taylor's money management",UCI-2011
ham,Do you like shaking your booty on the dance floor?,UCI-2011
ham,"Text me when you get off, don't call, my phones having problems",UCI-2011
ham,No need for the drug anymore.,UCI-2011
ham,Sorry da:)i was thought of calling you lot of times:)lil busy.i will call you at noon..,UCI-2011
ham,Its sarcasm.. .nt scarcasim,UCI-2011
ham,Great! I have to run now so ttyl!,UCI-2011
ham,Feel like trying kadeem again? :V,UCI-2011
ham,Dai  &lt;#&gt;  naal eruku.,UCI-2011
ham,Not yet chikku..wat abt u?,UCI-2011
ham,Ok...,UCI-2011
ham,Want to finally have lunch today?,UCI-2011
ham,Do you know when dad will be back?,UCI-2011
spam,"Hello darling how are you today? I would love to have a chat, why dont you tell me what you look like and what you are in to sexy?",UCI-2011
spam,8007 FREE for 1st week! No1 Nokia tone 4 ur mob every week just txt NOKIA to 8007 Get txting and tell ur mates www.getzed.co.uk POBox 36504 W4 5WQ norm 150p/tone 16+,UCI-2011
ham,He remains a bro amongst bros,UCI-2011
ham,R u meeting da ge at nite tmr?,UCI-2011
ham,"* Was a nice day and, impressively, i was sensible, went home early and now feel fine. Or am i just boring?! When's yours, i can't remember.",UCI-2011
ham,Why de. You looking good only:-)..,UCI-2011
spam,Wanna get laid 2nite? Want real Dogging locations sent direct to ur mobile? Join the UK's largest Dogging Network. Txt PARK to 69696 now! Nyt. ec2a. 3lp £1.50/msg,UCI-2011
spam,we tried to contact you re your response to our offer of a new nokia fone and camcorder hit reply or call 08000930705 for delivery,UCI-2011
ham,Yes. They replied my mail. I'm going to the management office later. Plus will in to bank later also.or on wednesday.,UCI-2011
ham,"That's cool, I'll come by like  &lt;#&gt; ish",UCI-2011
ham,Super msg da:)nalla timing.,UCI-2011
ham,"Good afternoon, my boytoy ... How are you feeling today ? Better I hope? Are you being my good boy? Are you my obedient, slave? Do you please your Queen?",UCI-2011
ham,I am 6 ft. We will be a good combination!,UCI-2011
ham,I'm sick !! I'm needy !! I want you !! *pouts* *stomps feet* Where are you ?! *pouts* *stomps feet* I want my slave !! I want him now !!,UCI-2011
ham,* Am on a train back from northampton so i'm afraid not!,UCI-2011
ham,Where in abj are you serving. Are you staying with dad or alone.,UCI-2011
ham,Was playng 9 doors game and gt racing on phone lol,UCI-2011
spam,"New Tones This week include: 1)McFly-All Ab.., 2) Sara Jorge-Shock.. 3) Will Smith-Switch.. To order follow instructions on next message",UCI-2011
ham,"Solve d Case : A Man Was Found Murdered On  &lt;DECIMAL&gt; . &lt;#&gt;  AfterNoon. 1,His wife called Police. 2,Police questioned everyone. 3,Wife: Sir,I was sleeping, when the murder took place. 4.Cook: I was cooking. 5.Gardener: I was picking vegetables. 6.House-Maid: I went 2 d post office. 7.Children: We went 2 play. 8.Neighbour: We went 2 a marriage. Police arrested d murderer Immediately. Who's It? Reply With Reason, If U r Brilliant.",UCI-2011
ham,I'm on da bus going home...,UCI-2011
ham,I got a call from a landline number. . . I am asked to come to anna nagar . . . I will go in the afternoon,UCI-2011
ham,I'm okay. Chasing the dream. What's good. What are you doing next.,UCI-2011
ham,Yupz... I've oredi booked slots 4 my weekends liao... ,UCI-2011
spam,URGENT! We are trying to contact U. Todays draw shows that you have won a £800 prize GUARANTEED. Call 09050003091 from land line. Claim C52. Valid 12hrs only,UCI-2011
ham,There r many model..sony ericson also der.. &lt;#&gt; ..it luks good bt i forgot modl no,UCI-2011
ham,Okie,UCI-2011
ham,Yes I know the cheesy songs from frosty the snowman :),UCI-2011
ham,"Ya ok, vikky vl c witin  &lt;#&gt; mins and il reply u..",UCI-2011
spam,sports fans - get the latest sports news str* 2 ur mobile 1 wk FREE PLUS a FREE TONE Txt SPORT ON to 8007 www.getzed.co.uk 0870141701216+ norm 4txt/120p ,UCI-2011
ham,Hey tmr meet at bugis 930 ?,UCI-2011
spam,"Urgent Urgent! We have 800 FREE flights to Europe to give away, call B4 10th Sept & take a friend 4 FREE. Call now to claim on 09050000555. BA128NNFWFLY150ppm",UCI-2011
ham,All these nice new shirts and the only thing I can wear them to is nudist themed ;_; you in mu?,UCI-2011
ham,Hey sexy buns! What of that day? No word from you this morning on YM ... :-( ... I think of you,UCI-2011
ham,And whenever you and i see we can still hook up too.,UCI-2011
ham,Nope but i'm going home now then go pump petrol lor... Like going 2 rain soon...,UCI-2011
ham,Can you use foreign stamps for whatever you send them off for? ,UCI-2011
spam,FROM 88066 LOST £12 HELP,UCI-2011
ham,Oh baby of the house. How come you dont have any new pictures on facebook,UCI-2011
ham,"Feb  &lt;#&gt;  is ""I LOVE U"" day. Send dis to all ur ""VALUED FRNDS"" evn me. If 3 comes back u'll gt married d person u luv! If u ignore dis u will lose ur luv 4 Evr",UCI-2011
ham,"Hiya, sorry didn't hav signal. I haven't seen or heard from and neither has, which is unusual in itself! I'll put on the case and get him to sort it out! Hugs and snogs.",UCI-2011
ham,"Omw back to tampa from west palm, you hear what happened?",UCI-2011
ham,Yup no more already... Thanx 4 printing n handing it up.,UCI-2011
spam,FreeMsg: Fancy a flirt? Reply DATE now & join the UKs fastest growing mobile dating service. Msgs rcvd just 25p to optout txt stop to 83021. Reply DATE now!,UCI-2011
ham,What i mean is do they come chase you out when its over or is it stated you can watch as many movies as you want.,UCI-2011
ham,S now only i took tablets . Reaction morning only.,UCI-2011
spam,Great NEW Offer - DOUBLE Mins & DOUBLE Txt on best Orange tariffs AND get latest camera phones 4 FREE! Call MobileUpd8 free on 08000839402 NOW! or 2stoptxt T&Cs,UCI-2011
ham,"Nah, I'm a perpetual DD",UCI-2011
ham,Sorry de i went to shop.,UCI-2011
spam,Hope you enjoyed your new content. text stop to 61610 to unsubscribe. help:08712400602450p Provided by tones2you.co.uk,UCI-2011
ham,"Wen ur lovable bcums angry wid u, dnt take it seriously.. Coz being angry is d most childish n true way of showing deep affection, care n luv!.. kettoda manda... Have nice day da.",UCI-2011
ham,Hey you still want to go for yogasana? Coz if we end at cine then can go bathe and hav the steam bath,UCI-2011
ham,Nope i'm not drivin... I neva develop da photos lei...,UCI-2011
ham,I am thinking of going down to reg for pract lessons.. Flung my advance.. Haha wat time u going?,UCI-2011
ham,Cool. I am  &lt;#&gt;  inches long. hope you like them big!,UCI-2011
ham,"House-Maid is the murderer, coz the man was murdered on  &lt;#&gt; th January.. As public holiday all govt.instituitions are closed,including post office..understand?",UCI-2011
ham,Okie.. Thanx..,UCI-2011
spam,18 days to Euro2004 kickoff! U will be kept informed of all the latest news and results daily. Unsubscribe send GET EURO STOP to 83222.,UCI-2011
ham,Go where n buy? Juz buy when we get there lar.,UCI-2011
ham,Ok lor...,UCI-2011
ham,I'm working technical support :)voice process.,UCI-2011
ham,It's justbeen overa week since we broke up and already our brains are going to mush!,UCI-2011
ham,"Tunde, how are you doing. This is just wishing you a great day. Abiola.",UCI-2011
ham,Nope... C ü then...,UCI-2011
ham,No. But we'll do medical missions to nigeria,UCI-2011
ham,No i am not having not any movies in my laptop,UCI-2011
ham,Whatsup there. Dont u want to sleep,UCI-2011
spam,Urgent Please call 09066612661 from landline. £5000 cash or a luxury 4* Canary Islands Holiday await collection. T&Cs SAE award. 20M12AQ. 150ppm. 16+ “,UCI-2011
spam,"Urgent! Please call 09066612661 from your landline, your complimentary 4* Lux Costa Del Sol holiday or £1000 CASH await collection. ppm 150 SAE T&Cs James 28, EH74RR",UCI-2011
ham,I havent lei.. Next mon can?,UCI-2011
ham,Mm feeling sleepy. today itself i shall get that dear,UCI-2011
ham,How dare you stupid. I wont tell anything to you. Hear after i wont talk to you:-.,UCI-2011
ham,Do ü noe if ben is going?,UCI-2011
ham,Can you do a mag meeting this avo at some point?,UCI-2011
ham,I meant middle left or right?,UCI-2011
ham,Really? I crashed out cuddled on my sofa.,UCI-2011
ham,Hi Chachi tried calling u now unable to reach u .. Pl give me a missed cal once u c tiz msg  Kanagu,UCI-2011
ham,"I sent you the prices and do you mean the  &lt;#&gt; g,",UCI-2011
ham,Are you this much buzy,UCI-2011
ham,Nothing. Can...,UCI-2011
spam,I don't know u and u don't know me. Send CHAT to 86688 now and let's find each other! Only 150p/Msg rcvd. HG/Suite342/2Lands/Row/W1J6HL LDN. 18 years or over.,UCI-2011
ham,No * am working on the ringing u thing but have whole houseful of screaming brats so * am pulling my hair out! Loving u,UCI-2011
ham,But my family not responding for anything. Now am in room not went to home for diwali but no one called me and why not coming. It makes me feel like died.,UCI-2011
ham,"Tick, tick, tick ... Babe",UCI-2011
ham,R ü going 4 today's meeting?,UCI-2011
ham,K da:)how many page you want?,UCI-2011
ham,Ya had just now.onion roast.,UCI-2011
ham,Send his number and give reply tomorrow morning for why you said that to him like that ok,UCI-2011
ham,You said not now. No problem. When you can. Let me know.,UCI-2011
ham,Ok but tell me half an hr b4 u come i need 2 prepare.,UCI-2011
ham,Play w computer? Aiyah i tok 2 u lor?,UCI-2011
ham,Sat right? Okay thanks... ,UCI-2011
ham,"Derp. Which is worse, a dude who always wants to party or a dude who files a complaint about the three drug abusers he lives with",UCI-2011
ham,Ok Chinese food on its way. When I get fat you're paying for my lipo.,UCI-2011
ham,We r outside already.,UCI-2011
ham,Have a good trip. Watch out for . Remember when you get back we must decide about easter.,UCI-2011
ham,Yo we are watching a movie on netflix,UCI-2011
ham,What time. I‘m out until prob 3 or so,UCI-2011
ham,"Can meh? Thgt some will clash... Really ah, i dun mind... I dun seen to have lost any weight... Gee...",UCI-2011
ham,I dont thnk its a wrong calling between us,UCI-2011
ham,I am not sure about night menu. . . I know only about noon menu,UCI-2011
ham,ARR birthday today:) i wish him to get more oscar.,UCI-2011
ham,"Say this slowly.? GOD,I LOVE YOU &amp; I NEED YOU,CLEAN MY HEART WITH YOUR BLOOD.Send this to Ten special people &amp; u c miracle tomorrow, do it,pls,pls do it...",UCI-2011
ham,"Open rebtel with firefox. When it loads just put plus sign in the user name place, and it will show you two numbers. The lower number is my number. Once you pick that number the pin will display okay!",UCI-2011
ham, and  picking them up from various points,UCI-2011
spam,Married local women looking for discreet action now! 5 real matches instantly to your phone. Text MATCH to 69969 Msg cost 150p 2 stop txt stop BCMSFWC1N3XX,UCI-2011
ham,Wow v v impressed. Have funs shopping!,UCI-2011
ham,I am on the way to ur home,UCI-2011
spam,Burger King - Wanna play footy at a top stadium? Get 2 Burger King before 1st Sept and go Large or Super with Coca-Cola and walk out a winner,UCI-2011
ham,No problem. Talk to you later,UCI-2011
ham,Then ur sis how?,UCI-2011
ham,Still in customer place,UCI-2011
spam,How come it takes so little time for a child who is afraid of the dark to become a teenager who wants to stay out all night?,UCI-2011
ham,"Dude u knw also telugu..thts gud..k, gud nyt..",UCI-2011
ham,We confirm eating at esplanade?,UCI-2011
ham,Send me your id and password,UCI-2011
ham,Kind of. Took it to garage. Centre part of exhaust needs replacing. Part ordered n taking it to be fixed tomo morning.,UCI-2011
spam,"For ur chance to win a £250 cash every wk TXT: ACTION to 80608. T's&C's www.movietrivia.tv custcare 08712405022, 1x150p/wk.",UCI-2011
ham,Well I might not come then...,UCI-2011
ham,Long after I quit. I get on only like 5 minutes a day as it is.,UCI-2011
ham,Then its most likely called Mittelschmertz. Google it. If you dont have paracetamol dont worry it will go.,UCI-2011
ham,Well at this right I'm gonna have to get up and check today's steam sales/pee so text me when you want me to come get you,UCI-2011
ham,"Just arrived, see you in a couple days &lt;3",UCI-2011
ham,"K, wat s tht incident?",UCI-2011
ham,Yeah get the unlimited,UCI-2011
ham,cThen i thk shd b enuff.. Still got conclusion n contents pg n references.. I'll b doing da contents pg n cover pg..,UCI-2011
ham,"Forgot it takes me 3 years to shower, sorry. Where you at/your phone dead yet?",UCI-2011
ham,Ü got wat to buy tell us then ü no need to come in again.,UCI-2011
ham,When you are big..| God will bring success.,UCI-2011
spam,U’ve Bin Awarded £50 to Play 4 Instant Cash. Call 08715203028 To Claim. EVERY 9th Player Wins Min £50-£500. OptOut 08718727870,UCI-2011
ham,"… we r stayin here an extra week, back next wed. How did we do in the rugby this weekend? Hi to and and , c u soon """,UCI-2011
ham,Well there's still a bit left if you guys want to tonight,UCI-2011
ham,Not from this campus. Are you in the library?,UCI-2011
ham,"The affidavit says  &lt;#&gt;  E Twiggs St, division g, courtroom  &lt;#&gt; , &lt;TIME&gt;  AM. I'll double check and text you again tomorrow",UCI-2011
ham,How will I creep on you now? ;_;,UCI-2011
ham,Tell your friends what you plan to do on Valentines day @ &lt;URL&gt;,UCI-2011
ham,If I get there before you after your ten billion calls and texts so help me god,UCI-2011
ham,Purity of friendship between two is not about smiling after reading the forwarded message..Its about smiling just by seeing the name. Gud evng musthu,UCI-2011
ham,I've told him that i've returned it. That should i re order it.,UCI-2011
ham,"House-Maid is the murderer, coz the man was murdered on  &lt;#&gt; th January.. As public holiday all govt.instituitions are closed,including post office..",UCI-2011
ham,Depends on where u going lor.,UCI-2011
ham,And smile for me right now as you go and the world will wonder what you are smiling about and think your crazy and keep away from you ... *grins*,UCI-2011
spam,FreeMsg>FAV XMAS TONES!Reply REAL,UCI-2011
ham,Lil fever:) now fine:),UCI-2011
ham,I think it's all still in my car,UCI-2011
ham,Can a not?,UCI-2011
spam,December only! Had your mobile 11mths+? You are entitled to update to the latest colour camera mobile for Free! Call The Mobile Update Co FREE on 08002986906 ,UCI-2011
ham,Yes princess! I want to catch you with my big strong hands...,UCI-2011
ham,Oh yeah I forgot. U can only take 2 out shopping at once.,UCI-2011
ham,Mm so you asked me not to call radio,UCI-2011
ham,Thinkin about someone is all good. No drugs for that,UCI-2011
ham,"Say this slowly.? GOD,I LOVE YOU &amp; I NEED YOU,CLEAN MY HEART WITH YOUR BLOOD.Send this to Ten special people &amp; u c miracle tomorrow, do it,pls,pls do it...",UCI-2011
ham,"Enjoy the showers of possessiveness poured on u by ur loved ones, bcoz in this world of lies, it is a golden gift to be loved truly..",UCI-2011
ham,"Alright if you're sure, let me know when you're leaving",UCI-2011
ham,Some are lasting as much as 2 hours. You might get lucky.,UCI-2011
ham,Genius what's up. How your brother. Pls send his number to my skype.,UCI-2011
spam,"Gr8 Poly tones 4 ALL mobs direct 2u rply with POLY TITLE to 8007 eg POLY BREATHE1 Titles: CRAZYIN, SLEEPINGWITH, FINEST, YMCA :getzed.co.uk POBox365O4W45WQ 300p",UCI-2011
ham,Thk some of em find wtc too far... Weiyi not goin... E rest i dunno yet... R ur goin 4 dinner den i might b able to join...,UCI-2011
ham,Don't forget who owns you and who's private property you are ... And be my good boy always .. *passionate kiss*,UCI-2011
spam,INTERFLORA - It's not too late to order Interflora flowers for christmas call 0800 505060 to place your order before Midnight tomorrow.,UCI-2011
ham,Oh god..taken the teeth?is it paining,UCI-2011
spam,ROMCAPspam Everyone around should be responding well to your presence since you are so warm and outgoing. You are bringing in a real breath of sunshine.,UCI-2011
ham,Then u ask darren go n pick u lor... But i oso sian tmr haf 2 meet lect...,UCI-2011
ham,No need to buy lunch for me.. I eat maggi mee..,UCI-2011
spam,"Congratulations - Thanks to a good friend U have WON the £2,000 Xmas prize. 2 claim is easy, just call 08712103738 NOW! Only 10p per minute. BT-national-rate",UCI-2011
ham,Ok lor...,UCI-2011
ham,"Oh right, ok. I'll make sure that i do loads of work during the day!  got a really nasty cough today and is dry n shot so that should really help it!",UCI-2011
ham,Wife.how she knew the time of murder exactly,UCI-2011
spam,Send a logo 2 ur lover - 2 names joined by a heart. Txt LOVE NAME1 NAME2 MOBNO eg LOVE ADAM EVE 07123456789 to 87077 Yahoo! POBox36504W45WQ TxtNO 4 no ads 150p.,UCI-2011
ham,Howz that persons story,UCI-2011
ham,Thanx 4 sending me home...,UCI-2011
ham,Its normally hot mail. Com you see!,UCI-2011
spam,"You've won tkts to the EURO2004 CUP FINAL or £800 CASH, to collect CALL 09058099801 b4190604, POBOX 7876150ppm",UCI-2011
ham,U sick still can go shopping?,UCI-2011
ham,"Ya they are well and fine., BBD(pooja) full pimples..even she become quite black..and ur rite here its too cold, wearing sweatter..",UCI-2011
ham,Nice.nice.how is it working?,UCI-2011
ham,1's reach home call me.,UCI-2011
ham,Were trying to find a Chinese food place around here,UCI-2011
ham,"Easy mate, * guess the quick drink was bit ambitious.",UCI-2011
ham,BABE !!! I miiiiiiissssssssss you ! I need you !!! I crave you !!! :-( ... Geeee ... I'm so sad without you babe ... I love you ...,UCI-2011
ham,Ok thanx...,UCI-2011
ham,aathi..where are you dear..,UCI-2011
ham,"Tunji, how's the queen? how are you doing. This is just wishing you a great day. Abiola.",UCI-2011
ham,Today iZ Yellow rose day. If u love my frndship give me 1 misscall &amp; send this to ur frndZ &amp; See how many miss calls u get. If u get 6missed U marry ur Lover.,UCI-2011
ham,Will be out of class in a few hours. Sorry,UCI-2011
ham,Wat time u finish ur lect today?,UCI-2011
spam,"Free-message: Jamster!Get the crazy frog sound now! For poly text MAD1, for real text MAD2 to 88888. 6 crazy sounds for just 3 GBP/week! 16+only! T&C's apply",UCI-2011
ham,"Sad story of a Man - Last week was my b'day. My Wife did'nt wish me. My Parents forgot n so did my Kids . I went to work. Even my Colleagues did not wish. As I entered my cabin my PA said, '' Happy B'day Boss !!''. I felt special. She askd me 4 lunch. After lunch she invited me to her apartment. We went there. She said,'' do u mind if I go into the bedroom for a minute ? '' ''OK'', I sed in a sexy mood. She came out 5 minuts latr wid a cake...n My Wife, My Parents, My Kidz, My Friends n My Colleagues. All screaming.. SURPRISE !! and I was waiting on the sofa.. ... ..... ' NAKED...!",UCI-2011
spam,"YOUR CHANCE TO BE ON A REALITY FANTASY SHOW call now = 08707509020 Just 20p per min NTT Ltd, PO Box 1327 Croydon CR9 5WB 0870 is a national = rate call",UCI-2011
ham,She's fine. Good to hear from you. How are you my dear? Happy new year oh.,UCI-2011
ham,Are you going to wipro interview today?,UCI-2011
ham,how tall are you princess?,UCI-2011
ham,I doubt you could handle 5 times per night in any case...,UCI-2011
ham,Haha... Hope ü can hear the receipt sound... Gd luck!,UCI-2011
ham,Your gonna be the death if me. I'm gonna leave a note that says its all robs fault. Avenge me.,UCI-2011
ham,"Japanese Proverb: If one Can do it, U too Can do it, If none Can do it,U must do it Indian version: If one Can do it, LET HIM DO it.. If none Can do it,LEAVE it!! And finally Kerala version: If one can do it, Stop him doing it.. If none can do it, Make a strike against it ...",UCI-2011
ham,Today i'm not workin but not free oso... Gee... Thgt u workin at ur fren's shop ? ,UCI-2011
ham,In life when you face choices Just toss a coin not becoz its settle the question But while the coin in the air U will know what your heart is hoping for. Gudni8,UCI-2011
ham,"Do you know why god created gap between your fingers..? So that, One who is made for you comes &amp; fills those gaps by holding your hand with LOVE..!",UCI-2011
ham,I want to be there so i can kiss you and feel you next to me,UCI-2011
ham,I am not at all happy with what you saying or doing,UCI-2011
spam,Adult 18 Content Your video will be with you shortly,UCI-2011
ham,"Ok that would b lovely, if u r sure. Think about wot u want to do, drinkin, dancin, eatin, cinema, in, out, about... Up to u! Wot about ? ",UCI-2011
ham,What I'm saying is if you haven't explicitly told nora I know someone I'm probably just not gonna bother,UCI-2011
ham,He says hi and to get your ass back to south tampa (preferably at a kegger),UCI-2011
ham,Smith waste da.i wanna gayle.,UCI-2011
ham,"Mum, i've sent you many many messages since i got here. I just want to know that you are actually getting them. Do enjoy the rest of your day.",UCI-2011
ham,"Aight, tomorrow around  &lt;#&gt;  it is",UCI-2011
ham,"House-Maid is the murderer, coz the man was murdered on  &lt;#&gt; th January.. As public holiday all govt.instituitions are closed,including post office..understand?",UCI-2011
spam,"YOUR CHANCE TO BE ON A REALITY FANTASY SHOW call now = 08707509020 Just 20p per min NTT Ltd, PO Box 1327 Croydon CR9 5WB 0870 is a national = rate call.",UCI-2011
ham,I actually did for the first time in a while. I went to bed not too long after i spoke with you. Woke up at 7. How was your night?,UCI-2011
ham,See you there! ,UCI-2011
ham,I dont understand your message.,UCI-2011
ham,Crucify is c not s. You should have told me earlier.,UCI-2011
ham,"Idk. You keep saying that you're not, but since he moved, we keep butting heads over freedom vs. responsibility. And i'm tired. I have so much other shit to deal with that i'm barely keeping myself together once this gets added to it.",UCI-2011
ham,Fuck cedar key and fuck her (come over anyway tho),UCI-2011
ham,twenty past five he said will this train have been to durham already or not coz i am in a reserved seat,UCI-2011
spam,"Hey Boys. Want hot XXX pics sent direct 2 ur phone? Txt PORN to 69855, 24Hrs free and then just 50p per day. To stop text STOPBCM SF WC1N3XX",UCI-2011
ham,U still painting ur wall?,UCI-2011
spam,"Last Chance! Claim ur £150 worth of discount vouchers today! Text SHOP to 85023 now! SavaMob, offers mobile! T Cs SavaMob POBOX84, M263UZ. £3.00 Sub. 16",UCI-2011
ham,Printer is cool. I mean groovy. Wine is groovying,UCI-2011
ham,Hi Harish's rent has been transfred to ur Acnt.,UCI-2011
ham,Anything lor is she coming?,UCI-2011
ham,Cbe is really good nowadays:)lot of shop and showrooms:)city is shaping good.,UCI-2011
ham,Ü still attending da talks?,UCI-2011
ham,No probs hon! How u doinat the mo?,UCI-2011
ham,K I'll take care of it,UCI-2011
ham,I take it we didn't have the phone callon Friday. Can we assume we won't have it this year now?,UCI-2011
ham,My battery is low babe,UCI-2011
ham,Shuhui has bought ron's present it's a swatch watch...,UCI-2011
ham,"Yeah there's quite a bit left, I'll swing by tomorrow when I get up",UCI-2011
ham,Babe? You said 2 hours and it's been almost 4 ... Is your internet down ?,UCI-2011
ham,K I'll be sure to get up before noon and see what's what,UCI-2011
ham,K...k...yesterday i was in cbe .,UCI-2011
ham,Went to ganesh dress shop,UCI-2011
spam,"pdate_Now - Double mins and 1000 txts on Orange tariffs. Latest Motorola, SonyEricsson & Nokia & Bluetooth FREE! Call MobileUpd8 on 08000839402 or call2optout/!YHL",UCI-2011
ham,Ü collecting ur laptop then going to configure da settings izzit?,UCI-2011
ham,If you r @ home then come down within 5 min,UCI-2011
ham,"Aight, I should be there by 8 at the latest, probably closer to 7. Are jay and tyler down or should we just do two trips?",UCI-2011
ham,Come aftr  &lt;DECIMAL&gt; ..now i m cleaning the house,UCI-2011
spam,Ur cash-balance is currently 500 pounds - to maximize ur cash-in now send CASH to 86688 only 150p/msg. CC: 08718720201 PO BOX 114/14 TCR/W1,UCI-2011
ham,"Bill, as in: Are there any letters for me. i’m expecting one from orange that isn’t a bill but may still say orange on it.",UCI-2011
ham,Tell me pa. How is pain de.,UCI-2011
ham,HI DARLIN I HOPE YOU HAD A NICE NIGHT I WISH I HAD COME CANT WAIT TO SEE YOU LOVE FRAN PS I WANT DIRTY ANAL SEX AND I WANT A 10 MAN GANG BANG,UCI-2011
ham,"Ha. You don‘t know either. I did a a clever but simple thing with pears the other day, perfect for christmas.",UCI-2011
ham,"Helloooo... Wake up..! ""Sweet"" ""morning"" ""welcomes"" ""You"" ""Enjoy"" ""This Day"" ""with full of joy"".. ""GUD MRNG"".",UCI-2011
ham,ALRITE,UCI-2011
ham,Why must we sit around and wait for summer days to celebrate. Such a magical sight when the worlds dressed in white. Oooooh let there be snow.,UCI-2011
spam,URGENT! Your Mobile number has been awarded with a £2000 prize GUARANTEED. Call 09058094454 from land line. Claim 3030. Valid 12hrs only,UCI-2011
ham,How do you guys go to see movies on your side.,UCI-2011
ham,"Sorry,in meeting I'll call later",UCI-2011
ham,You didn't have to tell me that...now i'm thinking. Plus he's going to stop all your runs,UCI-2011
ham,Kindly send some one to our flat before  &lt;DECIMAL&gt;  today.,UCI-2011
spam,Sorry! U can not unsubscribe yet. THE MOB offer package has a min term of 54 weeks> pls resubmit request after expiry. Reply THEMOB HELP 4 more info,UCI-2011
ham,Nothing lor... A bit bored too... Then y dun u go home early 2 sleep today...,UCI-2011
ham,What time should I tell my friend to be around?,UCI-2011
ham,Yes. that will be fine. Love you. Be safe.,UCI-2011
ham,Thanks chikku..:-) gud nyt:-*,UCI-2011
ham,Is xy in ur car when u picking me up?,UCI-2011
ham,"Thanx 4 the time weve spent 2geva, its bin mint! Ur my Baby and all I want is u!xxxx",UCI-2011
ham,"Yo, any way we could pick something up tonight?",UCI-2011
ham,I've not sent it. He can send me.,UCI-2011
ham,Fine am simply sitting.,UCI-2011
ham,Thts god's gift for birds as humans hav some natural gift frm god..,UCI-2011
ham,Are you coming to day for class.,UCI-2011
ham,Im done. Just studyn in library,UCI-2011
ham,Ok... U enjoy ur shows...,UCI-2011
ham,Anything...,UCI-2011
ham,Where wuld I be without my baby? The thought alone mite break me and I dont wanna go crazy but everyboy needs his lady xxxxxxxx,UCI-2011
ham,Wat's my dear doing? Sleeping ah?,UCI-2011
ham,Hi' Test on  &lt;#&gt; rd ....,UCI-2011
ham,Only 2% students solved this CAT question in 'xam... 5+3+2= &lt;#&gt;  9+2+4= &lt;#&gt;  8+6+3= &lt;#&gt;  then 7+2+5=????? Tell me the answer if u r brilliant...1thing.i got d answr.,UCI-2011
ham,Yo do you know anyone  &lt;#&gt;  or otherwise able to buy liquor? Our guy flaked and right now if we don't get a hold of somebody its just 4 loko all night,UCI-2011
ham,Yup n her fren lor. I'm meeting my fren at 730.,UCI-2011
ham,"Yeah, we got one lined up for us",UCI-2011
ham,"And stop wondering ""wow is she ever going to stop tm'ing me ?!"" because I will tm you whenever I want because you are MINE ... *laughs*",UCI-2011
ham,Lol yep did that yesterday. Already got my fireplace. Now its just another icon sitting there for me.,UCI-2011
ham,Hey i've booked the pilates and yoga lesson already... Haha,UCI-2011
ham,Are you ok. What happen to behave like this,UCI-2011
spam,You have 1 new message. Please call 08712400200.,UCI-2011
ham,My supervisor find 4 me one lor i thk his students. I havent ask her yet. Tell u aft i ask her.,UCI-2011
ham,"Hello. No news on job, they are making me wait a fifth week! Yeah im up for some woozles and weasels... In exeter still, but be home about 3. ",UCI-2011
ham,No message..no responce..what happend?,UCI-2011
spam,We currently have a message awaiting your collection. To collect your message just call 08718723815.,UCI-2011
ham,"Hey babe, sorry i didn't get sooner. Gary can come and fix it cause he thinks he knows what it is but he doesn't go as far a Ptbo and he says it will cost  &lt;#&gt;  bucks. I don't know if it might be cheaper to find someone there ? We don't have any second hand machines at all right now, let me know what you want to do babe",UCI-2011
ham,make that 3! 4 fucks sake?! x,UCI-2011
ham,Leave it. U will always be ignorant.,UCI-2011
ham,Nope but i'll b going 2 sch on fri quite early lor cos mys sis got paper in da morn :-),UCI-2011
ham,at bruce b downs &amp; fletcher now,UCI-2011
ham,Where are you ? You said you would be here when I woke ... :-(,UCI-2011
ham,Hey now am free you can call me.,UCI-2011
ham,Tell me whos this pls:-),UCI-2011
spam,"URGENT! Your mobile was awarded a £1,500 Bonus Caller Prize on 27/6/03. Our final attempt 2 contact U! Call 08714714011",UCI-2011
ham,"Think i might have to give it a miss. Am teaching til twelve, then have lecture at two. Damn this working thing.",UCI-2011
ham,Id have to check but there's only like 1 bowls worth left,UCI-2011
ham,Yes there were many sweets,UCI-2011
ham,I would but I'm still cozy. And exhausted from last night.nobody went to school or work. Everything is closed.,UCI-2011
spam,U have a secret admirer. REVEAL who thinks U R So special. Call 09065174042. To opt out Reply REVEAL STOP. 1.50 per msg recd. Cust care 07821230901,UCI-2011
ham,Buzzzz! *grins* Did I buzz your ass? Buzz your chest ? Buzz your cock ? Where do you keep your phone ? Is the vibrator on ? Did you feel it shake ?,UCI-2011
ham,Sir send to group mail check it.,UCI-2011
ham,I'm doing da intro covers energy trends n pros n cons... Brief description of nuclear fusion n oso brief history of iter n jet got abt 7 n half pages..,UCI-2011
ham,NONE!NOWHERE IKNO DOESDISCOUNT!SHITINNIT,UCI-2011
ham,You dont know you jabo me abi.,UCI-2011
spam,"Do you ever notice that when you're driving, anyone going slower than you is an idiot and everyone driving faster than you is a maniac?",UCI-2011
ham,Not yet had..ya sapna aunty manege y'day hogidhe..chinnu full weak and swalpa black agidhane..,UCI-2011
ham,"Are you being good, baby? :)",UCI-2011
ham,NEFT Transaction with reference number  &lt;#&gt;  for Rs. &lt;DECIMAL&gt;  has been credited to the beneficiary account on  &lt;#&gt;  at  &lt;TIME&gt; : &lt;#&gt;,UCI-2011
ham,"Mostly sports type..lyk footbl,crckt..",UCI-2011
ham,Ma head dey swell oh. Thanks for making my day,UCI-2011
ham,U should make a fb list,UCI-2011
ham,"Height of Confidence: All the Aeronautics professors wer calld &amp; they wer askd 2 sit in an aeroplane. Aftr they sat they wer told dat the plane ws made by their students. Dey all hurried out of d plane.. Bt only 1 didnt move... He said:""if it is made by my students,this wont even start........ Datz confidence..",UCI-2011
ham,Sary just need Tim in the bollox &it hurt him a lot so he tol me!,UCI-2011
ham,Happy New Year Princess!,UCI-2011
ham,"I'll text carlos and let you know, hang on",UCI-2011
ham,"Don't worry, * is easy once have ingredients!",UCI-2011
ham,I love u 2 my little pocy bell I am sorry but I love u,UCI-2011
ham,"Ok omw now, you at castor?",UCI-2011
ham,Yar lor... Keep raining non stop... Or u wan 2 go elsewhere?,UCI-2011
spam,"Xmas Offer! Latest Motorola, SonyEricsson & Nokia & FREE Bluetooth or DVD! Double Mins & 1000 Txt on Orange. Call MobileUpd8 on 08000839402 or call2optout/4QF2",UCI-2011
ham,What u mean u almost done? Done wif sleeping? But i tot u going to take a nap.. Yup i send her liao so i'm picking her up at ard 4 smth lor..,UCI-2011
ham,"7 wonders in My WORLD 7th You 6th Ur style 5th Ur smile 4th Ur Personality 3rd Ur Nature 2nd Ur SMS and 1st ""Ur Lovely Friendship""... good morning dear",UCI-2011
ham,"Tonight? Yeah, I'd be down for that",UCI-2011
ham,What should i eat fo lunch senor,UCI-2011
ham,"He said that he had a right giggle when he saw u again! You would possibly be the first person2die from NVQ, but think how much you could for! ",UCI-2011
ham,No break time one... How... I come out n get my stuff fr ü?,UCI-2011
spam,Reply to win £100 weekly! What professional sport does Tiger Woods play? Send STOP to 87239 to end service,UCI-2011
ham,"I'm there and I can see you, but you can't see me ? Maybe you should reboot ym ? I seen the buzz",UCI-2011
ham,Do you still have the grinder?,UCI-2011
spam,No 1 POLYPHONIC tone 4 ur mob every week! Just txt PT2 to 87575. 1st Tone FREE ! so get txtin now and tell ur friends. 150p/tone. 16 reply HL 4info,UCI-2011
ham,"Love isn't a decision, it's a feeling. If we could decide who to love, then, life would be much simpler, but then less magical",UCI-2011
spam,"HOT LIVE FANTASIES call now 08707509020 Just 20p per min NTT Ltd, PO Box 1327 Croydon CR9 5WB 0870 is a national rate call",UCI-2011
ham,K.i did't see you.:)k:)where are you now?,UCI-2011
ham,So i'm doing a list of buyers.,UCI-2011
ham,"No idea, I guess we'll work that out an hour after we're supposed to leave since as usual nobody has any interest in figuring shit out before the last second",UCI-2011
ham,Mm not entirely sure i understood that text but hey. Ho. Which weekend?,UCI-2011
ham,They released vday shirts and when u put it on it makes your bottom half naked instead of those white underwear.,UCI-2011
ham,Don know..he is watching film in computer..,UCI-2011
ham,No b4 Thursday,UCI-2011
ham,"Oh, then your phone phoned me but it disconnected",UCI-2011
ham,Id onluy matters when getting on from offcampus,UCI-2011
spam,This message is free. Welcome to the new & improved Sex & Dogging club! To unsubscribe from this service reply STOP. msgs@150p 18+only,UCI-2011
ham,"Excellent, I'll see what riley's plans are",UCI-2011
ham,I will see in half an hour,UCI-2011
spam,"You've won tkts to the EURO2004 CUP FINAL or £800 CASH, to collect CALL 09058099801 b4190604, POBOX 7876150ppm",UCI-2011
ham,Ew are you one of them?,UCI-2011
ham,Also hi wesley how've you been,UCI-2011
ham,Ah you see. You have to be in the lingo. I will let you know wot on earth it is when has finished making it!,UCI-2011
spam,"Loan for any purpose £500 - £75,000. Homeowners + Tenants welcome. Have you been previously refused? We can still help. Call Free 0800 1956669 or text back 'help'",UCI-2011
spam,Update_Now - 12Mths Half Price Orange line rental: 400mins...Call MobileUpd8 on 08000839402 or call2optout=J5Q,UCI-2011
ham,Imagine Life WITHOUT ME... see.. How fast u are searching me?Don't worry.. l'm always there To disturb U.. Goodnoon..:),UCI-2011
ham,"Hm good morning, headache anyone? :-)",UCI-2011
ham,Yeah no probs - last night is obviously catching up with you... Speak soon ,UCI-2011
spam,FREE UNLIMITED HARDCORE PORN direct 2 your mobile Txt PORN to 69200 & get FREE access for 24 hrs then chrgd@50p per day txt Stop 2exit. This msg is free,UCI-2011
ham,I might go 2 sch. Yar at e salon now v boring.,UCI-2011
ham, &lt;#&gt;  mins but i had to stop somewhere first.,UCI-2011
ham,"&lt;#&gt;  is fast approaching. So, Wish u a very Happy New Year Happy Sankranti Happy republic day Happy Valentines Day Happy Shivratri Happy Ugadi Happy Fools day Happy May Day Happy Independence Day, Happy Friendship,Mother,Father,Teachers,Childrens Day, &amp; HAPPY BIRTHDAY 4 U. Happy Ganesh festival Happy Dasara Happy Diwali Happy Christmas  &lt;#&gt;  Good Mornings Afternoons, Evenings Nights. RememberI AM the first to WISHING U ALL THESE...your's Raj",UCI-2011
ham,One of the joys in lifeis waking up each daywith thoughts that somewhereSomeone cares enough tosend a warm morning greeting.. -,UCI-2011
ham,I didn't get the second half of that message,UCI-2011
ham,Wat time do u wan 2 meet me later?,UCI-2011
ham,I thank you so much for all you do with selflessness. I love you plenty.,UCI-2011
ham,Am in film ill call you later.,UCI-2011
ham,How dare you change my ring,UCI-2011
ham,You are a very very very very bad girl. Or lady.,UCI-2011
ham,I love ya too but try and budget your money better babe. Gary would freak on me if he knew,UCI-2011
ham,"What part of ""don't initiate"" don't you understand",UCI-2011
ham,I finished my lunch already. U wake up already?,UCI-2011
ham,You still at the game?,UCI-2011
ham,You have got tallent but you are wasting.,UCI-2011
ham,What is your record for one night? :),UCI-2011
ham,"Also sir, i sent you an email about how to log into the usc payment portal. I.ll send you another message that should explain how things are back home. Have a great weekend.",UCI-2011
ham, gonna let me know cos comes bak from holiday that day.  is coming. Don't4get2text me  number. ,UCI-2011
ham,Jokin only lar... :-) depends on which phone my father can get lor...,UCI-2011
ham,"Aight, lemme know what's up",UCI-2011
ham,Get ready for  &lt;#&gt;  inches of pleasure...,UCI-2011
ham,Raji..pls do me a favour. Pls convey my Birthday wishes to Nimya. Pls. Today is her birthday.,UCI-2011
ham,;-) ok. I feel like john lennon.,UCI-2011
ham,Cos darren say ü considering mah so i ask ü...,UCI-2011
ham,You are not bothering me but you have to trust my answers. Pls.,UCI-2011
ham,"Wishing you and your family Merry ""X"" mas and HAPPY NEW Year in advance..",UCI-2011
ham,One day a crab was running on the sea shore..The waves came n cleared the footprints of the crab.. Crab asked: being my frnd y r u clearing my beautiful footprints? Waves replied: A fox was following ur footprints to catch you! thats y i cleared it off:) frndsship never lets u dwn :-) GUD nyt..,UCI-2011
ham,Aight what time you want me to come up?,UCI-2011
ham,Slaaaaave ! Where are you ? Must I summon you to me all the time now ? Don't you wish to come to me on your own anymore?,UCI-2011
ham,Your bill at 3 is £33.65 so thats not bad!,UCI-2011
ham,Let me know how it changes in the next 6hrs. It can even be appendix but you are out of that age range. However its not impossible. So just chill and let me know in 6hrs,UCI-2011
ham,"Hello, yeah i've just got out of the bath and need to do my hair so i'll come up when i'm done, yeah?",UCI-2011
ham,So how's the weather over there?,UCI-2011
ham,"Ok. Not much to do here though. H&M Friday, cant wait. Dunno wot the hell im gonna do for another 3 weeks! Become a slob- oh wait, already done that! ",UCI-2011
ham,Die... Now i have e toot fringe again...,UCI-2011
ham,Lol they don't know about my awesome phone. I could click delete right now if I want.,UCI-2011
ham,Ok,UCI-2011
ham,"Awesome question with a cute answer: Someone asked a boy ""how is ur life?"" . . He smiled &amp; answered: . . ""She is fine!"" Gudnite",UCI-2011
ham,Please leave this topic..sorry for telling that..,UCI-2011
ham,Pls send me the correct name da.,UCI-2011
ham,What happened to our yo date?,UCI-2011
spam,EASTENDERS TV Quiz. What FLOWER does DOT compare herself to? D= VIOLET E= TULIP F= LILY txt D E or F to 84025 NOW 4 chance 2 WIN £100 Cash WKENT/150P16+,UCI-2011
ham,Webpage s not available!,UCI-2011
ham,Just woke up. Yeesh its late. But I didn't fall asleep til &lt;#&gt; am :/,UCI-2011
spam,You are now unsubscribed all services. Get tons of sexy babes or hunks straight to your phone! go to http://gotbabes.co.uk. No subscriptions.,UCI-2011
ham,"Dear all, as we know  &lt;#&gt; th is the  &lt;#&gt; th birthday of our loving Gopalettan. We are planning to give a small gift on that day. Those who like to participate in that you are welcome. Please contact our admin team for more details",UCI-2011
ham,K..k...from tomorrow onwards started ah?,UCI-2011
ham,What u talking bout early morning? It's almost noon where your at!,UCI-2011
ham,Fine. Do you remember me.,UCI-2011
spam,"Hi babe its Jordan, how r u? Im home from abroad and lonely, text me back if u wanna chat xxSP visionsms.com Text stop to stopCost 150p 08712400603",UCI-2011
ham,Ok. How many should i buy.,UCI-2011
ham,"Sounds good, keep me posted",UCI-2011
spam,Get a brand new mobile phone by being an agent of The Mob! Plus loads more goodies! For more info just text MAT to 87021.,UCI-2011
ham,Ok. So april. Cant wait,UCI-2011
ham,Boy you best get yo ass out here quick,UCI-2011
ham,Ay wana meet on sat?ü wkg on sat?,UCI-2011
ham,I'm now but have to wait till 2 for the bus to pick me.,UCI-2011
ham,Apart from the one i told you about yesterday?,UCI-2011
ham,Ok lor... But buy wat?,UCI-2011
ham,Somebody should go to andros and steal ice,UCI-2011
ham,Don know. I did't msg him recently.,UCI-2011
ham,Take us out shopping and Mark will distract Isaiah.=D,UCI-2011
ham,"Mum, hope you are having a great day. Hoping this text meets you well and full of life. Have a great day. Abiola",UCI-2011
ham,There is no sense in my foot and penis.,UCI-2011
ham,Okay but i thought you were the expert,UCI-2011
ham,*deep sigh* ... I miss you :-( ... I am really surprised you haven't gone to the net cafe yet to get to me ... Don't you miss me?,UCI-2011
ham,S.s:)i thinl role is like sachin.just standing. Others have to hit.,UCI-2011
ham,Have a great trip to India. And bring the light to everyone not just with the project but with everyone that is lucky to see you smile. Bye. Abiola,UCI-2011
ham,"And very importantly, all we discuss is between u and i only.",UCI-2011
ham,K..k:)how about your training process?,UCI-2011
ham,Ok lor. I ned 2 go toa payoh 4 a while 2 return smth u wan 2 send me there or wat?,UCI-2011
ham,In da car park ,UCI-2011
ham,I wish that I was with you. Holding you tightly. Making you see how important you are. How much you mean to me ... How much I need you ... In my life ...,UCI-2011
ham,So i asked how's anthony. Dad. And your bf,UCI-2011
ham,"'Wnevr i wana fal in luv vth my books, My bed fals in luv vth me..!'' . Yen madodu, nav pretsorginta, nammanna pretsovru important alwa....!!:) Gud eveB-).",UCI-2011
ham,What Today-sunday..sunday is holiday..so no work..,UCI-2011
ham,Am going to take bath ill place the key in window:-),UCI-2011
spam,LORD OF THE RINGS:RETURN OF THE KING in store NOW!REPLY LOTR by 2 June 4 Chance 2 WIN LOTR soundtrack CDs StdTxtRate. Reply STOP to end txts,UCI-2011
ham,"Dear, take care. I am just reaching home.love u a lot.",UCI-2011
ham,staff.science.nus.edu.sg/~phyhcmk/teaching/pc1323,UCI-2011
ham,Have you emigrated or something? Ok maybe 5.30 was a bit hopeful...,UCI-2011
ham,Olol i printed out a forum post by a guy with the exact same  prob which was fixed with a gpu replacement. Hopefully they dont ignore that.,UCI-2011
ham,We walked from my moms. Right on stagwood pass right on winterstone left on victors hill. Address is &lt;#&gt;,UCI-2011
ham,"Yo, you at jp and hungry like a mofo?",UCI-2011
ham,This is all just creepy and crazy to me.,UCI-2011
ham,Ok... I din get ur msg...,UCI-2011
ham,Tessy..pls do me a favor. Pls convey my birthday wishes to Nimya..pls dnt forget it. Today is her birthday Shijas,UCI-2011
ham,Pathaya enketa maraikara pa',UCI-2011
ham,Even if he my friend he is a priest call him now,UCI-2011
ham,"U so lousy, run already come back then half dead... Hee...",UCI-2011
ham,That's y i said it's bad dat all e gals know u... Wat u doing now?,UCI-2011
ham,Or remind me in a few hrs.,UCI-2011
ham,"I had been hoping i would not have to send you this message. My rent is due and i dont have enough for it. My reserves are completely gone. Its a loan i need and was hoping you could her. The balance is  &lt;#&gt; . Is there a way i could get that from you, till mid march when i hope to pay back.",UCI-2011
ham,Hi. Happy New Year. I dont mean to intrude but can you pls let me know how much tuition you paid last semester and how much this semester is. Thanks,UCI-2011
ham,Hello hun how ru? Its here by the way. Im good. Been on 2 dates with that guy i met in walkabout so far. We have to meet up soon. Hows everyone else?,UCI-2011
ham,Lol I was gonna last month. I cashed some in but I left &lt;#&gt; just in case. I was collecting more during the week cause they announced it on the blog.,UCI-2011
spam,Good Luck! Draw takes place 28th Feb 06. Good Luck! For removal send STOP to 87239 customer services 08708034412,UCI-2011
ham,"Short But Cute : "" Be a good person , but dont try to prove"" ..... Gud mrng...",UCI-2011
ham,Just haven't decided where yet eh ?,UCI-2011
ham,"Wat time liao, where still got.",UCI-2011
ham,Yes watching footie but worried we're going to blow it - Phil Neville?,UCI-2011
ham,I wait 4 ü inside da car park...,UCI-2011
ham,Uncle Abbey! Happy New Year. Abiola,UCI-2011
ham,Now am free call me pa.,UCI-2011
ham,R u saying i should re order the slippers cos i had to pay for returning it.,UCI-2011
ham,Stop knowing me so well!,UCI-2011
ham,Good evening! this is roger. How are you?,UCI-2011
ham,Small problem in auction:)punj now asking tiwary,UCI-2011
spam,Free entry in 2 a weekly comp for a chance to win an ipod. Txt POD to 80182 to get entry (std txt rate) T&C's apply 08452810073 for details 18+,UCI-2011
ham,He telling not to tell any one. If so treat for me hi hi hi,UCI-2011
ham,My uncles in Atlanta. Wish you guys a great semester.,UCI-2011
spam,1st wk FREE! Gr8 tones str8 2 u each wk. Txt NOKIA ON to 8007 for Classic Nokia tones or HIT ON to 8007 for Polys. Nokia/150p Poly/200p 16+,UCI-2011
ham,U coming 2 pick me?,UCI-2011
ham,Thats cool. i liked your photos. You are very sexy!,UCI-2011
ham,would u fuckin believe it they didnt know i had thurs pre booked off so they re cancelled me AGAIN! that needs to b sacked,UCI-2011
ham,"Haha better late than ever, any way I could swing by?",UCI-2011
ham,Ok. But i finish at 6.,UCI-2011
spam,"LookAtMe!: Thanks for your purchase of a video clip from LookAtMe!, you've been charged 35p. Think you can do better? Why not send a video in a MMSto 32323.",UCI-2011
ham,I've been barred from all B and Q stores for life!?This twat in orange dungerees came up to me and asked if I wanted decking? So I got the first punch in!!,UCI-2011
ham,So no messages. Had food?,UCI-2011
ham,Ok going to sleep. Hope i can meet her.,UCI-2011
ham,Wat makes some people dearer is not just de happiness dat u feel when u meet them but de pain u feel when u miss dem!!!,UCI-2011
ham,Can you let me know details of fri when u find out cos I'm not in tom or fri. mentionned chinese. Thanks,UCI-2011
ham,You're right I have now that I think about it,UCI-2011
ham,Wat r u doing now?,UCI-2011
ham,Is ur lecture over?,UCI-2011
spam,sexy sexy cum and text me im wet and warm and ready for some porn! u up for some fun? THIS MSG IS FREE RECD MSGS 150P INC VAT 2 CANCEL TEXT STOP,UCI-2011
ham,Customer place i will call you,UCI-2011
ham,Not planned yet :)going to join company on jan 5 only.don know what will happen after that.,UCI-2011
ham,Boy; I love u Grl: Hogolo Boy: gold chain kodstini Grl: Agalla Boy: necklace madstini Grl: agalla Boy: Hogli 1 mutai eerulli kodthini! Grl: I love U kano;-),UCI-2011
ham,"Haha I heard that, text me when you're around",UCI-2011
ham,I.ll get there tomorrow and send it to you,UCI-2011
ham,"SHIT BABE.. THASA BIT MESSED UP.YEH, SHE SHUDVETOLD U. DID URGRAN KNOW?NEWAY, ILLSPEAK 2 U2MORO WEN IM NOT ASLEEP...",UCI-2011
ham,Oh thats late! Well have a good night and i will give u a call tomorrow. Iam now going to go to sleep night night,UCI-2011
ham,CHEERS U TEX MECAUSE U WEREBORED! YEAH OKDEN HUNNY R UIN WK SAT?SOUNDS LIKEYOUR HAVIN GR8FUN J! KEEP UPDAT COUNTINLOTS OF LOVEME XXXXX.,UCI-2011
ham,"Sorry,  in meeting I'll call you later",UCI-2011
ham,Yo! Howz u? girls never rang after india. L,UCI-2011
ham,Yeah but which is worse for i,UCI-2011
spam,Hard LIVE 121 chat just 60p/min. Choose your girl and connect LIVE. Call 09094646899 now! Cheap Chat UK's biggest live service. VU BCM1896WC1N3XX,UCI-2011
ham,I tagged MY friends that you seemed to count as YOUR friends.,UCI-2011
spam,Not heard from U4 a while. Call 4 rude chat private line 01223585334 to cum. Wan 2C pics of me gettin shagged then text PIX to 8552. 2End send STOP 8552 SAM xxx,UCI-2011
ham,Ok...,UCI-2011
ham,Long time. You remember me today.,UCI-2011
ham,Havent shopping now lor i juz arrive only,UCI-2011
ham,Thank u. IT BETTER WORK OUT CAUSE I WILL FEEL USED OTHERWISE,UCI-2011
ham,Are you up for the challenge? I know i am :),UCI-2011
ham,How much did ur hdd casing cost.,UCI-2011
ham,Mystery solved! Just opened my email and he's sent me another batch! Isn't he a sweetie,UCI-2011
ham,I can't describe how lucky you are that I'm actually awake by noon,UCI-2011
spam,This is the 2nd time we have tried to contact u. U have won the £1450 prize to claim just call 09053750005 b4 310303. T&Cs/stop SMS 08718725756. 140ppm,UCI-2011
ham,"TODAY is Sorry day.! If ever i was angry with you, if ever i misbehaved or hurt you? plz plz JUST SLAP URSELF Bcoz, Its ur fault, I'm basically GOOD",UCI-2011
ham,Cheers for the card ... Is it that time of year already?,UCI-2011
spam,"HOT LIVE FANTASIES call now 08707509020 Just 20p per min NTT Ltd, PO Box 1327 Croydon CR9 5WB 0870..k",UCI-2011
ham,"When people see my msgs, They think Iam addicted to msging... They are wrong, Bcoz They don\'t know that Iam addicted to my sweet Friends..!! BSLVYL",UCI-2011
ham,Ugh hopefully the asus ppl dont randomly do a reformat.,UCI-2011
ham,"Haven't seen my facebook, huh? Lol!",UCI-2011
ham,"Mah b, I'll pick it up tomorrow",UCI-2011
ham,Still otside le..u come 2morrow maga..,UCI-2011
ham,Do u still have plumbers tape and a wrench we could borrow?,UCI-2011
spam,"Dear Voucher Holder, To claim this weeks offer, at you PC please go to http://www.e-tlp.co.uk/reward. Ts&Cs apply.",UCI-2011
ham,It vl bcum more difficult..,UCI-2011
spam,UR GOING 2 BAHAMAS! CallFREEFONE 08081560665 and speak to a live operator to claim either Bahamas cruise of£2000 CASH 18+only. To opt out txt X to 07786200117,UCI-2011
ham,Havent still waitin as usual... Ü come back sch oredi?,UCI-2011
ham,In meeting da. I will call you,UCI-2011
ham,K k :-):-) then watch some films.,UCI-2011
ham,Does cinema plus drink appeal tomo? * Is a fr thriller by director i like on at mac at 8.30.,UCI-2011
ham,There the size of elephant tablets & u shove um up ur ass!!,UCI-2011
ham,"So many people seems to be special at first sight, But only very few will remain special to you till your last sight.. Maintain them till life ends.. take cr da",UCI-2011
ham,"My Parents, My Kidz, My Friends n My Colleagues. All screaming.. SURPRISE !! and I was waiting on the sofa.. ... ..... ' NAKED...!",UCI-2011
ham,Dunno i juz askin cos i got a card got 20% off 4 a salon called hair sense so i tot it's da one ü cut ur hair. ,UCI-2011
ham,Good morning pookie pie! Lol hope I didn't wake u up,UCI-2011
ham,MAYBE IF YOU WOKE UP BEFORE FUCKING 3 THIS WOULDN'T BE A PROBLEM.,UCI-2011
ham,Happy birthday to you....dear.with lots of love.rakhesh NRI,UCI-2011
ham,Howz that persons story,UCI-2011
spam,"This is the 2nd time we have tried 2 contact u. U have won the 750 Pound prize. 2 claim is easy, call 08712101358 NOW! Only 10p per min. BT-national-rate",UCI-2011
ham,X2  &lt;#&gt; . Are you going to get that,UCI-2011
ham,Hi neva worry bout da truth coz the truth will lead me 2 ur heart. Its the least a unique person like u deserve. Sleep tight or morning,UCI-2011
spam,UR awarded a City Break and could WIN a £200 Summer Shopping spree every WK. Txt STORE to 88039.SkilGme.TsCs087147403231Winawk!Age16+£1.50perWKsub,UCI-2011
ham,Is ur paper today in e morn or aft?,UCI-2011
ham,I will lick up every drop :) are you ready to use your mouth as well?,UCI-2011
ham,And you! Will expect you whenever you text! Hope all goes well tomo ,UCI-2011
ham,Great. P diddy is my neighbor and comes for toothpaste every morning,UCI-2011
ham,"I av a new number,  . Wil u only use this one,ta.",UCI-2011
ham,So its to be poking man everyday that they teach you in canada abi! How are you. Just saying hi.,UCI-2011
ham,7 lor... Change 2 suntec... Wat time u coming?,UCI-2011
ham,No de.am seeing in online shop so that i asked.,UCI-2011
ham,Just curious because my cuz asked what I was up to,UCI-2011
ham,Nice.nice.how is it working?,UCI-2011
ham,Okay lor... Wah... like that def they wont let us go... Haha... What did they say in the terms and conditions?,UCI-2011
ham,Haha... Yup hopefully  we will lose a few kg by mon. after hip hop can go orchard and weigh again,UCI-2011
ham,She's good. How are you. Where r u working now,UCI-2011
ham,"Oh, yes, I've just been a little under the weather so i've kind of been coccooning at home",UCI-2011
ham,At home also.,UCI-2011
ham,This phone has the weirdest auto correct.,UCI-2011
ham,Oops my phone died and I didn't even know. Yeah I like it better.,UCI-2011
ham,Havent mus ask if u can 1st wat. Of meet 4 lunch den u n him meet can already lor. Or u wan 2 go ask da ge 1st then confirm w me asap?,UCI-2011
ham,"She said,'' do u mind if I go into the bedroom for a minute ? '' ''OK'', I sed in a sexy mood. She came out 5 minuts latr wid a cake...n My Wife,",UCI-2011
ham,"OH YEAH,AND HAV A GREAT TIME IN NEWQUAY-SEND ME A POSTCARD !1 LOOK AFTER ALL THE GIRLS WHILE IM GONE(U KNOW THE 1IM TALKIN BOUT!)xx",UCI-2011
ham,We got a divorce. Lol. She.s here,UCI-2011
ham,What's ur pin?,UCI-2011
ham,"Babe, have you got enough money to pick up bread and milk ? And I'll give you it back when you get home ?",UCI-2011
ham,I want snow. It's just freezing and windy.,UCI-2011
spam,URGENT! We are trying to contact U. Todays draw shows that you have won a £2000 prize GUARANTEED. Call 09066358361 from land line. Claim Y87. Valid 12hrs only,UCI-2011
ham,Come to mahal bus stop.. &lt;DECIMAL&gt;,UCI-2011
ham,Don know:)this week i'm going to tirunelvai da.,UCI-2011
ham,Me too baby! I promise to treat you well! I bet you will take good care of me...,UCI-2011
ham,Its like that hotel dusk game i think. You solve puzzles in a area thing,UCI-2011
spam,"Thanks for your ringtone order, reference number X29. Your mobile will be charged 4.50. Should your tone not arrive please call customer services 09065989180",UCI-2011
ham,"Hi, my love! How goes that day? Fuck, this morning I woke and dropped my cell on the way down the stairs but it seems alright ... *phews* I miss you !",UCI-2011
ham,Well that must be a pain to catch,UCI-2011
ham,Sorry da thangam.it's my mistake.,UCI-2011
ham,I need... Coz i never go before ,UCI-2011
ham,"Rose for red,red for blood,blood for heart,heart for u. But u for me.... Send tis to all ur friends.. Including me.. If u like me.. If u get back, 1-u r poor in relation! 2-u need some 1 to support 3-u r frnd 2 many 4-some1 luvs u 5+- some1 is praying god to marry u.:-) try it....",UCI-2011
ham,Wife.how she knew the time of murder exactly,UCI-2011
spam,"SIX chances to win CASH! From 100 to 20,000 pounds txt> CSH11 and send to 87575. Cost 150p/day, 6days, 16+ TsandCs apply Reply HL 4 info",UCI-2011
spam,Ur cash-balance is currently 500 pounds - to maximize ur cash-in now send COLLECT to 83600 only 150p/msg. CC: 08718720201 PO BOX 114/14 TCR/W1,UCI-2011
ham,"I feel like a dick because I keep sleeping through your texts and facebook messages. Sup, you in town?",UCI-2011
ham,No plm i will come da. On the way.,UCI-2011
ham,Guess he wants alone time. We could just show up and watch when they do..,UCI-2011
ham,Height of recycling: Read twice- People spend time for earning money and the same money is spent for spending time!;-) Good morning.. keep smiling:-),UCI-2011
ham,Yup ü not comin :-(,UCI-2011
ham,"Yes, princess. Toledo.",UCI-2011
ham,"Aight text me when you're back at mu and I'll swing by, need somebody to get the door for me",UCI-2011
ham,Ron say fri leh. N he said ding tai feng cant make reservations. But he said wait lor.,UCI-2011
ham,Good. No swimsuit allowed :),UCI-2011
ham,Am okay. Will soon be over. All the best,UCI-2011
ham,"A cute thought for friendship: ""Its not necessary to share every secret with ur close Frnd, but watever u shared should be true""....",UCI-2011
ham,Ok i've sent u da latest version of da project.,UCI-2011
ham,Good Morning my Dear........... Have a great &amp; successful day.,UCI-2011
ham,Pls accept me for one day. Or am begging you change the number.,UCI-2011
ham,Squeeeeeze!! This is christmas hug.. If u lik my frndshp den hug me back.. If u get 3 u r cute:) 6 u r luvd:* 9 u r so lucky;) None? People hate u:,UCI-2011
ham,"Its ok, if anybody asks abt me, u tel them..:-P",UCI-2011
ham,"Funny fact Nobody teaches volcanoes 2 erupt, tsunamis 2 arise, hurricanes 2 sway aroundn no 1 teaches hw 2 choose a wife Natural disasters just happens",UCI-2011
ham,* You gonna ring this weekend or wot?,UCI-2011
ham,Also track down any lighters you can find,UCI-2011
ham,"Sorry, I can't help you on this.",UCI-2011
ham,"Babe, I need your advice",UCI-2011
ham,"I‘ll leave around four, ok?",UCI-2011
ham,Come to medical college at 7pm ......forward it da,UCI-2011
ham,K:)k..its good:)when are you going?,UCI-2011
ham,I can make lasagna for you... vodka...,UCI-2011
ham,HI ITS KATE CAN U GIVE ME A RING ASAP XXX,UCI-2011
ham,Who were those people ? Were you in a tour ? I thought you were doing that sofa thing you sent me ? Your curious sugar,UCI-2011
ham,"No, but you told me you were going, before you got drunk!",UCI-2011
ham,He fucking chickened out. He messaged me he would be late and woould buzz me and then I didn't hear a word from him,UCI-2011
spam,"Congratulations! Thanks to a good friend U have WON the £2,000 Xmas prize. 2 claim is easy, just call 08718726978 NOW! Only 10p per minute. BT-national-rate",UCI-2011
ham,I'm always looking for an excuse to be in the city.,UCI-2011
ham,Yup i'm still having coffee wif my frens... My fren drove she'll give me a lift...,UCI-2011
ham,O shore are you takin the bus,UCI-2011
ham,So u gonna get deus ex?,UCI-2011
ham,I will send them to your email. Do you mind  &lt;#&gt;  times per night?,UCI-2011
spam,"44 7732584351, Do you want a New Nokia 3510i colour phone DeliveredTomorrow? With 300 free minutes to any mobile + 100 free texts + Free Camcorder reply or call 08000930705.",UCI-2011
ham,tap & spile at seven. * Is that pub on gas st off broad st by canal. Ok?,UCI-2011
ham,Ok then i come n pick u at engin?,UCI-2011
ham,Which is why i never wanted to tell you any of this. Which is why i'm so short with you and on-edge as of late.,UCI-2011
ham,Raviyog Peripherals bhayandar east,UCI-2011
ham,K actually can you guys meet me at the sunoco on howard? It should be right on the way,UCI-2011
spam,You have 1 new voicemail. Please call 08719181513.,UCI-2011
ham,"MOON has come to color your dreams, STARS to make them musical and my SMS to give you warm and Peaceful Sleep. Good Night",UCI-2011
ham,Just finished eating. Got u a plate. NOT leftovers this time.,UCI-2011
ham,Thanx a lot...,UCI-2011
ham,Hurry home u big butt. Hang up on your last caller if u have to. Food is done and I'm starving. Don't ask what I cooked.,UCI-2011
ham,Lol your right. What diet? Everyday I cheat anyway. I'm meant to be a fatty :(,UCI-2011
ham,Its a great day. Do have yourself a beautiful one.,UCI-2011
ham,What happened in interview?,UCI-2011
ham,"Solve d Case : A Man Was Found Murdered On  &lt;DECIMAL&gt; . &lt;#&gt;  AfterNoon. 1,His wife called Police. 2,Police questioned everyone. 3,Wife: Sir,I was sleeping, when the murder took place. 4.Cook: I was cooking. 5.Gardener: I was picking vegetables. 6.House-Maid: I went 2 d post office. 7.Children: We went 2 play. 8.Neighbour: We went 2 a marriage. Police arrested d murderer Immediately. Who's It? Reply With Reason, If U r Brilliant.",UCI-2011
ham,Badrith is only for chennai:)i will surely pick for us:)no competition for him.,UCI-2011
ham,I tot it's my group mate... Lucky i havent reply... Wat time do ü need to leave... ,UCI-2011
ham,Hey you around? I've got enough for a half + the ten I owe you,UCI-2011
ham,Hey tmr maybe can meet you at yck,UCI-2011
ham,ALRITE SAM ITS NIC JUST CHECKIN THAT THIS IS UR NUMBER-SO IS IT?T.B*,UCI-2011
ham,They are just making it easy to pay back. I have  &lt;#&gt; yrs to say but i can pay back earlier. You get?,UCI-2011
ham,Not to worry. I'm sure you'll get it.,UCI-2011
ham,"The gas station is like a block away from my house, you'll drive right by it since armenia ends at swann and you have to take howard",UCI-2011
spam,"Someone U know has asked our dating service 2 contact you! Cant Guess who? CALL 09058097189 NOW all will be revealed. POBox 6, LS15HB 150p ",UCI-2011
spam,Camera - You are awarded a SiPix Digital Camera! call 09061221066 fromm landline. Delivery within 28 days,UCI-2011
ham,My tuition is at 330. Hm we go for the 1120 to 1205 one? Do you mind?,UCI-2011
ham,"I'm not smoking while people use ""wylie smokes too much"" to justify ruining my shit",UCI-2011
ham,Dear good morning how you feeling dear,UCI-2011
ham,A little. Meds say take once every 8 hours. It's only been 5 but pain is back. So I took another. Hope I don't die,UCI-2011
ham,"Beautiful tomorrow never comes.. When it comes, it's already TODAY.. In the hunt of beautiful tomorrow don't waste your wonderful TODAY.. GOODMORNING:)",UCI-2011
ham,Dunno lei ü all decide lor. How abt leona? Oops i tot ben is going n i msg him.,UCI-2011
ham,Hi there. We have now moved in2 our pub . Would be great 2 c u if u cud come up.,UCI-2011
spam,Todays Voda numbers ending 5226 are selected to receive a ?350 award. If you hava a match please call 08712300220 quoting claim code 1131 standard rates app ,UCI-2011
spam,This message is free. Welcome to the new & improved Sex & Dogging club! To unsubscribe from this service reply STOP. msgs@150p 18 only,UCI-2011
ham,"Honeybee Said: *I'm d Sweetest in d World* God Laughed &amp; Said: *Wait,U Havnt Met d Person Reading This Msg* MORAL: Even GOD Can Crack Jokes! GM+GN+GE+GN:)",UCI-2011
ham,Just do what ever is easier for you,UCI-2011
spam,RCT' THNQ Adrian for U text. Rgds Vatian,UCI-2011
ham,Stop calling everyone saying I might have cancer. My throat hurts to talk. I can't be answering everyones calls. If I get one more call I'm not babysitting on Monday,UCI-2011
ham,"It'll be tough, but I'll do what I have to",UCI-2011
ham,IM GONNAMISSU SO MUCH!!I WOULD SAY IL SEND U A POSTCARD BUTTHERES ABOUTAS MUCH CHANCE OF MEREMEMBERIN ASTHERE IS OFSI NOT BREAKIN HIS CONTRACT!! LUV Yaxx,UCI-2011
ham,Ee msg na poortiyagi odalebeku: Hanumanji 7 name 1-Hanuman 2-Bajarangabali 3-Maruti 4-Pavanaputra 5-Sankatmochan 6-Ramaduth 7-Mahaveer ee 7 name  &lt;#&gt;  janarige ivatte kalisidare next saturday olage ondu good news keluviri...! Maretare inde 1 dodda problum nalli siguviri idu matra  &lt;#&gt; % true.. Don't neglet.,UCI-2011
ham,HI DARLIN I FINISH AT 3 DO U 1 2 PICK ME UP OR MEET ME? TEXT BACK ON THIS NUMBER LUV KATE XXX,UCI-2011
ham,"Set a place for me in your heart and not in your mind, as the mind easily forgets but the heart will always remember. Wish you Happy Valentines Day!",UCI-2011
ham,But i'm surprised she still can guess right lor...,UCI-2011
ham,Okie ü wan meet at bishan? Cos me at bishan now. I'm not driving today.,UCI-2011
ham,Oh ho. Is this the first time u use these type of words,UCI-2011
ham,HI DARLIN HOW WAS WORK DID U GET INTO TROUBLE? IJUST TALKED TO YOUR MUM ALL MORNING! I HAD A REALLY GOOD TIME LAST NIGHT IM GOIN OUT SOON BUT CALL ME IF U CAN,UCI-2011
ham,I know you are serving. I mean what are you doing now.,UCI-2011
ham,"Huh... Hyde park not in mel ah, opps, got confused... Anyway, if tt's e best choice den we juz have to take it...",UCI-2011
ham,Oh gei. That happend to me in tron. Maybe ill dl it in 3d when its out,UCI-2011
spam,"FREE MESSAGE Activate your 500 FREE Text Messages by replying to this message with the word FREE For terms & conditions, visit www.07781482378.com",UCI-2011
ham,I know girls always safe and selfish know i got it pa. Thank you. good night.,UCI-2011
ham,"No worries, hope photo shoot went well. have a spiffing fun at workage. ",UCI-2011
ham,I'm freezing and craving ice. Fml,UCI-2011
ham,Kay... Since we are out already ,UCI-2011
ham,Eh sorry leh... I din c ur msg. Not sad already lar. Me watching tv now. U still in office?,UCI-2011
ham,Yo im right by yo work,UCI-2011
ham,Ok darlin i supose it was ok i just worry too much.i have to do some film stuff my mate and then have to babysit again! But you can call me there.xx,UCI-2011
ham,"She said,'' do u mind if I go into the bedroom for a minute ? '' ''OK'', I sed in a sexy mood. She came out 5 minuts latr wid a cake...n My Wife,",UCI-2011
ham,I don wake since. I checked that stuff and saw that its true no available spaces. Pls call the embassy or send a mail to them.,UCI-2011
ham,Nope... Juz off from work...,UCI-2011
ham,Huh so fast... Dat means u havent finished painting?,UCI-2011
ham, what number do u live at? Is it 11?,UCI-2011
ham,"No we put party 7 days a week and study lightly, I think we need to draw in some custom checkboxes so they know we're hardcore",UCI-2011
ham,Sac will score big hundred.he is set batsman:-),UCI-2011
ham,Send me yetty's number pls.,UCI-2011
ham,How much it will cost approx . Per month.,UCI-2011
ham,Ok... The theory test? when are ü going to book? I think it's on 21 may. Coz thought wanna go out with jiayin. But she isnt free,UCI-2011
spam,"You are being contacted by our dating service by someone you know! To find out who it is, call from a land line 09050000928. PoBox45W2TG150P",UCI-2011
ham,"That's fine, have him give me a call if he knows what he wants or has any questions",UCI-2011
ham,"Sorry, got a late start, we're on the way",UCI-2011
ham,Then u go back urself lor...,UCI-2011
ham,I AM AT THE GAS STATION. GO THERE.,UCI-2011
ham,"K, if u bored up just come to my home..",UCI-2011
ham,Babe !!!! I LOVE YOU !!!! *covers your face in kisses*,UCI-2011
ham,"Like I made him throw up when we were smoking in our friend's car one time, it was awesome",UCI-2011
ham,Still i have not checked it da. . .,UCI-2011
ham,You will go to walmart. I.ll stay.,UCI-2011
ham,"I haven't forgotten you, i might have a couple bucks to send you tomorrow, k? I love ya too",UCI-2011
ham,Oh great. I.ll disturb him more so that we can talk.,UCI-2011
ham,Reverse is cheating. That is not mathematics.,UCI-2011
ham,U're welcome... Caught u using broken english again...,UCI-2011
ham,No problem baby. Is this is a good time to talk? I called and left a message.,UCI-2011
ham,"Sorry, I'll call later",UCI-2011
ham,Oh is it! Which brand?,UCI-2011
ham,Sorry i cant take your call right now. It so happens that there r 2waxsto do wat you want. She can come and ill get her medical insurance. And she'll be able to deliver and have basic care. I'm currently shopping for the right medical insurance for her. So just give me til friday morning. Thats when i.ll see the major person that can guide me to the right insurance.,UCI-2011
ham,At what time are you coming.,UCI-2011
ham,Call him and say you not coming today ok and tell them not to fool me like this ok,UCI-2011
ham,I emailed yifeng my part oredi.. Can ü get it fr him..,UCI-2011
ham,R u sure they'll understand that! Wine * good idea just had a slurp!,UCI-2011
ham,Minimum walk is 3miles a day.,UCI-2011
ham,Ok not a problem will get them a taxi. C ing  tomorrow and tuesday. On tuesday think we r all going to the cinema. ,UCI-2011
ham,"Brainless Baby Doll..:-D;-), vehicle sariyag drive madoke barolla..",UCI-2011
ham,I don't run away frm u... I walk slowly &amp; it kills me that u don't care enough to stop me...,UCI-2011
spam,Sorry I missed your call let's talk when you have the time. I'm on 07090201529,UCI-2011
ham,Please attend the phone:),UCI-2011
ham,You only hate me. You can call any but you didnt accept even a single call of mine. Or even you messaged,UCI-2011
ham,No messages on her phone. I'm holding it now,UCI-2011
ham,Can... I'm free...,UCI-2011
ham,"Yo my trip got postponed, you still stocked up?",UCI-2011
ham,"Sorry, I'll call later",UCI-2011
ham,I am waiting for your call sir.,UCI-2011
ham,Hey what are you doing. Y no reply pa..,UCI-2011
ham,"Hey elaine, is today's meeting still on?",UCI-2011
ham,Sorry i've not gone to that place. I.ll do so tomorrow. Really sorry.,UCI-2011
ham,Most of the tiime when i don't let you hug me it's so i don't break into tears.,UCI-2011
ham,Tomorrow i am not going to theatre. . . So i can come wherever u call me. . . Tell me where and when to come tomorrow,UCI-2011
ham,And now electricity just went out fml.,UCI-2011
ham,"Looks like you found something to do other than smoke, great job!",UCI-2011
ham,Also andros ice etc etc,UCI-2011
ham,:) ,UCI-2011
ham,"Good afternon, my love. How are today? I hope your good and maybe have some interviews. I wake and miss you babe. A passionate kiss from across the sea",UCI-2011
ham,Yup. Wun believe wat? U really neva c e msg i sent shuhui?,UCI-2011
ham,Hows that watch resizing,UCI-2011
ham,Dear umma she called me now :-),UCI-2011
ham,Just finished. Missing you plenty,UCI-2011
spam,"complimentary 4 STAR Ibiza Holiday or £10,000 cash needs your URGENT collection. 09066364349 NOW from Landline not to lose out! Box434SK38WP150PPM18+",UCI-2011
ham,"Well, I meant as opposed to my drunken night of before",UCI-2011
ham,K... Must book a not huh? so going for yoga basic on sunday?,UCI-2011
spam,FREE MSG:We billed your mobile number by mistake from shortcode 83332.Please call 08081263000 to have charges refunded.This call will be free from a BT landline,UCI-2011
ham,Ok can...,UCI-2011
ham,"Oops - am at my mum's in somerset... Bit far! Back tomo, see you soon x",UCI-2011
ham,So u workin overtime nigpun?,UCI-2011
ham,Same as kallis dismissial in 2nd test:-).,UCI-2011
ham,O. Guess they both got screwd,UCI-2011
spam,Please CALL 08712402972 immediately as there is an urgent message waiting for you,UCI-2011
ham,"I'm in a meeting, call me later at",UCI-2011
ham,What r u cooking me for dinner?,UCI-2011
ham,Ok thanx...,UCI-2011
ham,Bull. Your plan was to go floating off to IKEA with me without a care in the world. So i have to live with your mess another day.,UCI-2011
ham,Then i buy.,UCI-2011
spam,URGENT! Your Mobile number has been awarded with a £2000 Bonus Caller Prize. Call 09058095201 from land line. Valid 12hrs only,UCI-2011
ham,Heehee that was so funny tho,UCI-2011
ham,It only does simple arithmetic not percentages.,UCI-2011
ham,"Yeah we wouldn't leave for an hour at least, how's 4 sound?",UCI-2011
spam,"As a valued customer, I am pleased to advise you that following recent review of your Mob No. you are awarded with a £1500 Bonus Prize, call 09066364589",UCI-2011
ham,Thanks honey. Have a great day.,UCI-2011
ham,"'An Amazing Quote'' - ""Sometimes in life its difficult to decide whats wrong!! a lie that brings a smile or the truth that brings a tear....""",UCI-2011
ham,Good night my dear.. Sleepwell&amp;Take care,UCI-2011
ham,Then ü ask dad to pick ü up lar... Ü wan 2 stay until 6 meh...,UCI-2011
ham,"Jus chillaxin, what up",UCI-2011
ham,HEY DAS COOL... IKNOW ALL 2 WELLDA PERIL OF STUDENTFINANCIAL CRISIS!SPK 2 U L8R.,UCI-2011
ham,"Beautiful Truth against Gravity.. Read carefully: ""Our heart feels light when someone is in it.. But it feels very heavy when someone leaves it.."" GOODMORNING",UCI-2011
spam,Do you want a New Nokia 3510i colour phone DeliveredTomorrow? With 300 free minutes to any mobile + 100 free texts + Free Camcorder reply or call 08000930705,UCI-2011
ham,"Whats that coming over the hill..... Is it a monster! Hope you have a great day. Things r going fine here, busy though! ",UCI-2011
ham,Joy's father is John. Then John is the ____ of Joy's father. If u ans ths you hav  &lt;#&gt;  IQ. Tis s IAS question try to answer.,UCI-2011
ham,Only once then after ill obey all yours.,UCI-2011
ham,No she didnt. I will search online and let you know.,UCI-2011
ham,Where do you need to go to get it?,UCI-2011
ham,No pic. Please re-send.,UCI-2011
ham,He remains a bro amongst bros,UCI-2011
ham,Uhhhhrmm isnt having tb test bad when youre sick,UCI-2011
ham,But i haf enuff space got like 4 mb...,UCI-2011
spam,LIFE has never been this much fun and great until you came in. You made it truly special for me. I won't forget you! enjoy @ one gbp/sms,UCI-2011
spam,Do you want a new Video phone? 600 anytime any network mins 400 Inclusive Video calls AND downloads 5 per week Free delTOMORROW call 08002888812 or reply NOW,UCI-2011
spam,"As a valued customer, I am pleased to advise you that following recent review of your Mob No. you are awarded with a £1500 Bonus Prize, call 09066368470",UCI-2011
spam,Welcome! Please reply with your AGE and GENDER to begin. e.g 24M,UCI-2011
spam,Freemsg: 1-month unlimited free calls! Activate SmartCall Txt: CALL to No: 68866. Subscriptn3gbp/wk unlimited calls Help: 08448714184 Stop?txt stop landlineonly,UCI-2011
spam,Had your mobile 10 mths? Update to latest Orange camera/video phones for FREE. Save £s with Free texts/weekend calls. Text YES for a callback orno to opt out,UCI-2011
spam,Am new 2 club & dont fink we met yet Will B gr8 2 C U Please leave msg 2day wiv ur area 09099726553 reply promised CARLIE x Calls£1/minMobsmore LKPOBOX177HP51FL,UCI-2011
ham,True. Its easier with her here.,UCI-2011
ham,Sure but since my parents will be working on Tuesday I don't really need a cover story,UCI-2011
ham,Haha okay... Today weekend leh... ,UCI-2011
ham,Hi darlin did youPhone me? Im atHome if youwanna chat.,UCI-2011
ham,I don't know jack shit about anything or i'd say/ask something helpful but if you want you can pretend that I did and just text me whatever in response to the hypotheticalhuagauahahuagahyuhagga,UCI-2011
ham,You've always been the brainy one.,UCI-2011
ham,Yeah if we do have to get a random dude we need to change our info sheets to PARTY  &lt;#&gt; /7 NEVER STUDY just to be safe,UCI-2011
spam,Camera - You are awarded a SiPix Digital Camera! call 09061221066 fromm landline. Delivery within 28 days.,UCI-2011
ham,"Christmas is An occasion that is Celebrated as a Reflection of UR... Values..., Desires..., Affections...&amp; Traditions.... Have an ideal Christmas...",UCI-2011
ham,Sending you greetings of joy and happiness. Do have a gr8 evening,UCI-2011
ham,Hi darlin i cantdo anythingtomorrow as myparents aretaking me outfor a meal. when are u free? Katexxx,UCI-2011
ham,If india win or level series means this is record:),UCI-2011
ham,Then what about further plan?,UCI-2011
ham,Its good to hear from you,UCI-2011
ham,"awesome, how do I deal with the gate? Charles told me last night but, uh, yeah",UCI-2011
ham,What time you thinkin of goin?,UCI-2011
spam,Get a FREE mobile video player FREE movie. To collect text GO to 89105. Its free! Extra films can be ordered t's and c's apply. 18 yrs only,UCI-2011
spam,Save money on wedding lingerie at www.bridal.petticoatdreams.co.uk Choose from a superb selection with national delivery. Brought to you by WeddingFriend,UCI-2011
ham,Your board is working fine. The issue of overheating is also reslove. But still software inst is pending. I will come around 8'o clock.,UCI-2011
ham,Yes but I don't care cause I know its there!,UCI-2011
ham,"wiskey Brandy Rum Gin Beer Vodka Scotch Shampain Wine ""KUDI""yarasu dhina vaazhthukkal. ..",UCI-2011
ham,"Mon okie lor... Haha, best is cheap n gd food la, ex oso okie... Depends on whether wana eat western or chinese food... Den which u prefer... ",UCI-2011
ham,Sitting ard nothing to do lor. U leh busy w work?,UCI-2011
ham,Its  &lt;#&gt; k here oh. Should i send home for sale.,UCI-2011
ham,Sorry. || mail? || ,UCI-2011
ham,Ya just telling abt tht incident..,UCI-2011
ham,Yes we were outside for like 2 hours. And I called my whole family to wake them up cause it started at 1 am,UCI-2011
ham,Ugh just got outta class,UCI-2011
ham,"Nowadays people are notixiquating the laxinorficated opportunity for bambling of entropication.... Have you ever oblisingately opted ur books for the masteriastering amplikater of fidalfication? It is very champlaxigating, i think it is atrocious.. Wotz Ur Opinion???? Junna",UCI-2011
ham,I dont have any of your file in my bag..i was in work when you called me.i 'll tell you if i find anything in my room.,UCI-2011
ham,No need lar. Jus testing e phone card. Dunno network not gd i thk. Me waiting 4 my sis 2 finish bathing so i can bathe. Dun disturb u liao u cleaning ur room.,UCI-2011
ham,Ok. I.ll do you right later.,UCI-2011
ham,Friendship poem: Dear O Dear U R Not Near But I Can Hear Dont Get Fear Live With Cheer No More Tear U R Always my Dear. Gud ni8,UCI-2011
ham,Have your lunch and come quickly and open the door:),UCI-2011
spam,Not heard from U4 a while. Call me now am here all night with just my knickers on. Make me beg for it like U did last time 01223585236 XX Luv Nikiyu4.net,UCI-2011
ham,I am back. Bit long cos of accident on a30. Had to divert via wadebridge.I had a brilliant weekend thanks. Speak soon. Lots of love,UCI-2011
ham,"K.. I yan jiu liao... Sat we can go 4 bugis vill one frm 10 to 3 den hop to parco 4 nb. Sun can go cine frm 1030 to 2, den hop to orc mrt 4 hip hop at 4...",UCI-2011
spam,Bloomberg -Message center +447797706009 Why wait? Apply for your future http://careers. bloomberg.com,UCI-2011
ham,i am seeking a lady in the street and a freak in the sheets. Is that you?,UCI-2011
ham,My phone,UCI-2011
ham,"Haha figures, well I found the piece and priscilla's bowl",UCI-2011
ham,"Actually fuck that, just do whatever, do find an excuse to be in tampa at some point before january though",UCI-2011
spam,URGENT! We are trying to contact U. Todays draw shows that you have won a £800 prize GUARANTEED. Call 09050001808 from land line. Claim M95. Valid12hrs only,UCI-2011
ham,yay! finally lol. i missed our cinema trip last week :-(,UCI-2011
ham,All day working day:)except saturday and sunday..,UCI-2011
ham,aathi..where are you dear..,UCI-2011
ham,Heart is empty without love.. Mind is empty without wisdom.. Eyes r empty without dreams &amp; Life is empty without frnds.. So Alwys Be In Touch. Good night &amp; sweet dreams,UCI-2011
ham,"I think I‘m waiting for the same bus! Inform me when you get there, if you ever get there.",UCI-2011
ham,You getting back any time soon?,UCI-2011
ham,", how's things? Just a quick question.",UCI-2011
ham,"Night has ended for another day, morning has come in a special way. May you smile like the sunny rays and leaves your worries at the blue blue bay. Gud mrng",UCI-2011
ham,"I can probably come by, everybody's done around  &lt;#&gt;  right?",UCI-2011
ham,I got it before the new year cos yetunde said she wanted to surprise you with it but when i didnt see money i returned it mid january before the  &lt;#&gt; day return period ended.,UCI-2011
ham,I can ask around but there's not a lot in terms of mids up here,UCI-2011
ham,Be sure to check your yahoo email. We sent photos yesterday,UCI-2011
ham,What was she looking for?,UCI-2011
ham,Wherre's my boytoy ? :-(,UCI-2011
spam,Do you want a NEW video phone750 anytime any network mins 150 text for only five pounds per week call 08000776320 now or reply for delivery tomorrow,UCI-2011
ham,"Hello, my love! How goes that day ? I wish your well and fine babe and hope that you find some job prospects. I miss you, boytoy ... *a teasing kiss*",UCI-2011
ham,Tell my  bad character which u Dnt lik in me. I'll try to change in  &lt;#&gt; . I ll add tat 2 my new year resolution. Waiting for ur reply.Be frank...good morning.,UCI-2011
ham,No:-)i got rumour that you going to buy apartment in chennai:-),UCI-2011
ham,"Yeah, probably earlier than that",UCI-2011
ham,Change windows logoff sound..,UCI-2011
ham,Still i have not checked it da. . .,UCI-2011
ham,I'm also came to room.,UCI-2011
ham,Huh but i got lesson at 4 lei n i was thinkin of going to sch earlier n i tot of parkin at kent vale...  ,UCI-2011
ham,Ok.,UCI-2011
ham,I will reach office around  &lt;DECIMAL&gt; . &amp; my mobile have problem. You cann't get my voice. So call you asa i'll free,UCI-2011
ham,"Cool, text me when you head out",UCI-2011
spam,"You are being contacted by our dating service by someone you know! To find out who it is, call from a land line 09050000878. PoBox45W2TG150P",UCI-2011
spam,"Wan2 win a Meet+Greet with Westlife 4 U or a m8? They are currently on what tour? 1)Unbreakable, 2)Untamed, 3)Unkempt. Text 1,2 or 3 to 83049. Cost 50p +std text",UCI-2011
ham,Happy birthday... May u find ur prince charming soon n dun work too hard...,UCI-2011
ham,"Oh, the grand is having a bit of a party but it doesn't mention any cover charge so it's probably first come first served",UCI-2011
ham,You said to me before i went back to bed that you can't sleep for anything.,UCI-2011
ham,I hope you arnt pissed off but id would really like to see you tomorrow. Love me xxxxxxxxxxxxxX,UCI-2011
spam,Dorothy@kiefer.com (Bank of Granite issues Strong-Buy) EXPLOSIVE PICK FOR OUR MEMBERS *****UP OVER 300% *********** Nasdaq Symbol CDGT That is a $5.00 per..,UCI-2011
ham,says the  &lt;#&gt;  year old with a man and money. I'm down to my last  &lt;#&gt; . Still waiting for that check.,UCI-2011
ham,I will come to ur home now,UCI-2011
ham,Free any day but i finish at 6 on mon n thurs...,UCI-2011
ham,Will you be here for food,UCI-2011
ham,"life alle mone,eppolum oru pole allalo",UCI-2011
ham,Nite...,UCI-2011
ham,"Two fundamentals of cool life: ""Walk, like you are the KING""...! OR ""Walk like you Dont care,whoever is the KING""!... Gud nyt",UCI-2011
ham,"Camera quite good, 10.1mega pixels, 3optical and 5digital dooms. Have a lovely holiday, be safe and i hope you hav a good journey! Happy new year to you both! See you in a couple of weeks! ",UCI-2011
ham,Hi Petey!noim ok just wanted 2 chat coz avent spoken 2 u 4 a long time-hope ur doin alrite.have good nit at js love ya am.x,UCI-2011
ham,I just saw ron burgundy captaining a party boat so yeah,UCI-2011
ham,I'm serious. You are in the money base,UCI-2011
ham,Already one guy loving you:-.,UCI-2011
ham,Staff of placement training in Amrita college.,UCI-2011
ham,I always chat with you. In fact i need money can you raise me?,UCI-2011
ham,I'm job profile seems like bpo..,UCI-2011
ham,"Well, I was about to give up cos they all said no they didn‘t do one nighters. I persevered and found one but it is very cheap so i apologise in advance. It is just somewhere to sleep isnt it?",UCI-2011
ham,"So you think i should actually talk to him? Not call his boss in the morning? I went to this place last year and he told me where i could go and get my car fixed cheaper. He kept telling me today how much he hoped i would come back in, how he always regretted not getting my number, etc.",UCI-2011
ham,Are you willing to go for apps class.,UCI-2011
ham,Hanging out with my brother and his family,UCI-2011
ham,No it will reach by 9 only. She telling she will be there. I dont know,UCI-2011
ham,Hey... are you going to quit soon? Xuhui and i working till end of the month ,UCI-2011
ham,"Im sorry bout last nite it wasnt ur fault it was me, spouse it was pmt or sumthin! U 4give me? I think u shldxxxx",UCI-2011
ham,Try neva mate!!,UCI-2011
ham,Yeah that'd pretty much be the best case scenario,UCI-2011
ham,I not free today i haf 2 pick my parents up tonite...,UCI-2011
ham,"HEY BABE! FAR 2 SPUN-OUT 2 SPK AT DA MO... DEAD 2 DA WRLD. BEEN SLEEPING ON DA SOFA ALL DAY, HAD A COOL NYTHO, TX 4 FONIN HON, CALL 2MWEN IM BK FRMCLOUD 9! J X",UCI-2011
ham,Should i send you naughty pix? :),UCI-2011
spam,"You are a £1000 winner or Guaranteed Caller Prize, this is our Final attempt to contact you! To Claim Call 09071517866 Now! 150ppmPOBox10183BhamB64XE",UCI-2011
spam,"Xmas & New Years Eve tickets are now on sale from the club, during the day from 10am till 8pm, and on Thurs, Fri & Sat night this week. They're selling fast!",UCI-2011
ham,"Tyler (getting an 8th) has to leave not long after 9, can you get here in like an hour?",UCI-2011
ham,Prepare to be pounded every night...,UCI-2011
ham,"Actually, my mobile is full of msg. And i m doing a work online, where i need to send them  &lt;#&gt;  sent msg i wil explain u later.",UCI-2011
ham,"Sorry, I'll call later",UCI-2011
ham,Good evening! How are you?,UCI-2011
ham,I'm at home. Please call,UCI-2011
ham,Oic cos me n my sis got no lunch today my dad went out... So dunno whether 2 eat in sch or wat...,UCI-2011
ham,"Mmmmm ... It was sooooo good to wake to your words this morning, my Love!! Mmmm fuck ... I love you too, my Lion ... *devouring kiss from across the sea*",UCI-2011
ham,We are pleased to inform that your application for Airtel Broadband is processed successfully. Your installation will happen within 3 days.,UCI-2011
ham,What happen dear. Why you silent. I am tensed,UCI-2011
ham,"I'll get there at 3, unless you guys want me to come some time sooner",UCI-2011
ham,If you are not coughing then its nothing,UCI-2011
ham,Ü come lt 25 n pass to me lar,UCI-2011
ham,I'm e person who's doing e sms survey...,UCI-2011
ham,Lol ok ill try to send. Be warned Sprint is dead slow. You'll prolly get it tomorrow,UCI-2011
ham,Thank You meet you monday,UCI-2011
ham,SO IS TH GOWER MATE WHICH IS WHERE I AM!?! HOW R U MAN? ALL IS GOOD IN WALES ILL B BACK MORROW. C U THIS WK? WHO WAS THE MSG 4?  RANDOM!,UCI-2011
spam,"Rock yr chik. Get 100's of filthy films &XXX pics on yr phone now. rply FILTH to 69669. Saristar Ltd, E14 9YT 08701752560. 450p per 5 days. Stop2 cancel",UCI-2011
ham,"Single line with a big meaning::::: ""Miss anything 4 ur ""Best Life"" but, don't miss ur best life for anything... Gud nyt...",UCI-2011
ham,"I got like $ &lt;#&gt; , I can get some more later though. Get whatever you feel like",UCI-2011
ham,"Dad wanted to talk about the apartment so I got a late start, omw now",UCI-2011
ham,I love you both too :-),UCI-2011
ham,Lol u still feeling sick?,UCI-2011
ham,Din i tell u jus now 420,UCI-2011
ham,am up to my eyes in philosophy,UCI-2011
spam,From next month get upto 50% More Calls 4 Ur standard network charge 2 activate Call 9061100010 C Wire3.net 1st4Terms PoBox84 M26 3UZ Cost £1.50 min MobcudB more,UCI-2011
ham,Ok lor. I'm in town now lei.,UCI-2011
ham,I had it already..sabarish asked me to go..,UCI-2011
ham,No da. . Vijay going to talk in jaya tv,UCI-2011
spam,URGENT! We are trying to contact U Todays draw shows that you have won a £800 prize GUARANTEED. Call 09050000460 from land line. Claim J89. po box245c2150pm,UCI-2011
ham,Lol I know! Hey someone did a great inpersonation of flea on the forums. I love it!,UCI-2011
spam,Text BANNEDUK to 89555 to see! cost 150p textoperator g696ga 18+ XXX,UCI-2011
ham,Still chance there. If you search hard you will get it..let have a try :),UCI-2011
spam,"Auction round 4. The highest bid is now £54. Next maximum bid is £71. To bid, send BIDS e. g. 10 (to bid £10) to 83383. Good luck.",UCI-2011
ham,Do you always celebrate NY's with your family ?,UCI-2011
ham,"We know TAJ MAHAL as symbol of love. But the other lesser known facts 1. Mumtaz was Shahjahan's 4th wife, out of his 7 wifes. 2. Shahjahan killed Mumtaz's husband to marry her. 3. Mumtaz died in her  &lt;#&gt; th delivery. 4. He then married Mumtaz's sister. Question arises where the Hell is the LOVE?:-| -The Great Hari-",UCI-2011
ham,Its ok..come to my home it vl nice to meet and v can chat..,UCI-2011
spam,Collect your VALENTINE'S weekend to PARIS inc Flight & Hotel + £200 Prize guaranteed! Text: PARIS to No: 69101. www.rtf.sphosting.com,UCI-2011
ham,Sent me de webadres for geting salary slip,UCI-2011
ham,She's fine. Sends her greetings,UCI-2011
spam,Customer Loyalty Offer:The NEW Nokia6650 Mobile from ONLY £10 at TXTAUCTION! Txt word: START to No: 81151 & get yours Now! 4T&Ctxt TC 150p/MTmsg,UCI-2011
ham,But you dint in touch with me.,UCI-2011
ham,"Yup, leaving right now, be back soon",UCI-2011
spam,You won't believe it but it's true. It's Incredible Txts! Reply G now to learn truly amazing things that will blow your mind. From O2FWD only 18p/txt,UCI-2011
ham,Yeah sure I'll leave in a min,UCI-2011
ham,And do you have any one that can teach me how to ship cars.,UCI-2011
ham,"The sign of maturity is not when we start saying big things.. But actually it is, when we start understanding small things... *HAVE A NICE EVENING* BSLVYL",UCI-2011
ham,Yeah confirmed for you staying at  that weekend,UCI-2011
ham,They said ü dun haf passport or smth like dat.. Or ü juz send to my email account..  ,UCI-2011
ham,"Multiply the numbers independently and count decimal points then, for the division, push the decimal places like i showed you.",UCI-2011
ham,"Have a lovely night and when you wake up to see this message, i hope you smile knowing all is as should be. Have a great morning",UCI-2011
ham,Ard 4 lor...,UCI-2011
ham,You are right. Meanwhile how's project twins comin up,UCI-2011
ham,I sent your maga that money yesterday oh.,UCI-2011
spam,Hi 07734396839 IBH Customer Loyalty Offer: The NEW NOKIA6600 Mobile from ONLY £10 at TXTAUCTION!Txt word:START to No:81151 & get Yours Now!4T&,UCI-2011
ham,Heart is empty without love.. Mind is empty without wisdom.. Eyes r empty without dreams &amp; Life is empty without frnds.. So Alwys Be In Touch. Good night &amp; sweet dreams,UCI-2011
spam,I am hot n horny and willing I live local to you - text a reply to hear strt back from me 150p per msg Netcollex LtdHelpDesk: 02085076972 reply Stop to end,UCI-2011
ham,Our ride equally uneventful - not too many of those pesky cyclists around at that time of night ;).,UCI-2011
ham,If you were/are free i can give. Otherwise nalla adi entey nattil kittum,UCI-2011
ham,I've sent my wife your text. After we buy them she'll tell you what to do. So just relax. We should go get them this wkend.,UCI-2011
ham,I am in escape theatre now. . Going to watch KAVALAN in a few minutes,UCI-2011
ham,How much would it cost to hire a hitman,UCI-2011
ham,I anything lor...,UCI-2011
ham,"Sorry, I'll call later",UCI-2011
spam,Do you want a New Nokia 3510i Colour Phone Delivered Tomorrow? With 200 FREE minutes to any mobile + 100 FREE text + FREE camcorder Reply or Call 08000930705,UCI-2011
ham,Huh but i cant go 2 ur house empty handed right?,UCI-2011
ham,Good morning princess! Happy New Year!,UCI-2011
spam,Congratulations YOU'VE Won. You're a Winner in our August £1000 Prize Draw. Call 09066660100 NOW. Prize Code 2309.,UCI-2011
ham,"Aight, we'll head out in a few",UCI-2011
ham,Then wat r u doing now? Busy wif work?,UCI-2011
ham,I know you mood off today,UCI-2011
ham,"Jay told me already, will do",UCI-2011
ham,Cps is causing the outages to conserve energy.,UCI-2011
ham,"I'm not sure, I was just checking out what was happening around the area",UCI-2011
ham,Hey morning what you come to ask:-) pa...,UCI-2011
ham,Jordan got voted out last nite!,UCI-2011
ham,"That means you got an A in epi, she.s fine. She.s here now.",UCI-2011
ham,I have no idea where you are,UCI-2011
ham,Pls come quick cant bare this.,UCI-2011
ham,Joy's father is John. Then John is the ____ of Joy's father. If u ans ths you hav  &lt;#&gt;  IQ. Tis s IAS question try to answer.,UCI-2011
ham,"Call me. I m unable to cal. Lets meet bhaskar, and deep",UCI-2011
ham,No. I.ll meet you in the library,UCI-2011
ham,"K, my roommate also wants a dubsack and another friend may also want some so plan on bringing extra, I'll tell you when they know for sure",UCI-2011
ham,Depends on individual lor e hair dresser say pretty but my parents say look gong. U kaypoh.. I also dunno wat she collecting.,UCI-2011
ham,Ok c ü then.,UCI-2011
ham,I enjoy watching and playing football and basketball. Anything outdoors. And you?,UCI-2011
ham,"Can you please ask macho what his price range is, does he want something new or used plus it he only interfued in the blackberry bold  &lt;#&gt;  or any bb",UCI-2011
ham,Sorry sent blank msg again. Yup but trying 2 do some serious studying now.,UCI-2011
ham,Hey check it da. I have listed da.,UCI-2011
spam,8007 25p 4 Alfie Moon's Children in Need song on ur mob. Tell ur m8s. Txt TONE CHARITY to 8007 for nokias or POLY CHARITY for polys :zed 08701417012 profit 2 charity ,UCI-2011
ham,I meant as an apology from me for texting you to get me drugs at  &lt;#&gt; at night,UCI-2011
ham,That means from february to april i'll be getting a place to stay down there so i don't have to hustle back and forth during audition season as i have since my sister moved away from harlem.,UCI-2011
ham,Goin to workout lor... Muz lose e fats... ,UCI-2011
ham,"Damn, poor zac doesn't stand a chance",UCI-2011
ham,No message..no responce..what happend?,UCI-2011
ham,I want to tel u one thing u should not mistake me k THIS IS THE MESSAGE THAT YOU SENT:),UCI-2011
ham,Yeah right! I'll bring my tape measure fri!,UCI-2011
ham,Still chance there. If you search hard you will get it..let have a try :),UCI-2011
ham,Meeting u is my work. . . Tel me when shall i do my work tomorrow,UCI-2011
ham,Should I head straight there or what,UCI-2011
spam,Get the official ENGLAND poly ringtone or colour flag on yer mobile for tonights game! Text TONE or FLAG to 84199. Optout txt ENG STOP Box39822 W111WX £1.50,UCI-2011
ham,Thank you princess! You are so sexy...,UCI-2011
ham,Oooh I got plenty of those!,UCI-2011
ham,Hui xin is in da lib.,UCI-2011
ham,Its a big difference.  &lt;#&gt;  versus  &lt;#&gt;  every  &lt;#&gt; hrs,UCI-2011
ham,"It's not that you make me cry. It's just that when all our stuff happens on top of everything else, it pushes me over the edge. You don't underdtand how often i cry over my sorry, sorry life.",UCI-2011
ham,ME 2 BABE I FEEL THE SAME LETS JUST 4GET ABOUT IT+BOTH TRY +CHEER UP+NOT FIT SOO MUCHXXLOVE U LOCAXX,UCI-2011
ham,You know what hook up means right?,UCI-2011
spam,"Customer service announcement. We recently tried to make a delivery to you but were unable to do so, please call 07090298926 to re-schedule. Ref:9307622",UCI-2011
ham,Wat's da model num of ur phone?,UCI-2011
ham,He's really into skateboarding now despite the fact that he gets thrown off of it and winds up with bandages and shit all over his arms every five minutes,UCI-2011
spam,"You can stop further club tones by replying ""STOP MIX"" See my-tone.com/enjoy. html for terms. Club tones cost GBP4.50/week. MFL, PO Box 1146 MK45 2WT (2/3)",UCI-2011
ham,My house here e sky quite dark liao... If raining then got excuse not 2 run already rite... Hee...,UCI-2011
ham,"Sorry, left phone upstairs. OK, might be hectic but would be all my birds with one fell swoop. It's a date.",UCI-2011
ham,* Thought I didn't see you.,UCI-2011
spam,wamma get laid?want real doggin locations sent direct to your mobile? join the UKs largest dogging network. txt dogs to 69696 now!nyt. ec2a. 3lp £1.50/msg.,UCI-2011
ham,Carlos says we can pick up from him later so yeah we're set,UCI-2011
ham,"Hey babe, my friend had to cancel, still up for a visit ?",UCI-2011
ham,As per your request 'Maangalyam (Alaipayuthe)' has been set as your callertune for all Callers. Press *9 to copy your friends Callertune,UCI-2011
ham,Hmm ill have to think about it... ok you're forgiven! =D,UCI-2011
ham,"We are hoping to get away by 7, from Langport. You still up for town tonight?",UCI-2011
ham,Want to send me a virtual hug?... I need one,UCI-2011
ham,"Probably not, still going over some stuff here",UCI-2011
ham,It has issues right now. Ill fix for her by tomorrow.,UCI-2011
ham,Why i come in between you people,UCI-2011
ham,Senthil group company Apnt 5pm.,UCI-2011
ham,Oh really?? Did you make it on air? What's your talent?,UCI-2011
ham,Studying. But i.ll be free next weekend.,UCI-2011
ham,R u here yet? I'm wearing blue shirt n black pants.,UCI-2011
ham,Wait.i will come out.. &lt;#&gt;  min:),UCI-2011
ham,I will reach ur home in  &lt;#&gt;  minutes,UCI-2011
ham,Well then you have a great weekend!,UCI-2011
ham,"What are you doing in langport? Sorry, but I'll probably be in bed by 9pm. It sucks being ill at xmas! When do you and go2sri lanka? ",UCI-2011
ham,"Frnd s not juz a word.....not merely a relationship.....its a silent promise which says ... "" I will be with YOU "" Wherevr.. Whenevr.. Forevr... Gudnyt dear..",UCI-2011
ham,Huh? 6 also cannot? Then only how many mistakes?,UCI-2011
ham,Ha... U jus ate honey ar? So sweet...,UCI-2011
ham,I'm turning off my phone. My moms telling everyone I have cancer. And my sister won't stop calling. It hurts to talk. Can't put up with it. See u when u get home. Love u,UCI-2011
ham,"Honey ? Sweetheart ? Darling ? Sexy buns ? Sugar plum ? Loverboy ? I miss you, boytoy ... *smacks your ass* Did you go to the gym too ?",UCI-2011
ham,Thanks for loving me so. You rock,UCI-2011
ham,Yeah imma come over cause jay wants to do some drugs,UCI-2011
ham,Ok thanx... Take care then...,UCI-2011
ham,Yup. Thk of u oso boring wat.,UCI-2011
ham," came to look at the flat, seems ok, in his 50s? * Is away alot wiv work. Got woman coming at 6.30 too.",UCI-2011
ham,Moji just informed me that you saved our lives. Thanks.,UCI-2011
spam,You have won a Nokia 7250i. This is what you get when you win our FREE auction. To take part send Nokia to 86021 now. HG/Suite342/2Lands Row/W1JHL 16+,UCI-2011
ham,Whos this am in class:-),UCI-2011
ham,Hey r ü still online? I've finished the formatting...,UCI-2011
ham,Great! So what attracts you to the brothas?,UCI-2011
spam,Promotion Number: 8714714 - UR awarded a City Break and could WIN a £200 Summer Shopping spree every WK. Txt STORE to 88039 . SkilGme. TsCs087147403231Winawk!Age16 £1.50perWKsub,UCI-2011
ham,Stupid.its not possible,UCI-2011
ham,I cant pick the phone right now. Pls send a message,UCI-2011
ham,LOL what happens in Vegas stays in vegas,UCI-2011
ham,"Hello, hello, hi lou sorry it took so long 2 reply- I left mobile at friends in Lancaster, just got it bak Neway im sorry I couldnt make ur bday 2 hun!",UCI-2011
ham,When did i use soc... I use it only at home... Ü dunno how 2 type it in word ar...,UCI-2011
ham,Dad says hurry the hell up,UCI-2011
ham,Wake me up at  &lt;#&gt;  am morning:),UCI-2011
ham,"I get out of class in bsn in like  &lt;#&gt;  minutes, you know where advising is?",UCI-2011
ham,Great! I shoot big loads so get ready!,UCI-2011
ham,I'll meet you in the lobby,UCI-2011
ham,You still coming tonight?,UCI-2011
ham,What happen dear tell me,UCI-2011
ham,"Sir, i am waiting for your call, once free please call me.",UCI-2011
ham,No i am not having not any movies in my laptop,UCI-2011
ham,I was about to do it when i texted. I finished a long time ago and showered and er'ything!,UCI-2011
ham,Ok im not sure what time i finish tomorrow but i wanna spend the evening with you cos that would be vewy vewy lubly! Love me xxx,UCI-2011
ham,"Hello, As per request from  &lt;#&gt;  Rs.5 has been transfered to you",UCI-2011
ham,I am in tirupur.  call you da.,UCI-2011
spam,You are a winner you have been specially selected to receive £1000 cash or a £2000 award. Speak to a live operator to claim call 087147123779am-7pm. Cost 10p,UCI-2011
ham,S:)but he had some luck.2 catches put down:),UCI-2011
ham,How i noe... Did ü specify da domain as nusstu... Ü still in sch...,UCI-2011
ham,Oh...i asked for fun. Haha...take care. ü,UCI-2011
ham,Shall i get my pouch?,UCI-2011
ham,Hey loverboy! I love you !! I had to tell ... I look at your picture and ache to feel you between my legs ... Fuck I want you ... I need you ... I crave you .,UCI-2011
ham,"How is my boy? No sweet words left for me this morning ... *sighs* ... How goes you day, my love ? Did you start your studying?",UCI-2011
ham,Kent vale lor... Ü wait 4 me there ar?,UCI-2011
ham,Ok. Very good. Its all about making that money.,UCI-2011
ham,Reading gud habit.. Nan bari hudgi yorge pataistha ertini kano:-),UCI-2011
ham,Aight do you still want to get money,UCI-2011
spam,Free Top ringtone -sub to weekly ringtone-get 1st week free-send SUBPOLY to 81618-?3 per week-stop sms-08718727870,UCI-2011
ham,Ok.ok ok..then..whats ur todays plan,UCI-2011
ham,ARE YOU IN TOWN? THIS IS V. IMPORTANT,UCI-2011
ham,"Sorry pa, i dont knw who ru pa?",UCI-2011
ham,Wat u doing there?,UCI-2011
ham,If i not meeting ü all rite then i'll go home lor. If ü dun feel like comin it's ok.,UCI-2011
ham,"Oh, i will get paid. The most outstanding one is for a commercial i did for Hasbro...in AUGUST! They made us jump through so many hoops to get paid. Still not.",UCI-2011
ham,"I am late,so call you tomorrow morning.take care sweet dreams....u and me...ummifying...bye.",UCI-2011
ham,Networking technical support associate.,UCI-2011
ham,I'm gonna rip out my uterus.,UCI-2011
ham,Cool. Do you like swimming? I have a pool and jacuzzi at my house.,UCI-2011
spam,"Thanks for your ringtone order, reference number X49. Your mobile will be charged 4.50. Should your tone not arrive please call customer services 09065989182. From: [colour=red]text[/colour]TXTstar",UCI-2011
ham,"Yeah why not, is the gang all ready",UCI-2011
ham,Blank is Blank. But wat is blank? Lol,UCI-2011
ham,I'm in a movie... Collect car oredi...,UCI-2011
ham,We left already we at orchard now.,UCI-2011
spam,"Hi there, 2nights ur lucky night! Uve been invited 2 XCHAT, the Uks wildest chat! Txt CHAT to 86688 now! 150p/MsgrcvdHG/Suite342/2Lands/Row/W1J6HL LDN 18yrs",UCI-2011
ham,Nothing spl..wat abt u and whr ru?,UCI-2011
ham,No chikku nt yet.. Ya i'm free,UCI-2011
ham,"Aldrine, rakhesh ex RTM here.pls call.urgent.",UCI-2011
ham,The search 4 happiness is 1 of d main sources of unhappiness! Accept life the way it comes! U will find happiness in every moment u live.,UCI-2011
ham,I'm at home. Please call,UCI-2011
ham,"I guess you could be as good an excuse as any, lol.",UCI-2011
ham,"Isn't frnd a necesity in life? imagine urself witout a frnd.. hw'd u feel at ur colleg? wat'll u do wth ur cell? wat abt functions? thnk abt events espe'll cared, missed &amp; irritated u? 4wrd it to all those dear-loving frnds wthout whom u cant live.. I jst did it.. Takecare..:) GOODMORNING",UCI-2011
ham,Gud mrng dear hav a nice day,UCI-2011
ham,Old Orchard near univ. How about you?,UCI-2011
ham,"4 tacos + 1 rajas burrito, right?",UCI-2011
ham,"It‘s £6 to get in, is that ok?",UCI-2011
ham,Hows the street where the end of library walk is?,UCI-2011
ham,"Plz note: if anyone calling from a mobile Co. &amp; asks u to type # &lt;#&gt;  or # &lt;#&gt; . Do not do so. Disconnect the call,coz it iz an attempt of 'terrorist' to make use of the sim card no. Itz confirmd by nokia n motorola n has been verified by CNN IBN.",UCI-2011
ham,We stopped to get ice cream and will go back after,UCI-2011
ham,Did you stitch his trouser,UCI-2011
ham,No da. . Vijay going to talk in jaya tv,UCI-2011
spam,2/2 146tf150p,UCI-2011
ham,Hey i'm bored... So i'm thinking of u... So wat r u doing?,UCI-2011
ham,"Nah, Wednesday. When should I bring the mini cheetos bag over?",UCI-2011
ham,Nobody names their penis a girls name this story doesn't add up at all,UCI-2011
ham,"Aight, let me know when you're gonna be around usf",UCI-2011
ham,I'm not. She lip synced with shangela.,UCI-2011
ham,Ü neva tell me how i noe... I'm not at home in da aft wat... ,UCI-2011
ham,"A bit of Ur smile is my hppnss, a drop of Ur tear is my sorrow, a part of Ur heart is my life, a heart like mine wil care for U, forevr as my GOODFRIEND",UCI-2011
spam,Dear Voucher Holder 2 claim your 1st class airport lounge passes when using Your holiday voucher call 08704439680. When booking quote 1st class x 2,UCI-2011
ham,"Buzz! Hey, my Love ! I think of you and hope your day goes well. Did you sleep in ? I miss you babe. I long for the moment we are together again*loving smile*",UCI-2011
ham,"Haha... Sounds crazy, dunno can tahan anot...",UCI-2011
ham,Why are u up so early?,UCI-2011
ham,Ya that one is slow as poo,UCI-2011
spam,Bloomberg -Message center +447797706009 Why wait? Apply for your future http://careers. bloomberg.com,UCI-2011
ham,Im on gloucesterroad what are uup to later?,UCI-2011
ham,Yes:)here tv is always available in work place..,UCI-2011
spam,YES! The only place in town to meet exciting adult singles is now in the UK. Txt CHAT to 86688 now! 150p/Msg.,UCI-2011
ham,Lol no ouch but wish i'd stayed out a bit longer,UCI-2011
ham,"GOD ASKED, ""What is forgiveness?"" A little child gave lovely reply, ""It is d wonderful fruit that a tree gives when it is being hurt by a stone.. Good night......",UCI-2011
ham,We'll join the  &lt;#&gt;  bus,UCI-2011
ham,Was just about to ask. Will keep this one. Maybe that's why you didn't get all the messages we sent you on glo,UCI-2011
spam,FREE for 1st week! No1 Nokia tone 4 ur mob every week just txt NOKIA to 8007 Get txting and tell ur mates www.getzed.co.uk POBox 36504 W45WQ norm150p/tone 16+,UCI-2011
ham,K.i will send in  &lt;#&gt;  min:),UCI-2011
ham,Would me smoking you out help us work through this difficult time,UCI-2011
spam,"Someone U know has asked our dating service 2 contact you! Cant guess who? CALL 09058095107 NOW all will be revealed. POBox 7, S3XY 150p ",UCI-2011
ham,Yes.mum lookin strong:),UCI-2011
ham,"Sir Goodmorning, Once free call me.",UCI-2011
ham,Where are you call me.,UCI-2011
ham,Was gr8 to see that message. So when r u leaving? Congrats dear. What school and wat r ur plans.,UCI-2011
ham,Love it! The girls at the office may wonder why you are smiling but sore...,UCI-2011
ham,"Hi, wlcome back, did wonder if you got eaten by a lion or something, nothing much",UCI-2011
ham,Does uncle timi help in clearing cars,UCI-2011
ham,I came hostel. I m going to sleep. Plz call me up before class. Hrishi.,UCI-2011
ham,Ok... But bag again..,UCI-2011
ham,Hi! You just spoke to MANEESHA V. We'd like to know if you were satisfied with the experience. Reply Toll Free with Yes or No.,UCI-2011
ham,Ok lor. Msg me b4 u call.,UCI-2011
spam,"Mila, age23, blonde, new in UK. I look sex with UK guys. if u like fun with me. Text MTALK to 69866.18 . 30pp/txt 1st 5free. £1.50 increments. Help08718728876",UCI-2011
ham,"Once a fishrman woke early in d mrng. It was very dark. He waited a while &amp; found a sack ful of stones. He strtd throwin thm in2 d sea 2 pass time. Atlast he had jus 1stone, sun rose up &amp; he found out tht those r nt stones, those were diamonds. Moral:""Dont wake up early in d mrng'' GOOD night",UCI-2011
spam,"Claim a 200 shopping spree, just call 08717895698 now! Have you won! MobStoreQuiz10ppm",UCI-2011
ham,Then ur physics get a-?,UCI-2011
ham,"Dear friends, sorry for the late information. Today is the birthday of our loving Ar.Praveesh. for more details log on to face book and see. Its his number + &lt;#&gt; . Dont miss a delicious treat.",UCI-2011
ham,How r ü going to send it to me?,UCI-2011
ham,Can you do online transaction?,UCI-2011
ham,Dear got train and seat mine lower seat,UCI-2011
ham,Let me know if you need anything else. Salad or desert or something... How many beers shall i get?,UCI-2011
ham,Wat r u doing?,UCI-2011
ham,WHORE YOU ARE UNBELIEVABLE.,UCI-2011
spam,"Want to funk up ur fone with a weekly new tone reply TONES2U 2 this text. www.ringtones.co.uk, the original n best. Tones 3GBP network operator rates apply",UCI-2011
ham,"Are you sure you don't mean ""get here, we made you hold all the weed""",UCI-2011
ham,"I love you !!! You know? Can you feel it? Does it make your belly warm? I wish it does, my love ... I shall meet you in your dreams, Ahmad ... *adoring kiss*",UCI-2011
spam,"Twinks, bears, scallies, skins and jocks are calling now. Don't miss the weekend's fun. Call 08712466669 at 10p/min. 2 stop texts call 08712460324(nat rate)",UCI-2011
ham,Love it! I want to flood that pretty pussy with cum...,UCI-2011
ham,Hey are you angry with me. Reply me dr.,UCI-2011
ham,"Short But Cute: ""Be a good person, but dont try to prove it.."" .Gud noon....",UCI-2011
ham,Also remember the beads don't come off. Ever.,UCI-2011
ham,They have a thread on the wishlist section of the forums where ppl post nitro requests. Start from the last page and collect from the bottom up.,UCI-2011
ham,For The First Time In The History 'Need' 'Comfort' And 'Luxury' Are Sold At Same Price In India..!! Onion-Rs. &lt;#&gt;  Petrol-Rs. &lt;#&gt;  Beer-Rs. &lt;#&gt;  SHESIL  &lt;#&gt;,UCI-2011
ham,"Feb  &lt;#&gt;  is ""I LOVE U"" day. Send dis to all ur ""VALUED FRNDS"" evn me. If 3 comes back u'll gt married d person u luv! If u ignore dis u will lose ur luv 4 Evr",UCI-2011
ham,"Actually nvm, got hella cash, we still on for  &lt;#&gt; ish?",UCI-2011
spam,We tried to contact you re your reply to our offer of a Video Handset? 750 anytime any networks mins? UNLIMITED TEXT? Camcorder? Reply or call 08000930705 NOW,UCI-2011
ham,"It's ok, at least armand's still around",UCI-2011
ham,No da. I am happy that we sit together na,UCI-2011
ham,Yup song bro. No creative. Neva test quality. He said check review online.,UCI-2011
ham,"No dude, its not fake..my frnds got money, thts y i'm reffering u..if u member wit my mail link, u vl be credited  &lt;#&gt; rs and il be getiing  &lt;#&gt; rs..i can draw my acc wen it is  &lt;#&gt; rs..",UCI-2011
ham,Dude while were makin those weirdy brownies my sister made awesome cookies. I took pics.,UCI-2011
spam,URGENT! We are trying to contact you. Last weekends draw shows that you have won a £900 prize GUARANTEED. Call 09061701851. Claim code K61. Valid 12hours only,UCI-2011
ham,Pls dont restrict her from eating anythin she likes for the next two days.,UCI-2011
ham,Mm you ask him to come its enough :-),UCI-2011
ham,At the funeral home with Audrey and dad,UCI-2011
ham,"Aight, can you text me the address?",UCI-2011
ham,Excellent! Wish we were together right now!,UCI-2011
ham,Yep then is fine 7.30 or 8.30 for ice age.,UCI-2011
ham,Pls i wont belive god.not only jesus.,UCI-2011
ham,Can. Dunno wat to get 4 her...,UCI-2011
ham,"Not yet chikku..k, then wat abt tht guy did he stopped irritating or msging to u..",UCI-2011
ham,How long does it take to get it.,UCI-2011
ham,This is my number by vivek..,UCI-2011
spam,74355 XMAS iscoming & ur awarded either £500 CD gift vouchers & free entry 2 r £100 weekly draw txt MUSIC to 87066 TnC,UCI-2011
ham,"sorry brah, just finished the last of my exams, what up",UCI-2011
ham,"I got arrested for possession at, I shit you not,  &lt;TIME&gt;  pm",UCI-2011
ham,You are right though. I can't give you the space you want and need. This is really starting to become an issue. I was going to suggest setting a definite move out--if i'm still there-- after greece. But maybe you are ready and should do it now.,UCI-2011
ham,Just normal only here :),UCI-2011
ham,"Please protect yourself from e-threats. SIB never asks for sensitive information like Passwords,ATM/SMS PIN thru email. Never share your password with anybody.",UCI-2011
ham,I miss you so much I'm so desparate I have recorded the message you left for me the other day and listen to it just to hear the sound of your voice. I love you,UCI-2011
ham,Hi. I'm always online on yahoo and would like to chat with you someday,UCI-2011
ham,"Goodmorning,my grandfather expired..so am on leave today.",UCI-2011
spam,Congratulations U can claim 2 VIP row A Tickets 2 C Blu in concert in November or Blu gift guaranteed Call 09061104276 to claim TS&Cs www.smsco.net cost£3.75max ,UCI-2011
ham,Where are you ? What are you doing ? Are yuou working on getting the pc to your mom's ? Did you find a spot that it would work ? I need you,UCI-2011
ham,"Sure, I'll see if I can come by in a bit",UCI-2011
ham,I agree. So i can stop thinkin about ipad. Can you please ask macho the same question.,UCI-2011
ham,Let's pool our money together and buy a bunch of lotto tickets. If we win I get &lt;#&gt; % u get &lt;#&gt; %. Deal?,UCI-2011
ham,Ok.,UCI-2011
ham,I had askd u a question some hours before. Its answer,UCI-2011
ham,Watching tv lor. Nice one then i like lor.,UCI-2011
ham,I'm thinking that chennai forgot to come for auction..,UCI-2011
ham,Then ü come n pick me at 530 ar?,UCI-2011
ham,Early bird! Any purchases yet?,UCI-2011
ham,Went to pay rent. So i had to go to the bank to authorise the payment.,UCI-2011
ham,"Erm … ill pick you up at about 6.45pm. That'll give enough time to get there, park and that.",UCI-2011
ham,HEY MATE! HOWS U HONEY?DID U AVE GOOD HOLIDAY? GIMMI DE GOSS!x,UCI-2011
ham,Howz pain.it will come down today.do as i said ystrday.ice and medicine.,UCI-2011
ham,"chile, please! It's only a  &lt;DECIMAL&gt;  hour drive for me. I come down all the time and will be subletting feb-april for audition season.",UCI-2011
ham,Yes ammae....life takes lot of turns you can only sit and try to hold the steering...,UCI-2011
ham,"Yeah that's what I thought, lemme know if anything's goin on later",UCI-2011
ham,Mmmm.... I cant wait to lick it!,UCI-2011
ham,Pls go there today  &lt;#&gt; . I dont want any excuses,UCI-2011
spam,"Fantasy Football is back on your TV. Go to Sky Gamestar on Sky Active and play £250k Dream Team. Scoring starts on Saturday, so register now!SKY OPT OUT to 88088",UCI-2011
ham,Can you plz tell me the ans. BSLVYL sent via fullonsms.com,UCI-2011
ham,U in town alone?,UCI-2011
ham,I to am looking forward to all the sex cuddling.. Only two more sleeps ,UCI-2011
ham,We have all rounder:)so not required:),UCI-2011
ham,"No, its true..k,Do u knw dis no. &lt;#&gt; ?",UCI-2011
ham,"Dont worry, 1 day very big lambu ji vl come..til then enjoy batchlor party:-)",UCI-2011
ham,oh ya... Got hip hop open. Haha i was thinking can go for jazz then zoom to cine... Actually tonight i'm free leh... And there's a kb lesson tonight,UCI-2011
spam,Free msg: Single? Find a partner in your area! 1000s of real people are waiting to chat now!Send CHAT to 62220Cncl send STOPCS 08717890890£1.50 per msg,UCI-2011
ham,I'm ok. Will do my part tomorrow,UCI-2011
ham,"No! But we found a diff farm shop to buy some cheese. On way back now, can i call in?",UCI-2011
ham,R u still working now?,UCI-2011
spam,"Win the newest Harry Potter and the Order of the Phoenix (Book 5) reply HARRY, answer 5 questions - chance to be the first among readers!",UCI-2011
ham,Yep. I do like the pink furniture tho.,UCI-2011
spam,Free Msg: Ringtone!From: http://tms. widelive.com/index. wml?id=1b6a5ecef91ff9*37819&first=true18:0430-JUL-05,UCI-2011
ham,"Customer place, i wil cal u sir.",UCI-2011
spam,"Oh my god! I've found your number again! I'm so glad, text me back xafter this msgs cst std ntwk chg £1.50",UCI-2011
ham,A pure hearted person can have a wonderful smile that makes even his/her enemies to feel guilty for being an enemy.. So catch the world with your smile..:) GOODMORNING &amp; HAVE A SMILEY SUNDAY..:),UCI-2011
ham,"THATS ALRITE GIRL, U KNOW GAIL IS NEVA WRONG!!TAKE CARE SWEET AND DONT WORRY.C U L8TR HUN!LOVE Yaxxx",UCI-2011
ham,"Theoretically yeah, he could be able to come",UCI-2011
ham,"Alright we're hooked up, where you guys at",UCI-2011
ham,"not that I know of, most people up here are still out of town",UCI-2011
ham,No let me do the math. Your not good at it.,UCI-2011
ham,Oh ok wait 4 me there... My lect havent finish,UCI-2011
ham,Yeah my usual guy's out of town but there're definitely people around I know,UCI-2011
ham,I am joining today formally.Pls keep praying.will talk later.,UCI-2011
ham,"Happy or sad , one thing about past is- ""Its no more"" GOOD MORNING :-):-).",UCI-2011
ham,No. Did you multimedia message them or e-mail?,UCI-2011
ham,Okie but i scared u say i fat... Then u dun wan me already...,UCI-2011
ham,did u get that message,UCI-2011
ham,"Sorry sir, i will call you tomorrow.  senthil.hsbc",UCI-2011
ham,What you need. You have a person to give na.,UCI-2011
ham,She left it very vague. She just said she would inform the person in accounting about the delayed rent and that i should discuss with the housing agency about my renting another place. But checking online now and all places around usc are  &lt;#&gt;  and up,UCI-2011
ham,Hi juan. Im coming home on fri hey. Of course i expect a welcome party and lots of presents. Ill phone u when i get back. Loads of love nicky x x x x x x x x x,UCI-2011
ham,Can you plz tell me the ans. BSLVYL sent via fullonsms.com,UCI-2011
ham,"Short But Cute: ""Be a good person, but dont try to prove it.."" .Gud noon....",UCI-2011
ham,"Gumby's has a special where a  &lt;#&gt; "" cheese pizza is $2 so I know what we're doin tonight",UCI-2011
spam,A link to your picture has been sent. You can also use http://alto18.co.uk/wave/wave.asp?o=44345,UCI-2011
ham,Like a personal sized or what,UCI-2011
ham,"Same, I'm at my great aunts anniversary party in tarpon springs",UCI-2011
ham,Cab is available.they pick up and drop at door steps.,UCI-2011
ham,ok....take care.umma to you too...,UCI-2011
ham,Unlimited texts. Limited minutes.,UCI-2011
spam,"Double Mins & 1000 txts on Orange tariffs. Latest Motorola, SonyEricsson & Nokia with Bluetooth FREE! Call MobileUpd8 on 08000839402 or call2optout/HF8",UCI-2011
ham,No problem. We will be spending a lot of quality time together...,UCI-2011
spam,URGENT This is our 2nd attempt to contact U. Your £900 prize from YESTERDAY is still awaiting collection. To claim CALL NOW 09061702893. ACL03530150PM,UCI-2011
ham,Have you heard from this week?,UCI-2011
spam,Dear Dave this is your final notice to collect your 4* Tenerife Holiday or #5000 CASH award! Call 09061743806 from landline. TCs SAE Box326 CW25WX 150ppm,UCI-2011
ham,Yes. Last  practice,UCI-2011
spam,tells u 2 call 09066358152 to claim £5000 prize. U have 2 enter all ur mobile & personal details @ the prompts. Careful!,UCI-2011
ham,No. Thank you. You've been wonderful,UCI-2011
ham,Otherwise had part time job na-tuition..,UCI-2011
ham,Ü mean it's confirmed... I tot they juz say oni... Ok then... ,UCI-2011
ham,Okie,UCI-2011
ham,That depends. How would you like to be treated? :),UCI-2011
ham,"Right on brah, see you later",UCI-2011
ham,Waiting in e car 4 my mum lor. U leh? Reach home already?,UCI-2011
spam,Your 2004 account for 07XXXXXXXXX shows 786 unredeemed points. To claim call 08719181259 Identifier code: XXXXX Expires 26.03.05,UCI-2011
spam,Do you want a new video handset? 750 anytime any network mins? Half Price Line Rental? Camcorder? Reply or call 08000930705 for delivery tomorrow,UCI-2011
ham,Went fast asleep dear.take care.,UCI-2011
ham,No that just means you have a fat head,UCI-2011
ham,Sounds like a plan! Cardiff is still here and still cold! I'm sitting on the radiator!,UCI-2011
ham,Serious? What like proper tongued her,UCI-2011
ham,She.s good. She was wondering if you wont say hi but she.s smiling now. So how are you coping with the long distance,UCI-2011
ham,How i noe... She's in da car now... Later then c lar... I'm wearing shorts...,UCI-2011
spam,You have an important customer service announcement. Call FREEPHONE 0800 542 0825 now!,UCI-2011
ham,Yeah whatever lol,UCI-2011
ham,Today is ACCEPT DAY..U Accept me as? Brother Sister Lover Dear1 Best1 Clos1 Lvblefrnd Jstfrnd Cutefrnd Lifpartnr Belovd Swtheart Bstfrnd No rply means enemy,UCI-2011
ham,Ard 530 lor. I ok then message ü lor.,UCI-2011
ham,Ok. C u then.,UCI-2011
ham,Eh ur laptop got no stock lei... He say mon muz come again to take a look c got a not...,UCI-2011
ham,No need to ke qi... Ü too bored izzit y suddenly thk of this...,UCI-2011
ham,I wish! I don't think its gonna snow that much. But it will be more than those flurries we usually get that melt before they hit the ground. Eek! We haven't had snow since &lt;#&gt; before I was even born!,UCI-2011
spam,FREE>Ringtone! Reply REAL or POLY eg REAL1 1. PushButton 2. DontCha 3. BabyGoodbye 4. GoldDigger 5. WeBeBurnin 1st tone FREE and 6 more when u join for £3/wk,UCI-2011
ham,"Do 1 thing! Change that sentence into: ""Because i want 2 concentrate in my educational career im leaving here..""",UCI-2011
ham,"Oh really? perform, write a paper, go to a movie AND be home by midnight, huh?",UCI-2011
ham,Okay lor... Will they still let us go a not ah? Coz they will not know until later. We drop our cards into the box right?,UCI-2011
ham,How? Izzit still raining?,UCI-2011
ham,As if i wasn't having enough trouble sleeping.,UCI-2011
ham,I havent add ü yet right.. ,UCI-2011
ham,Lol ... I really need to remember to eat when I'm drinking but I do appreciate you keeping me company that night babe *smiles*,UCI-2011
ham,Babe ? I lost you ... Will you try rebooting ?,UCI-2011
ham,Yes. Nigh you cant aha.,UCI-2011
ham,I thk ü gotta go home by urself. Cos i'll b going out shopping 4 my frens present. ,UCI-2011
ham,Nooooooo I'm gonna be bored to death all day. Cable and internet outage.,UCI-2011
ham,Sos! Any amount i can get pls.,UCI-2011
ham,"Playin space poker, u?",UCI-2011
ham,How come guoyang go n tell her? Then u told her?,UCI-2011
ham,You need to get up. Now.,UCI-2011
ham,They r giving a second chance to rahul dengra.,UCI-2011
ham,"Yeah, in fact he just asked if we needed anything like an hour ago. When and how much?",UCI-2011
ham,WHEN THE FIRST STRIKE IS A RED ONE. THE BIRD + ANTELOPE BEGIN TOPLAY IN THE FIELDOF SELFINDEPENDENCE BELIEVE THIS + THE FLOWER OF CONTENTION WILL GROW.RANDOM!,UCI-2011
ham,Y ü wan to go there? C doctor?,UCI-2011
ham,Does daddy have a bb now.,UCI-2011
spam,"Free Msg: get Gnarls Barkleys ""Crazy"" ringtone TOTALLY FREE just reply GO to this message right now!",UCI-2011
ham,She's borderline but yeah whatever.,UCI-2011
ham,I got a call from a landline number. . . I am asked to come to anna nagar . . . I will go in the afternoon,UCI-2011
ham,"Until 545 lor... Ya, can go 4 dinner together...",UCI-2011
ham,I will be gentle princess! We will make sweet gentle love...,UCI-2011
ham,How u doin baby girl ?? hope u are okay every time I call ure phone is off! I miss u get in touch,UCI-2011
ham,"Sorry, went to bed early, nightnight",UCI-2011
ham,I like to think there's always the possibility of being in a pub later.,UCI-2011
ham,HMM yeah if your not too grooved out! And im looking forward to my pound special :),UCI-2011
ham,I got to video tape pple type in message lor. U so free wan 2 help me? Hee... Cos i noe u wan 2 watch infernal affairs so ask u along. Asking shuhui oso.,UCI-2011
ham,Hi dude hw r u da realy mising u today,UCI-2011
ham,Me hungry buy some food good lei... But mum n yun dun wan juz buy a little bit... ,UCI-2011
spam,Refused a loan? Secured or Unsecured? Can't get credit? Call free now 0800 195 6669 or text back 'help' & we will!,UCI-2011
ham,I probably won't eat at all today. I think I'm gonna pop. How was your weekend? Did u miss me?,UCI-2011
ham,I knew it... U slept v late yest? Wake up so late...,UCI-2011
ham,Haha... dont be angry with yourself... Take it as a practice for the real thing. =) ,UCI-2011
ham,Where is that one day training:-),UCI-2011
ham,So i could kiss and feel you next to me...,UCI-2011
ham,Have a nice day my dear.,UCI-2011
ham,I sent lanre fakeye's Eckankar details to the mail box,UCI-2011
ham,Your dad is back in ph?,UCI-2011
spam,"You have been specially selected to receive a ""3000 award! Call 08712402050 BEFORE the lines close. Cost 10ppm. 16+. T&Cs apply. AG Promo",UCI-2011
ham,If you ask her or she say any please message.,UCI-2011
ham,"If e timing can, then i go w u lor...",UCI-2011
ham,Love you aathi..love u lot..,UCI-2011
ham,I was just callin to say hi. Take care bruv!,UCI-2011
spam,YOU HAVE WON! As a valued Vodafone customer our computer has picked YOU to win a £150 prize. To collect is easy. Just call 09061743386,UCI-2011
ham,Did u turn on the heater? The heater was on and set to &lt;#&gt; degrees.,UCI-2011
ham,Thanks for your message. I really appreciate your sacrifice. I'm not sure of the process of direct pay but will find out on my way back from the test tomorrow. I'm in class now. Do have a wonderful day.,UCI-2011
ham,"That's the trouble with classes that go well - you're due a dodgey one … Expecting mine tomo! See you for recovery, same time, same place ",UCI-2011
spam,Free video camera phones with Half Price line rental for 12 mths and 500 cross ntwk mins 100 txts. Call MobileUpd8 08001950382 or Call2OptOut/674&,UCI-2011
ham,WOT U UP 2 J?,UCI-2011
ham,"Night night, see you tomorrow",UCI-2011
ham,Roger that. We‘re probably going to rem in about 20,UCI-2011
ham,do u think that any girl will propose u today by seing ur bloody funky shit fucking face...............asssssholeeee................,UCI-2011
ham,I wish u were here. I feel so alone,UCI-2011
spam,Great NEW Offer - DOUBLE Mins & DOUBLE Txt on best Orange tariffs AND get latest camera phones 4 FREE! Call MobileUpd8 free on 08000839402 NOW! or 2stoptxt T&Cs,UCI-2011
ham,Reason is if the team budget is available at last they buy the unsold players for at base rate..,UCI-2011
ham,CERI U REBEL! SWEET DREAMZ ME LITTLE BUDDY!! C YA 2MORO! WHO NEEDS BLOKES,UCI-2011
spam,ringtoneking 84484,UCI-2011
ham,Huh i cant thk of more oredi how many pages do we have?,UCI-2011
ham,His frens go then he in lor. Not alone wif my mum n sis lor.,UCI-2011
ham,Nationwide auto centre (or something like that) on Newport road. I liked them there,UCI-2011
ham,"Hey, I missed you tm of last night as my phone was on the charge ... *smiles* ... I am meeting a friend shortly",UCI-2011
ham,"Whatever, juliana. Do whatever you want.",UCI-2011
ham,"Friendship is not a game to play, It is not a word to say, It doesn\'t start on March and ends on May, It is tomorrow, yesterday, today and e",UCI-2011
spam,Ringtone Club: Gr8 new polys direct to your mobile every week !,UCI-2011
ham,"Hello. Sort of out in town already. That . So dont rush home, I am eating nachos. Will let you know eta.",UCI-2011
ham,Ok lor. Anyway i thk we cant get tickets now cos like quite late already. U wan 2 go look 4 ur frens a not? Darren is wif them now...,UCI-2011
spam,(Bank of Granite issues Strong-Buy) EXPLOSIVE PICK FOR OUR MEMBERS *****UP OVER 300% *********** Nasdaq Symbol CDGT That is a $5.00 per..,UCI-2011
ham,I am on the way to ur home,UCI-2011
ham,"Dizzamn, aight I'll ask my suitemates when I get back",UCI-2011
ham,"Nimbomsons. Yep phone knows that one. Obviously, cos thats a real word",UCI-2011
ham,I love to cuddle! I want to hold you in my strong arms right now...,UCI-2011
ham,R u in this continent?,UCI-2011
ham,We'll you pay over like  &lt;#&gt; yrs so its not too difficult,UCI-2011
spam,Bored housewives! Chat n date now! 0871750.77.11! BT-national rate 10p/min only from landlines!,UCI-2011
spam,We tried to call you re your reply to our sms for a video mobile 750 mins UNLIMITED TEXT free camcorder Reply or call now 08000930705 Del Thurs,UCI-2011
ham,K...k...when will you give treat?,UCI-2011
spam,"This is the 2nd time we have tried to contact u. U have won the £400 prize. 2 claim is easy, just call 087104711148 NOW! Only 10p per minute. BT-national-rate",UCI-2011
ham,He's just gonna worry for nothing. And he won't give you money its no use.,UCI-2011
ham,Did you get any gift? This year i didnt get anything. So bad,UCI-2011
ham,somewhere out there beneath the pale moon light someone think in of u some where out there where dreams come true... goodnite &amp; sweet dreams,UCI-2011
ham,Well there's a pattern emerging of my friends telling me to drive up and come smoke with them and then telling me that I'm a weed fiend/make them smoke too much/impede their doing other things so you see how I'm hesitant,UCI-2011
ham,", ow u dey.i paid 60,400thousad.i told  u would call . ",UCI-2011
ham,IM FINE BABES AINT BEEN UP 2 MUCH THO! SAW SCARY MOVIE YEST ITS QUITE FUNNY! WANT 2MRW AFTERNOON? AT TOWN OR MALL OR SUMTHIN?xx,UCI-2011
ham,I'm reaching home in 5 min.,UCI-2011
ham,"Forgot you were working today! Wanna chat, but things are ok so drop me a text when you're free / bored etc and i'll ring. Hope all is well, nose essay and all xx",UCI-2011
ham,Ha... Then we must walk to everywhere... Cannot take tram. My cousin said can walk to vic market from our hotel ,UCI-2011
spam,"Wan2 win a Meet+Greet with Westlife 4 U or a m8? They are currently on what tour? 1)Unbreakable, 2)Untamed, 3)Unkempt. Text 1,2 or 3 to 83049. Cost 50p +std text",UCI-2011
spam,Please call our customer service representative on FREEPHONE 0808 145 4742 between 9am-11pm as you have WON a guaranteed £1000 cash or £5000 prize!,UCI-2011
ham,Discussed with your mother ah?,UCI-2011
ham,Ok.,UCI-2011
ham,"Sorry, I can't text &amp; drive coherently, see you in twenty",UCI-2011
spam,You will be receiving this week's Triple Echo ringtone shortly. Enjoy it!,UCI-2011
ham,In which place i can get rooms cheap:-),UCI-2011
ham,Eek that's a lot of time especially since American Pie is like 8 minutes long. I can't stop singing it.,UCI-2011
ham,GRAN ONLYFOUND OUT AFEW DAYS AGO.CUSOON HONI,UCI-2011
spam,"U've been selected to stay in 1 of 250 top British hotels - FOR NOTHING! Holiday valued at £350! Dial 08712300220 to claim - National Rate Call. Bx526, SW73SS",UCI-2011
ham,University of southern california.,UCI-2011
ham,We have to pick rayan macleran there.,UCI-2011
ham,U gd lor go shopping i got stuff to do. U wan 2 watch infernal affairs a not? Come lar...,UCI-2011
ham,Well. Balls. Time to make calls,UCI-2011
ham,Wat time ü wan today?,UCI-2011
ham, &lt;#&gt;  in mca. But not conform.,UCI-2011
ham,Oh ok.. Wat's ur email?,UCI-2011
ham,"Yes, princess. Are you going to make me moan?",UCI-2011
ham,Lol its ok I didn't remember til last nite,UCI-2011
ham,"[…] anyway, many good evenings to u! s",UCI-2011
ham,"Cool, I'll text you in a few",UCI-2011
ham,"Sorry vikky, i'm Watching olave mandara movie kano in trishul theatre wit my frnds..",UCI-2011
ham,I'm very happy for you babe ! Woo hoo party on dude!,UCI-2011
ham,I am taking you for italian food. How about a pretty dress with no panties? :),UCI-2011
ham,Wot u up 2? Thout u were gonna call me!! Txt bak luv K,UCI-2011
spam,YOU ARE CHOSEN TO RECEIVE A £350 AWARD! Pls call claim number 09066364311 to collect your award which you are selected to receive as a valued mobile customer.,UCI-2011
ham,How are you holding up?,UCI-2011
ham,Dont flatter yourself... Tell that man of mine two pints of carlin in ten minutes please.... ,UCI-2011
ham,Hope you are not scared!,UCI-2011
ham,I cant pick the phone right now. Pls send a message,UCI-2011
ham,I'm at home n ready...,UCI-2011
spam,Please call our customer service representative on FREEPHONE 0808 145 4742 between 9am-11pm as you have WON a guaranteed £1000 cash or £5000 prize!,UCI-2011
ham,What time do u get out?,UCI-2011
ham,I am literally in bed and have been up for like  &lt;#&gt;  hours,UCI-2011
ham,"Yes, my reg is  Ciao!",UCI-2011
ham,If You mean the website. Yes.,UCI-2011
spam,Win a £1000 cash prize or a prize worth £5000,UCI-2011
spam,"Thanks for your ringtone order, reference number X49.Your mobile will be charged 4.50. Should your tone not arrive please call customer services 09065989182",UCI-2011
ham,Lol or I could just starve and lose a pound by the end of the day.,UCI-2011
ham,Yeah that's the impression I got,UCI-2011
ham,Ok ok take care. I can understand.,UCI-2011
ham,"Motivate Behind every darkness, there is a shining light waiting for you to find it... Behind every best friend, there is always trust and love... BSLVYL",UCI-2011
ham,"Ya ok, then had dinner?",UCI-2011
ham,I was slept that time.you there?,UCI-2011
ham,dont make ne plans for nxt wknd coz she wants us to come down then ok,UCI-2011
ham,When is school starting. Where will you stay. What's the weather like. And the food. Do you have a social support system like friends in the school. All these things are important.,UCI-2011
ham,"Ha ha nan yalrigu heltini..Iyo kothi chikku, u shared many things wit me..so far i didn't told any body and even uttered a word abt u.. If ur trusting me so much how can i tell these to others.. Plz nxt time dont use those words to me..ok, chikku:-);-)B-)",UCI-2011
ham,Noice. Text me when you're here,UCI-2011
ham,Hi di is yijue we're meeting at 7 pm at esaplanade tonight.,UCI-2011
spam,Moby Pub Quiz.Win a £100 High Street prize if u know who the new Duchess of Cornwall will be? Txt her first name to 82277.unsub STOP £1.50 008704050406 SP,UCI-2011
spam,"This weeks SavaMob member offers are now accessible. Just call 08709501522 for details! SavaMob, POBOX 139, LA3 2WU. Only £1.50/week. SavaMob - offers mobile!",UCI-2011
ham,"Aight I've been set free, think you could text me blake's address? It occurs to me I'm not quite as sure what I'm doing as I thought I was",UCI-2011
ham,Hi dear we saw dear. We both are happy. Where you my battery is low,UCI-2011
ham,How are you. Its been ages. How's abj,UCI-2011
ham,Prof: you have passed in all the papers in this sem congrats . . . . Student: Enna kalaachutaarama..!! Prof:???? Gud mrng!,UCI-2011
ham,Dont kick coco when he's down,UCI-2011
ham,Fyi I'm gonna call you sporadically starting at like  &lt;#&gt;  bc we are not not doin this shit,UCI-2011
spam,"You are being contacted by our Dating Service by someone you know! To find out who it is, call from your mobile or landline 09064017305 PoBox75LDNS7 ",UCI-2011
spam,TBS/PERSOLVO. been chasing us since Sept for£38 definitely not paying now thanks to your information. We will ignore them. Kath. Manchester.,UCI-2011
ham,Hope youre not having too much fun without me!! see u tomorrow love jess x,UCI-2011
ham,Ok i wont call or disturb any one. I know all are avoiding me. I am a burden for all,UCI-2011
ham,I've reached home n i bathe liao... U can call me now...,UCI-2011
spam,Loans for any purpose even if you have Bad Credit! Tenants Welcome. Call NoWorriesLoans.com on 08717111821,UCI-2011
ham,Was the actual exam harder than NBME,UCI-2011
ham,A lot of this sickness thing going round. Take it easy. Hope u feel better soon. Lol,UCI-2011
ham,"God picked up a flower and dippeditinaDEW, lovingly touched itwhichturnedinto u, and the he gifted tomeandsaid,THIS FRIEND IS 4U",UCI-2011
spam,87077: Kick off a new season with 2wks FREE goals & news to ur mobile! Txt ur club name to 87077 eg VILLA to 87077,UCI-2011
ham,Hey sathya till now we dint meet not even a single time then how can i saw the situation sathya.,UCI-2011
ham,Gam gone after outstanding innings.,UCI-2011
ham,O i played smash bros  &lt;#&gt;  religiously.,UCI-2011
ham,"Sir, good morning. Hope you had a good weekend. I called to let you know that i was able to raise  &lt;#&gt;  from my dad. He however said he would make the rest available by mid feb. This amount is still quite short and i was hoping you would help. Do have a good day. Abiola",UCI-2011
ham,Hurry home. Soup is DONE!,UCI-2011
ham,No no. I will check all rooms befor activities,UCI-2011
ham,"Good afternoon, my love. It was good to see your words on YM and get your tm. Very smart move, my slave ... *smiles* ... I drink my coffee and await you.",UCI-2011
ham,Quite ok but a bit ex... U better go eat smth now else i'll feel guilty...,UCI-2011
spam,"Orange brings you ringtones from all time Chart Heroes, with a free hit each week! Go to Ringtones & Pics on wap. To stop receiving these tips reply STOP.",UCI-2011
ham,Lemme know when you're here,UCI-2011
spam,PRIVATE! Your 2003 Account Statement for 07973788240 shows 800 un-redeemed S. I. M. points. Call 08715203649 Identifier Code: 40533 Expires 31/10/04,UCI-2011
ham,He needs to stop going to bed and make with the fucking dealing,UCI-2011
ham,"How are you, my Love ? Are you with your brother ? Time to talk english with him ? *grins* Say : Hey Muhommad, Penny says hello from across the sea",UCI-2011
spam,We tried to call you re your reply to our sms for a video mobile 750 mins UNLIMITED TEXT + free camcorder Reply of call 08000930705 Now,UCI-2011
ham,"Hey doc pls I want to get nice t shirt for my hubby nice fiting ones my budget is  &lt;#&gt; k help pls I will load d card abi hw,keep me posted luv. 2 mj",UCI-2011
ham,I remain unconvinced that this isn't an elaborate test of my willpower,UCI-2011
ham,"Life is nothing wen v get everything. But ""life is everything wen v miss something "". Real value of people wil be realized only in their absence.... gud mrng",UCI-2011
ham,how are you? I miss you!,UCI-2011
ham,I ain't answerin no phone at what is actually a pretty reasonable hour but I'm sleepy,UCI-2011
ham,"Hey , is * rite u put »10 evey mnth is that all?",UCI-2011
ham,i am going to bed now prin,UCI-2011
ham,I think just yourself …Thanks and see you tomo,UCI-2011
ham,If u dun drive then how i go 2 sch.,UCI-2011
ham,I not at home now lei...,UCI-2011
spam,GSOH? Good with SPAM the ladies?U could b a male gigolo? 2 join the uk's fastest growing mens club reply ONCALL. mjzgroup. 08714342399.2stop reply STOP. msg@£1.50rcvd,UCI-2011
ham,Ok then i will come to ur home after half an hour,UCI-2011
spam,U have a secret admirer who is looking 2 make contact with U-find out who they R*reveal who thinks UR so special-call on 09058094599,UCI-2011
ham,Do u hav any frnd by name ashwini in ur college?,UCI-2011
ham,Jus finish my lunch on my way home lor... I tot u dun wan 2 stay in sch today...,UCI-2011
ham,K then 2marrow are you coming to class.,UCI-2011
spam,"HOT LIVE FANTASIES call now 08707500020 Just 20p per min NTT Ltd, PO Box 1327 Croydon CR9 5WB 0870 is a national rate call",UCI-2011
ham,Pls send me your address sir.,UCI-2011
ham,I want to lick your pussy now...,UCI-2011
ham,"Yo, you gonna still be in stock tomorrow/today? I'm trying to get a dubsack",UCI-2011
spam,URGENT! Your Mobile number has been awarded a <UKP>2000 prize GUARANTEED. Call 09061790125 from landline. Claim 3030. Valid 12hrs only 150ppm,UCI-2011
ham,"I'll see, but prolly yeah",UCI-2011
ham,Thought we could go out for dinner. I'll treat you! Seem ok?,UCI-2011
ham,Where are you ? What do you do ? How can you stand to be away from me ? Doesn't your heart ache without me ? Don't you wonder of me ? Don't you crave me ?,UCI-2011
ham,Sorry. You never hear unless you book it. One was kinda a joke--thet were really looking for skinny white girls. The other was one line--you can only do so much on camera with that. Something like that they're casting on the look.,UCI-2011
ham,What you doing?how are you?,UCI-2011
ham,"Sure thing big man. i have hockey elections at 6, shouldn‘t go on longer than an hour though",UCI-2011
ham,Watch lor. I saw a few swatch one i thk quite ok. Ard 116 but i need 2nd opinion leh...,UCI-2011
ham,Hiya do u like the hlday pics looked horrible in them so took mo out! Hows the camp Amrca thing? Speak soon Serena:),UCI-2011
ham,"Babe! How goes that day ? What are you up to ? I miss you already, my Love ... * loving kiss* ... I hope everything goes well.",UCI-2011
ham,Yunny... I'm goin to be late,UCI-2011
ham,Doc prescribed me morphine cause the other pain meds aren't enough. Waiting for my mom to bring it. That med should kick in fast so I'm gonna try to be on later,UCI-2011
ham,"Cool, want me to go to kappa or should I meet you outside mu",UCI-2011
ham,"Hey sexy buns ! Have I told you ? I adore you, loverboy. I hope you remember to thank your sister in law for those meatballs *grins* ... i love you, babe",UCI-2011
ham,May b approve panalam...but it should have more posts..,UCI-2011
spam,"SPJanuary Male Sale! Hot Gay chat now cheaper, call 08709222922. National rate from 1.5p/min cheap to 7.8p/min peak! To stop texts call 08712460324 (10p/min)",UCI-2011
ham,"Sorry, I'll call later",UCI-2011
ham,I dont thnk its a wrong calling between us,UCI-2011
ham,Me i'm not workin. Once i get job...,UCI-2011
ham,And by when you're done I mean now,UCI-2011
ham,"Its Ur luck to Love someone. Its Ur fortune to Love the one who Loves U. But, its a miracle to Love a person who can't Love anyone except U... Gud nyt...",UCI-2011
ham,Hi baby ive just got back from work and i was wanting to see u allday! I hope i didnt piss u off on the phone today. If u are up give me a call xxx,UCI-2011
spam,FreeMsg Today's the day if you are ready! I'm horny & live in your town. I love sex fun & games! Netcollex Ltd 08700621170150p per msg reply Stop to end,UCI-2011
ham,Is it your yahoo boys that bring in the perf? Or legal.,UCI-2011
ham,No need to say anything to me. I know i am an outsider,UCI-2011
ham,have you ever had one foot before?,UCI-2011
ham,Just got to  &lt;#&gt;,UCI-2011
ham,"Good! No, don‘t need any receipts—well done! (…) Yes, please tell . What‘s her number, i could ring her",UCI-2011
ham,"Ever green quote ever told by Jerry in cartoon ""A Person Who Irritates u Always Is the one Who Loves u Vry Much But Fails to Express It...!..!! :-) :-) gud nyt",UCI-2011
ham,Leave it wif me lar... Ü wan to carry meh so heavy... Is da num 98321561 familiar to ü?,UCI-2011
ham,Beautiful truth : Expression of the face could Be seen by everyone... But the depression of heart Could be understood only By the Loved ones.. Gud Ni8;-),UCI-2011
ham,Infact happy new year. How are you where are you when are we seeing,UCI-2011
spam,"In The Simpsons Movie released in July 2007 name the band that died at the start of the film? A-Green Day, B-Blue Day, C-Red Day. (Send A, B or C)",UCI-2011
ham,That's a shame! Maybe cld meet for few hrs tomo?,UCI-2011
ham,Lol I would but despite these cramps I like being a girl.,UCI-2011
ham,I cant wait for cornwall. Hope tonight isnt too bad as well but its rock night shite. Anyway im going for a kip now have a good night. Speak to you soon.,UCI-2011
ham,Pls help me tell sura that i'm expecting a battery from hont. And that if should pls send me a message about how to download movies. Thanks,UCI-2011
spam,Please call Amanda with regard to renewing or upgrading your current T-Mobile handset free of charge. Offer ends today. Tel 0845 021 3680 subject to T's and C's,UCI-2011
ham,"Haven't found a way to get another app for your phone, eh ? Will you go to the net cafe ? Did you take that job? Geeee I need you babe. I crave to see you ...",UCI-2011
ham,I only work from mon to thurs but Sat i cant leh... Booked liao... Which other day u free?,UCI-2011
ham,Ü comin to fetch us oredi...,UCI-2011
ham,What's nannys address?,UCI-2011
spam,"URGENT!! Your 4* Costa Del Sol Holiday or £5000 await collection. Call 09050090044 Now toClaim. SAE, TC s, POBox334, Stockport, SK38xh, Cost£1.50/pm, Max10mins",UCI-2011
ham,Haf u eaten? Wat time u wan me 2 come?,UCI-2011
spam,Want a new Video Phone? 750 anytime any network mins? Half price line rental free text for 3 months? Reply or call 08000930705 for free delivery,UCI-2011
ham,"Yo, call me when you get the chance, a friend of mine wanted me to ask you about a big order",UCI-2011
ham,This single single answers are we fighting? Plus i said am broke and you didnt reply,UCI-2011
ham,It certainly puts things into perspective when something like this happens,UCI-2011
ham,Now got tv 2 watch meh? U no work today?,UCI-2011
ham,i felt so...not any conveying reason.. Ese he... What about me?,UCI-2011
spam,Had your mobile 11 months or more? U R entitled to Update to the latest colour mobiles with camera for Free! Call The Mobile Update Co FREE on 08002986030,UCI-2011
ham,How's it going? Got any exciting karaoke type activities planned? I'm debating whether to play football this eve. Feeling lazy though.,UCI-2011
ham,I told that am coming on wednesday.,UCI-2011
ham,"Its ok, called mom instead have fun",UCI-2011
spam,"Dear Voucher Holder, To claim this weeks offer, at your PC please go to http://www.wtlp.co.uk/text. Ts&Cs apply.",UCI-2011
ham,Well if I'm that desperate I'll just call armand again,UCI-2011
ham,Are you at work right now ?,UCI-2011
spam,Congrats! Nokia 3650 video camera phone is your Call 09066382422 Calls cost 150ppm Ave call 3mins vary from mobiles 16+ Close 300603 post BCM4284 Ldn WC1N3XX,UCI-2011
ham,Haven't heard anything and he's not answering my texts so I'm guessing he flaked. That said the jb is fantastic,UCI-2011
ham,"Mmmmmm ... I love you,so much, Ahmad ... I can't wait for this year to begin as every second takes me closer to being at your side. Happy New Year, my love!!",UCI-2011
ham,Pls what's the full name of joke's school cos fees in university of florida seem to actually be  &lt;#&gt; k. Pls holla back,UCI-2011
ham,"Sorry, I'll call later",UCI-2011
ham,Ok... But they said i've got wisdom teeth hidden inside n mayb need 2 remove.,UCI-2011
ham,And pls pls drink plenty plenty water,UCI-2011
ham,How are you doing. How's the queen. Are you going for the royal wedding,UCI-2011
ham,He's in lag. That's just the sad part but we keep in touch thanks to skype,UCI-2011
ham,Ok lor then we go tog lor...,UCI-2011
ham,Two teams waiting for some players,UCI-2011
ham,Can ü send me a copy of da report?,UCI-2011
ham,"swhrt how u dey,hope ur ok, tot about u 2day.love n miss.take care.",UCI-2011
ham,"Ok da, i already planned. I wil pick you.",UCI-2011
spam,"Urgent! Please call 0906346330. Your ABTA complimentary 4* Spanish Holiday or £10,000 cash await collection SAE T&Cs BOX 47 PO19 2EZ 150ppm 18+",UCI-2011
ham,"Sorry, I'll call later in meeting",UCI-2011
ham,I just really need shit before tomorrow and I know you won't be awake before like 6,UCI-2011
ham,I'm good. Have you registered to vote?,UCI-2011
ham,"Hmm ok, i'll stay for like an hour cos my eye is really sore!",UCI-2011
ham,Dear got bus directly to calicut,UCI-2011
ham,Mm umma ask vava also to come tell him can play later together,UCI-2011
ham,"Well the general price is  &lt;#&gt; /oz, let me know if/when/how much you want",UCI-2011
ham,"Sorry, I'll call later",UCI-2011
ham,"Each Moment in a day,has its own value-Morning brings hope,afternoon brings faith,Evening brings luv,Night brings rest,Wish u find them all today.Good Morning",UCI-2011
ham,&lt;#&gt;  w jetton ave if you forgot,UCI-2011
ham,Ok i'm coming home now.,UCI-2011
ham,Can not use foreign stamps in this country.,UCI-2011
spam,"Double mins and txts 4 6months FREE Bluetooth on Orange. Available on Sony, Nokia Motorola phones. Call MobileUpd8 on 08000839402 or call2optout/N9DX",UCI-2011
ham,"Sorry, it's a lot of friend-of-a-friend stuff, I'm just now about to talk to the actual guy who wants to buy",UCI-2011
spam,FREE for 1st week! No1 Nokia tone 4 ur mob every week just txt NOKIA to 8007 Get txting and tell ur mates www.getzed.co.uk POBox 36504 W45WQ norm150p/tone 16+,UCI-2011
spam,"Want to funk up ur fone with a weekly new tone reply TONES2U 2 this text. www.ringtones.co.uk, the original n best. Tones 3GBP network operator rates apply",UCI-2011
spam,"cmon babe, make me horny, *turn* me on! Txt me your fantasy now babe -) Im hot, sticky and need you now. All replies cost £1.50. 2 cancel send STOP",UCI-2011
ham,I will come tomorrow di,UCI-2011
ham,Wylie update: my weed dealer carlos went to freedom and had a class with lunsford,UCI-2011
ham,Are you happy baby ? Are you alright ? Did you take that job ? I hope your fine. I send you a kiss to make you smile from across the sea ... *kiss* *kiss*,UCI-2011
ham,C movie is juz last minute decision mah. Juz watch 2 lar but i tot ü not interested.,UCI-2011
ham,How are you enjoying this semester? Take care brother.,UCI-2011
spam,IMPORTANT INFORMATION 4 ORANGE USER 0796XXXXXX. TODAY IS UR LUCKY DAY!2 FIND OUT WHY LOG ONTO http://www.urawinner.com THERE'S A FANTASTIC PRIZEAWAITING YOU!,UCI-2011
ham,"Get the door, I'm here",UCI-2011
ham,"Lets use it next week, princess :)",UCI-2011
ham,Or i go home first lar ü wait 4 me lor.. I put down my stuff first..,UCI-2011
ham,I want kfc its Tuesday. Only buy 2 meals ONLY 2. No gravy. Only 2 Mark. 2!,UCI-2011
ham,No da:)he is stupid da..always sending like this:)don believe any of those message.pandy is a mental:),UCI-2011
ham,Oi when you gonna ring,UCI-2011
spam,Missed call alert. These numbers called but left no message. 07008009200,UCI-2011
ham,I attended but nothing is there.,UCI-2011
ham,Ard 530 like dat lor. We juz meet in mrt station then ü dun haf to come out.,UCI-2011
ham,No dear i was sleeping :-P,UCI-2011
ham,Er mw im filled tuth is aight,UCI-2011
ham,Will be office around 4 pm. Now i am going hospital.,UCI-2011
ham,Actually i'm waiting for 2 weeks when they start putting ad.,UCI-2011
ham,Anything lor if they all go then i go lor...,UCI-2011
ham,U free on sat rite? U wan 2 watch infernal affairs wif me n darren n mayb xy?,UCI-2011
ham,"Plz note: if anyone calling from a mobile Co. &amp; asks u to type # &lt;#&gt;  or # &lt;#&gt; . Do not do so. Disconnect the call,coz it iz an attempt of 'terrorist' to make use of the sim card no. Itz confirmd by nokia n motorola n has been verified by CNN IBN.",UCI-2011
ham,Yo you around? A friend of mine's lookin to pick up later tonight,UCI-2011
ham,Stupid auto correct on my phone,UCI-2011
ham,Double eviction this week - Spiral and Michael and good riddance to them!,UCI-2011
ham,"The world suffers a lot... Not because of the violence of bad people. But because of the silence of good people!, Gud night....",UCI-2011
ham,"Ok thats cool. Its , just off either raglan rd or edward rd. Behind the cricket ground. Gimme ring when ur closeby see you tuesday.",UCI-2011
ham,Buy one egg for me da..please:),UCI-2011
ham,Have you started in skye,UCI-2011
ham,Have you bookedthe hut? And also your time off? How are you by the way?,UCI-2011
ham,And several to you sir.,UCI-2011
ham,U really pig leh sleep so much. My dad wake me up at 10 smth 2 eat lunch today.,UCI-2011
ham,I'm at home. Please call,UCI-2011
ham,My love ... I hope your not doing anything drastic. Don't you dare sell your pc or your phone ...,UCI-2011
ham,Now only i reached home. . . I am very tired now. . I will come tomorro,UCI-2011
spam,FREEMSG: Our records indicate you may be entitled to 3750 pounds for the Accident you had. To claim for free reply with YES to this msg. To opt out text STOP,UCI-2011
spam,"U can WIN £100 of Music Gift Vouchers every week starting NOW Txt the word DRAW to 87066 TsCs www.Idew.com SkillGame, 1Winaweek, age16. 150ppermessSubscription",UCI-2011
ham,Life style garments account no please.,UCI-2011
ham,Lol wtf random. Btw is that your lunch break,UCI-2011
ham,"Sez, hows u & de arab boy? Hope u r all good give my love 2 evry1 love ya eshxxxxxxxxxxx",UCI-2011
ham,"The LAY MAN! Just to let you know you are missed and thought off. Do have a great day. And if you can send me bimbo and ugo's numbers, ill appreciate. Safe",UCI-2011
ham,Detroit. The home of snow. Enjoy it.,UCI-2011
spam,Show ur colours! Euro 2004 2-4-1 Offer! Get an England Flag & 3Lions tone on ur phone! Click on the following service message for info!,UCI-2011
ham,Okie...,UCI-2011
ham,"Aight, I'm chillin in a friend's room so text me when you're on the way",UCI-2011
ham,Is toshiba portege m100 gd?,UCI-2011
ham,Well welp is sort of a semiobscure internet thing,UCI-2011
spam,Text PASS to 69669 to collect your polyphonic ringtones. Normal gprs charges apply only. Enjoy your tones,UCI-2011
spam,"accordingly. I repeat, just text the word ok on your mobile phone and send",UCI-2011
ham,Loosu go to hospital. De dont let it careless.,UCI-2011
ham,How much for an eighth?,UCI-2011
ham,Omg Joanna is freaking me out. She's looked thru all my friends to find photos of me. And then she's asking about stuff on my MySpace which I haven't even logged on in like a year. :/,UCI-2011
ham,"Send ur birthdate with month and year, I will tel u ur LIFE PARTNER'S name. and the method of calculation. Reply must.",UCI-2011
ham,Juz now havent woke up so a bit blur blur... Can? Dad went out liao... I cant cum now oso...,UCI-2011
ham,"How about clothes, jewelry, and trips?",UCI-2011
spam,Block Breaker now comes in deluxe format with new features and great graphics from T-Mobile. Buy for just £5 by replying GET BBDELUXE and take the challenge,UCI-2011
ham,Aah! A cuddle would be lush! I'd need lots of tea and soup before any kind of fumbling!,UCI-2011
spam,important information 4 orange user . today is your lucky day!2find out why log onto http://www.urawinner.com THERE'S A FANTASTIC SURPRISE AWAITING YOU!,UCI-2011
ham,I am late. I will be there at,UCI-2011
ham,Sad story of a Man - Last week was my b'day. My Wife did'nt wish me. My Parents forgot n so did my Kids . I went to work. Even my Colleagues did not wish.,UCI-2011
ham,Are you plans with your family set in stone ?,UCI-2011
ham,Pls dont forget to study,UCI-2011
ham,You'll never believe this but i have actually got off at taunton. Wow,UCI-2011
ham,"Den only weekdays got special price... Haiz... Cant eat liao... Cut nails oso muz wait until i finish drivin wat, lunch still muz eat wat... ",UCI-2011
ham,She just broke down a list of reasons why nobody's in town and I can't tell if she's being sarcastic or just faggy,UCI-2011
ham, &lt;DECIMAL&gt; m but its not a common car here so its better to buy from china or asia. Or if i find it less expensive. I.ll holla,UCI-2011
ham,The greatest test of courage on earth is to bear defeat without losing heart....gn tc,UCI-2011
ham,SORRY IM STIL FUCKED AFTER LAST NITE WENT TOBED AT 430 GOT UP 4 WORK AT 630,UCI-2011
ham,Hey so whats the plan this sat? ,UCI-2011
ham,Beauty sleep can help ur pimples too.,UCI-2011
ham,Great. Hope you are using your connections from mode men also cos you can never know why old friends can lead you to today,UCI-2011
spam,Natalja (25/F) is inviting you to be her friend. Reply YES-440 or NO-440 See her: www.SMS.ac/u/nat27081980 STOP? Send STOP FRND to 62468,UCI-2011
ham,Where to get those?,UCI-2011
ham,"Kind of. Just missed train cos of asthma attack, nxt one in half hr so driving in. not sure where to park.",UCI-2011
ham,Ball is moving a lot.will spin in last :)so very difficult to bat:),UCI-2011
ham,Haiyoh... Maybe your hamster was jealous of million,UCI-2011
ham,Can you please send me my aunty's number,UCI-2011
ham,I'm glad. You are following your dreams.,UCI-2011
ham,I've reached home finally...,UCI-2011
spam,"URGENT. Important information for 02 user. Today is your lucky day! 2 find out why , log onto http://www.urawinner.com there is a fantastic surprise awaiting you !",UCI-2011
spam,WINNER!! As a valued network customer you have been selected to receivea £900 prize reward! To claim call 09061701461. Claim code KL341. Valid 12 hours only.,UCI-2011
ham,"Wn u r hurt by d prsn who s close 2 u, do fight wit dem. Coz somtimes dis fight saves a relation bt being quiet leaves nothin in a relation.. Gud eveB-)",UCI-2011
ham,U can call now...,UCI-2011
ham,"Science tells that chocolate will melt under the sunlight. Please don't walk under the sunlight. BCoz,I don't want to loss a sweet friend.",UCI-2011
ham,Yes. I come to nyc for audiitions and am trying to relocate.,UCI-2011
ham,I pocked you up there before,UCI-2011
ham,Congrats. That's great. I wanted to tell you not to tell me your score cos it might make me relax. But its motivating me so thanks for sharing,UCI-2011
ham,I wud never mind if u dont miss me or if u dont need me.. But u wil really hurt me wen u need me &amp; u dont tell me......... Take care:-),UCI-2011
ham,Hey mr whats the name of that bill brison book the one about language and words ,UCI-2011
ham,"Okay, good, no problem, and thanx!",UCI-2011
ham,"For you information, IKEA is spelled with all caps. That is not yelling. when you thought i had left you, you were sitting on the bed among the mess when i came in. i said we were going after you got home from class. please don't try and bullshit me. It makes me want to listen to you less.",UCI-2011
ham,Call me when u're done...,UCI-2011
ham,G.W.R,UCI-2011
ham,You best watch what you say cause I get drunk as a motherfucker,UCI-2011
spam,Kit Strip - you have been billed 150p. Netcollex Ltd. PO Box 1013 IG11 OJA,UCI-2011
spam,HMV BONUS SPECIAL 500 pounds of genuine HMV vouchers to be won. Just answer 4 easy questions. Play Now! Send HMV to 86688 More info:www.100percent-real.com,UCI-2011
spam,Please CALL 08712402578 immediately as there is an urgent message waiting for you,UCI-2011
spam,thesmszone.com lets you send free anonymous and masked messages..im sending this message from there..do you see the potential for abuse???,UCI-2011
spam,"WELL DONE! Your 4* Costa Del Sol Holiday or £5000 await collection. Call 09050090044 Now toClaim. SAE, TCs, POBox334, Stockport, SK38xh, Cost£1.50/pm, Max10mins",UCI-2011
ham,Hurt me... Tease me... Make me cry... But in the end of my life when i die plz keep one rose on my grave and say STUPID I MISS U.. HAVE A NICE DAY BSLVYL,UCI-2011
ham,"Erm... Woodland avenue somewhere. Do you get the parish magazine, his telephone number will be in there.",UCI-2011
ham,Are there TA jobs available? Let me know please cos i really need to start working,UCI-2011
ham,Aiyar hard 2 type. U later free then tell me then i call n scold n tell u.,UCI-2011
ham,Yup i'm free...,UCI-2011
ham,"Good good, billy mates all gone. Just been jogging, again! Did enjoy concert?",UCI-2011
ham,Yo come over carlos will be here soon,UCI-2011
ham,Awww dat is sweet! We can think of something to do he he! Have a nice time tonight ill probably txt u later cos im lonely :( xxx.,UCI-2011
ham,I guess it is useless calling u 4 something important.,UCI-2011
ham,Ha ha - had popped down to the loo when you hello-ed me. Hello!,UCI-2011
ham,He dint tell anything. He is angry on me that why you told to abi.,UCI-2011
spam,Someone U know has asked our dating service 2 contact you! Cant Guess who? CALL 09058091854 NOW all will be revealed. PO BOX385 M6 6WU,UCI-2011
ham,It so happens that there r 2waxsto do wat you want. She can come and ill get her medical insurance. And she'll be able to deliver and have basic care. I'm currently shopping for the right medical insurance for her. So just give me til friday morning. Thats when i.ll see the major person that can guide me to the right insurance.,UCI-2011
ham,I keep ten rs in my shelf:) buy two egg.,UCI-2011
ham,"I wasn't well babe, i have swollen glands at my throat ... What did you end up doing ?",UCI-2011
ham,Is ur changes 2 da report big? Cos i've already made changes 2 da previous report.,UCI-2011
ham,Captain is in our room:),UCI-2011
ham,"I can't speak, bcaz mobile have problem. I can listen you but you cann't listen my voice. So i calls you later.",UCI-2011
ham,HIYA STU WOT U UP 2.IM IN SO MUCH TRUBLE AT HOME AT MOMENT EVONE HATES ME EVEN U! WOT THE HELL AV I DONE NOW? Y WONT U JUST TELL ME TEXT BCK PLEASE LUV DAN ,UCI-2011
ham,S...i will take mokka players only:),UCI-2011
ham,Are you still playing with gautham?,UCI-2011
ham,Hey mr  and I are going to the sea view and having a couple of gays I mean games! Give me a bell when ya finish ,UCI-2011
ham,"K, jason says he's gonna be around so I'll be up there around  &lt;#&gt;",UCI-2011
ham,Sorry . I will be able to get to you. See you in the morning.,UCI-2011
ham,Aight well keep me informed,UCI-2011
ham,I am not having her number sir,UCI-2011
ham,Am only searching for good dual sim mobile pa.,UCI-2011
ham,That seems unnecessarily hostile,UCI-2011
ham,Dude got a haircut. Now its breezy up there,UCI-2011
spam,"Congrats! 2 mobile 3G Videophones R yours. call 09061744553 now! videochat wid ur mates, play java games, Dload polyH music, noline rentl. bx420. ip4. 5we. 150pm",UCI-2011
ham,1Apple/Day=No Doctor. 1Tulsi Leaf/Day=No Cancer. 1Lemon/Day=No Fat. 1Cup Milk/day=No Bone Problms 3 Litres Watr/Day=No Diseases Snd ths 2 Whom U Care..:-),UCI-2011
ham,i thought we were doing a king of the hill thing there.,UCI-2011
ham,Nope i'll come online now..,UCI-2011
ham,ALSO TELL HIM I SAID HAPPY BIRTHDAY,UCI-2011
ham,Y bishan lei... I tot ü say lavender? ,UCI-2011
ham,Boo what time u get out? U were supposed to take me shopping today. :(,UCI-2011
ham,"Now u sound like manky scouse boy steve,like! I is travelling on da bus home.wot has u inmind 4 recreation dis eve?",UCI-2011
ham,"Fyi I'm taking a quick shower, be at epsilon in like  &lt;#&gt;  min",UCI-2011
ham,on a Tuesday night r u 4 real,UCI-2011
ham,Yes when is the appt again?,UCI-2011
ham,Just got outta class gonna go gym.,UCI-2011
ham,I want to sent  &lt;#&gt; mesages today. Thats y. Sorry if i hurts,UCI-2011
ham,Ü all write or wat..,UCI-2011
ham,Ha! I wouldn't say that I just didn't read anything into way u seemed. I don't like 2 be judgemental....i save that for fridays in the pub!,UCI-2011
ham,Its a valentine game. . . send dis msg to all ur friends. . If 5 answers r d same then someone really loves u. . Ques- which colour suits me the best?,UCI-2011
ham,Hi:)did you asked to waheeda fathima about leave?,UCI-2011
ham,Enjoy urself tmr...,UCI-2011
ham,You still around? I could use a half-8th,UCI-2011
spam,U 447801259231 have a secret admirer who is looking 2 make contact with U-find out who they R*reveal who thinks UR so special-call on 09058094597,UCI-2011
ham,You give us back my id proof and  &lt;#&gt;  rs. We wont allow you to work. We will come to your home within days,UCI-2011
ham,Ü bot notes oredi... Cos i juz rem i got...,UCI-2011
ham,Yes. Rent is very expensive so its the way we save.,UCI-2011
ham,"Night has ended for another day, morning has come in a special way. May you smile like the sunny rays and leaves your worries at the blue blue bay. Gud mrng",UCI-2011
ham,Hows the pain dear?y r u smiling?,UCI-2011
ham,"Fun fact: although you would think armand would eventually build up a tolerance or some shit considering how much he smokes, he gets fucked up in like 2 hits",UCI-2011
spam,important information 4 orange user 0789xxxxxxx. today is your lucky day!2find out why log onto http://www.urawinner.com THERE'S A FANTASTIC SURPRISE AWAITING YOU!,UCI-2011
ham,"Sorry, I can't help you on this.",UCI-2011
ham,Great. So should i send you my account number.,UCI-2011
ham,"HELLOGORGEOUS, HOWS U? MY FONE WAS ON CHARGE LST NITW WEN U TEXD ME. HOPEU AD A NICE WKEND AS IM SURE U DID LOOKIN 4WARD 2 C-IN U 2MRW LUV JAZ",UCI-2011
spam,"Our dating service has been asked 2 contact U by someone shy! CALL 09058091870 NOW all will be revealed. POBox84, M26 3UZ 150p",UCI-2011
ham,Ü only send me the contents page...,UCI-2011
ham,"Night sweet, sleep well! I've just been to see The Exorcism of Emily Rose and may never sleep again! Hugs and snogs! ",UCI-2011
ham,"Don't Think About ""What u Have Got"" Think About ""How to Use It That You Have Got"" gooD ni8",UCI-2011
ham,"I can't right this second, gotta hit people up first",UCI-2011
ham,"Evry Emotion dsn't hav Words.Evry Wish dsn't hav Prayrs.. If u Smile,D World is wit u.Othrwise even d Drop of Tear dsn't lik 2 Stay wit u.So b happy.. Good morning, keep smiling:-)",UCI-2011
ham,So what about you. What do you remember,UCI-2011
ham,Ujhhhhhhh computer shipped out with address to sandiago and parantella lane. Wtf. Poop.,UCI-2011
ham,Mm yes dear look how i am hugging you both. :-P,UCI-2011
ham,I like dis sweater fr mango but no more my size already so irritating.,UCI-2011
ham,1 I don't have her number and 2 its gonna be a massive pain in the ass and i'd rather not get involved if that's possible,UCI-2011
ham,Anytime lor...,UCI-2011
spam,Do you want a new Video handset? 750 any time any network mins? UNLIMITED TEXT? Camcorder? Reply or Call now 08000930705 for del Sat AM,UCI-2011
ham,Purity of friendship between two is not about smiling after reading the forwarded message..Its about smiling just by seeing the name. Gud evng,UCI-2011
spam,"Ur balance is now £600. Next question: Complete the landmark, Big, A. Bob, B. Barry or C. Ben ?. Text A, B or C to 83738. Good luck!",UCI-2011
ham,Me fine..absolutly fine,UCI-2011
ham,K and you're sure I don't have to have consent forms to do it :V,UCI-2011
spam,Ur TONEXS subscription has been renewed and you have been charged £4.50. You can choose 10 more polys this month. www.clubzed.co.uk *BILLING MSG*,UCI-2011
spam,"If you don't, your prize will go to another customer. T&C at www.t-c.biz 18+ 150p/min Polo Ltd Suite 373 London W1J 6HL Please call back if busy",UCI-2011
ham,How much is torch in 9ja.,UCI-2011
ham,"Doing nothing, then u not having dinner w us?",UCI-2011
ham,How are you. Just checking up on you,UCI-2011
ham,Done it but internet connection v slow and can‘t send it. Will try again later or first thing tomo.,UCI-2011
ham,Mathews or tait or edwards or anderson,UCI-2011
ham,yeah sure thing mate haunt got all my stuff sorted but im going sound anyway promoting hex for .by the way who is this? dont know number. Joke,UCI-2011
ham,No need lar i go engin? Cos my sis at arts today...,UCI-2011
ham,Thanks honey but still haven't heard anything I will leave it a bit longer so not 2 crowd him and will try later - great advice thanks hope cardiff is still there!,UCI-2011
spam,Do you want a New Nokia 3510i Colour Phone Delivered Tomorrow? With 200 FREE minutes to any mobile + 100 FREE text + FREE camcorder Reply or Call 8000930705,UCI-2011
ham,", im .. On the snowboarding trip. I was wondering if your planning to get everyone together befor we go..a meet and greet kind of affair? Cheers, ",UCI-2011
ham,S.i'm watching it in live..,UCI-2011
ham,"see you then, we're all christmassy here!",UCI-2011
ham,"K I'm ready,  &lt;#&gt; ?",UCI-2011
ham,"Do you know why god created gap between your fingers..? So that, One who is made for you comes &amp; fills those gaps by holding your hand with LOVE..!",UCI-2011
ham,The greatest test of courage on earth is to bear defeat without losing heart....gn tc,UCI-2011
ham,what are your new years plans?,UCI-2011
spam,RECPT 1/3. You have ordered a Ringtone. Your order is being processed...,UCI-2011
ham,Baaaaaaaabe! Wake up ! I miss you ! I crave you! I need you!,UCI-2011
ham,"Only just got this message, not ignoring you. Yes, i was. Shopping that is",UCI-2011
ham,Dear :-/ why you mood off. I cant drive so i brother to drive,UCI-2011
ham,When did dad get back.,UCI-2011
ham,"Can you tell Shola to please go to college of medicine and visit the academic department, tell the academic secretary what the current situation is and ask if she can transfer there. She should ask someone to check Sagamu for the same thing and lautech. Its vital she completes her medical education in Nigeria. Its less expensive much less expensive. Unless she will be getting citizen rates in new zealand.",UCI-2011
ham,Yes just finished watching days of our lives. I love it.,UCI-2011
ham,Juz go google n search 4 qet...,UCI-2011
ham,Many times we lose our best ones bcoz we are ,UCI-2011
ham,"Good FRIENDS CaRE for each Other.. CLoSE Friends UNDERSTaND each Other... and TRUE Friends STaY forever beyond words, beyond time. Gud ni8",UCI-2011
ham,Just getting back home,UCI-2011
ham,"Sorry, I'll call later  &lt;#&gt; mins",UCI-2011
ham,Dun need to use dial up juz open da browser n surf...,UCI-2011
spam,As one of our registered subscribers u can enter the draw 4 a 100 G.B. gift voucher by replying with ENTER. To unsubscribe text STOP,UCI-2011
ham,"Awesome, plan to get here any time after like  &lt;#&gt; , I'll text you details in a wee bit",UCI-2011
ham,Take care and sleep well.you need to learn to change in life.you only need to get CONVINCED on that.i will wait but no more conversations between us.GET CONVINCED by that time.Your family is over for you in many senses.respect them but not overemphasise.or u have no role in my life.,UCI-2011
spam,"For your chance to WIN a FREE Bluetooth Headset then simply reply back with ""ADP""",UCI-2011
ham,You also didnt get na hi hi hi hi hi,UCI-2011
ham,Ya but it cant display internal subs so i gotta extract them,UCI-2011
ham,If i said anything wrong sorry de:-),UCI-2011
ham,Sad story of a Man - Last week was my b'day. My Wife did'nt wish me. My Parents forgot n so did my Kids . I went to work. Even my Colleagues did not wish.,UCI-2011
ham,How stupid to say that i challenge god.You dont think at all on what i write instead you respond immed.,UCI-2011
ham,"Yeah I should be able to, I'll text you when I'm ready to meet up",UCI-2011
ham,V skint too but fancied few bevies.waz gona go meet &othrs in spoon but jst bin watchng planet earth&sofa is v comfey; If i dont make it hav gd night,UCI-2011
ham," says that he's quitting at least5times a day so i wudn't take much notice of that. Nah, she didn't mind. Are you gonna see him again? Do you want to come to taunton tonight? U can tell me all about !",UCI-2011
ham,"When you get free, call me",UCI-2011
ham,How have your little darlings been so far this week? Need a coffee run tomo?Can't believe it's that time of week already …,UCI-2011
ham,Ok i msg u b4 i leave my house.,UCI-2011
ham,Still at west coast... Haiz... Ü'll take forever to come back...,UCI-2011
ham,MMM ... Fuck .... Merry Christmas to me,UCI-2011
ham,alright. Thanks for the advice. Enjoy your night out. I'ma try to get some sleep...,UCI-2011
ham,Update your face book status frequently :),UCI-2011
ham,Just now saw your message.it k da:),UCI-2011
ham,Was it something u ate?,UCI-2011
ham,So what did the bank say about the money?,UCI-2011
ham,Aiyar dun disturb u liao... Thk u have lots 2 do aft ur cupboard come...,UCI-2011
ham,Hey they r not watching movie tonight so i'll prob b home early...,UCI-2011
ham,Yar lor... How u noe? U used dat route too?,UCI-2011
ham,2mro i am not coming to gym machan. Goodnight.,UCI-2011
ham,Dont think you need yellow card for uk travel. Ask someone that has gone before. If you do its just  &lt;#&gt; bucks,UCI-2011
ham,Can u look 4 me in da lib i got stuff havent finish yet.,UCI-2011
ham,Sounds great! Im going to sleep now. Have a good night!,UCI-2011
spam,Don't b floppy... b snappy & happy! Only gay chat service with photo upload call 08718730666 (10p/min). 2 stop our texts call 08712460324,UCI-2011
ham,"House-Maid is the murderer, coz the man was murdered on  &lt;#&gt; th January.. As public holiday all govt.instituitions are closed,including post office..understand?",UCI-2011
ham,How come u got nothing to do?,UCI-2011
ham,Nothing will ever be easy. But don't be looking for a reason not to take a risk on life and love,UCI-2011
ham,i want to grasp your pretty booty :),UCI-2011
ham,I've got it down to a tea. not sure which flavour,UCI-2011
ham,I'm going 2 orchard now laready me reaching soon. U reaching?,UCI-2011
ham,Dear i am not denying your words please,UCI-2011
ham,You know my old Dom I told you about yesterday ? His name is Roger? He got in touch with me last night and wants me to meet him today at 2 pm,UCI-2011
ham,COME BACK TO TAMPA FFFFUUUUUUU,UCI-2011
ham,"2 celebrate my bday, y else?",UCI-2011
ham,Merry christmas to u too annie!,UCI-2011
ham,Please tell me you have some of that special stock you were talking about,UCI-2011
ham,I sent them. Do you like?,UCI-2011
spam,"Urgent UR awarded a complimentary trip to EuroDisinc Trav, Aco&Entry41 Or £1000. To claim txt DIS to 87121 18+6*£1.50(moreFrmMob. ShrAcomOrSglSuplt)10, LS1 3AJ",UCI-2011
ham,"Awesome, be there in a minute",UCI-2011
ham,"And that is the problem. You walk around in ""julianaland"" oblivious to what is going on around you. I say the same things constantly and they go in one ear and out the other while you go off doing whatever you want to do. It's not that you don't know why I'm upset--it's that you don't listen when i tell you WHAT is going to upset me. Then you want to be surprised when I'm mad.",UCI-2011
ham,I've told you everything will stop. Just dont let her get dehydrated.,UCI-2011
ham,Or I guess  &lt;#&gt;  min,UCI-2011
ham,I'm home. Ard wat time will u reach?,UCI-2011
ham,"Storming msg: Wen u lift d phne, u say ""HELLO"" Do u knw wt is d real meaning of HELLO?? . . . It's d name of a girl..! . . . Yes.. And u knw who is dat girl?? ""Margaret Hello"" She is d girlfrnd f Grahmbell who invnted telphone... . . . . Moral:One can 4get d name of a person, bt not his girlfrnd... G o o d n i g h t . . .@",UCI-2011
ham,"If you want to mapquest it or something look up ""usf dogwood drive"", that's the tiny street where the parking lot is",UCI-2011
ham,Aight should I just plan to come up later tonight?,UCI-2011
ham,Die... I accidentally deleted e msg i suppose 2 put in e sim archive. Haiz... I so sad...,UCI-2011
spam,"Welcome to UK-mobile-date this msg is FREE giving you free calling to 08719839835. Future mgs billed at 150p daily. To cancel send ""go stop"" to 89123",UCI-2011
ham,This is wishing you a great day. Moji told me about your offer and as always i was speechless. You offer so easily to go to great lengths on my behalf and its stunning. My exam is next friday. After that i will keep in touch more. Sorry.,UCI-2011
ham,"Thanks again for your reply today. When is ur visa coming in. And r u still buying the gucci and bags. My sister things are not easy, uncle john also has his own bills so i really need to think about how to make my own money. Later sha.",UCI-2011
ham,"Sorry I flaked last night, shit's seriously goin down with my roommate, what you up to tonight?",UCI-2011
ham,He said i look pretty wif long hair wat. But i thk he's cutting quite short 4 me leh.,UCI-2011
ham,Ranjith cal drpd Deeraj and deepak 5min hold,UCI-2011
ham,CHEERS FOR CALLIN BABE.SOZI CULDNT TALKBUT I WANNATELL U DETAILS LATER WENWECAN CHAT PROPERLY X,UCI-2011
ham,Hey u still at the gym?,UCI-2011
ham,"She said,'' do u mind if I go into the bedroom for a minute ? '' ''OK'', I sed in a sexy mood. She came out 5 minuts latr wid a cake...n My Wife,",UCI-2011
ham,Much better now thanks lol,UCI-2011
ham,"Nothing, smsing u n xy lor. Sorry lor da guys neva c u in person but they sort of know u lor. So u wan 2 meet them xy ask me 2 bring u along 4 our next meeting.",UCI-2011
ham,"Lemme know when I can swing by and pick up, I'm free basically any time after 1 all this semester",UCI-2011
ham,Wa... U so efficient... Gee... Thanx...,UCI-2011
spam,3. You have received your mobile content. Enjoy,UCI-2011
ham,S but not able to sleep.,UCI-2011
spam,Want explicit SEX in 30 secs? Ring 02073162414 now! Costs 20p/min,UCI-2011
ham,We will meet soon princess! Ttyl!,UCI-2011
ham,I'll pick you up at about 5.15pm to go to taunton if you still want to come.,UCI-2011
ham,Oh :-)only 4 outside players allowed to play know,UCI-2011
ham,I anything lor.,UCI-2011
ham,Erutupalam thandiyachu,UCI-2011
ham,"Y cant u try new invention to fly..i'm not joking.,",UCI-2011
ham,No..its ful of song lyrics..,UCI-2011
ham,"What do u reckon as need 2 arrange transport if u can't do it, thanks",UCI-2011
ham,True lov n care wil nevr go unrecognized. though somone often makes mistakes when valuing it. but they will definitly undrstnd once when they start missing it.,UCI-2011
ham,Shopping? Eh ger i toking abt syd leh...Haha,UCI-2011
ham,What not under standing.,UCI-2011
ham,have * good weekend.,UCI-2011
ham,Miss call miss call khelate kintu opponenter miss call dhorte lage. Thats d rule. One with great phone receiving quality wins.,UCI-2011
ham,Call me when you get the chance plz &lt;3,UCI-2011
ham,The new deus ex game comin early next yr,UCI-2011
ham,My computer just fried the only essential part we don't keep spares of because my fucking idiot roommates looovvve leaving the thing running on full  &lt;#&gt; /7,UCI-2011
ham,"My friend, she's studying at warwick, we've planned to go shopping and to concert tmw, but it may be canceled, havn't seen  for ages, yeah we should get together sometime!",UCI-2011
ham,Probably a couple hours tops,UCI-2011
ham,"LOL .. *grins* .. I'm not babe, but thanks for thinking of me!",UCI-2011
ham,Man this bus is so so so slow. I think you're gonna get there before me,UCI-2011
ham,Hope this text meets you smiling. If not then let this text give you a reason to smile. Have a beautiful day.,UCI-2011
ham,"In case you wake up wondering where I am, I forgot I have to take care of something for grandma today, should be done before the parade",UCI-2011
ham,Ok,UCI-2011
spam,"Latest Nokia Mobile or iPOD MP3 Player +£400 proze GUARANTEED! Reply with: WIN to 83355 now! Norcorp Ltd.£1,50/Mtmsgrcvd18+",UCI-2011
spam,"SMS SERVICES. for your inclusive text credits, pls goto www.comuk.net login= 3qxj9 unsubscribe with STOP, no extra charge. help 08702840625.COMUK. 220-CM2 9AE",UCI-2011
ham,Nvm take ur time.,UCI-2011
ham,So wat's da decision?,UCI-2011
ham,Wot is u up 2 then bitch?,UCI-2011
ham,Stupid.its not possible,UCI-2011
ham,She told to hr that he want posting in chennai:)because i'm working here:),UCI-2011
spam,Mobile Club: Choose any of the top quality items for your mobile. 7cfca1a,UCI-2011
ham,When are you guys leaving?,UCI-2011
ham,He neva grumble but i sad lor... Hee... Buy tmr lor aft lunch. But we still meetin 4 lunch tmr a not. Neva hear fr them lei. Ü got a lot of work ar?,UCI-2011
ham,Not able to do anything.,UCI-2011
ham,Ü takin linear algebra today?,UCI-2011
ham,This weekend is fine (an excuse not to do too much decorating),UCI-2011
ham,"Sorry I missed you babe. I was up late and slept in. I hope you enjoy your driving lesson, boytoy. I miss you too ... *teasing kiss*",UCI-2011
ham,Now project pa. After that only i can come.,UCI-2011
spam,Money i have won wining number 946 wot do i do next,UCI-2011
ham,"Sure, whenever you show the fuck up &gt;:(",UCI-2011
ham,That was random saw my old roomate on campus. He graduated,UCI-2011
spam,"Congrats! 2 mobile 3G Videophones R yours. call 09061744553 now! videochat wid ur mates, play java games, Dload polyH music, noline rentl. bx420. ip4. 5we. 150pm",UCI-2011
ham,"Men always needs a beautiful, intelligent, caring, loving, adjustable, cooperative wife. But the law allows only one wife....",UCI-2011
ham,That sucks. So what do you got planned for your yo valentine? I am your yo valentine aren't I?,UCI-2011
ham,"Just got part Nottingham - 3 hrs 63miles. Good thing i love my man so much, but only doing 40mph. Hey ho",UCI-2011
ham,What to think no one saying clearly. Ok leave no need to ask her. I will go if she come or not,UCI-2011
ham,Hi good mornin.. Thanku wish u d same..,UCI-2011
ham,DO U WANT 2 MEET UP 2MORRO,UCI-2011
ham,Actually I decided I was too hungry so I haven't left yet :V,UCI-2011
ham,I've sent ü my part..,UCI-2011
ham,Cos i was out shopping wif darren jus now n i called him 2 ask wat present he wan lor. Then he started guessing who i was wif n he finally guessed darren lor.,UCI-2011
spam,"I want some cock! My hubby's away, I need a real man 2 satisfy me. Txt WIFE to 89938 for no strings action. (Txt STOP 2 end, txt rec £1.50ea. OTBox 731 LA1 7WS. )",UCI-2011
ham,Understand. his loss is my gain :) so do you work? School?,UCI-2011
ham,HOW ARE U? I HAVE MISSED U! I HAVENT BEEN UP 2 MUCH A BIT BORED WITH THE HOLIDAY WANT 2 GO BAK 2 COLLEGE! SAD ISNT IT?xx,UCI-2011
ham,"Hiya, probably coming home * weekend after next",UCI-2011
ham,Don't forget though that I love you .... And I walk beside you. Watching over you and keeping your heart warm.,UCI-2011
ham,I wish things were different. I wonder when i will be able to show you how much i value you. Pls continue the brisk walks no drugs without askin me please and find things to laugh about. I love you dearly.,UCI-2011
ham,Ok both our days. So what are you making for dinner tonite? Am I invited?,UCI-2011
spam,Gr8 new service - live sex video chat on your mob - see the sexiest dirtiest girls live on ur phone - 4 details text horny to 89070 to cancel send STOP to 89070,UCI-2011
ham,I have no money 4 steve mate! !,UCI-2011
ham,IM LATE TELLMISS IM ON MY WAY,UCI-2011
ham,Never blame a day in ur life. Good days give u happiness. Bad days give u experience. Both are essential in life! All are Gods blessings! good morning.:,UCI-2011
ham,Normally i use to drink more water daily:),UCI-2011
ham,Dare i ask... Any luck with sorting out the car?,UCI-2011
ham,"Party's at my place at usf, no charge (but if you can contribute in any way it is greatly appreciated) and yeah, we got room for one more",UCI-2011
ham,"Urgh, coach hot, smells of chip fat! Thanks again, especially for the duvet (not a predictive text word).",UCI-2011
ham,Hiya. How was last night? I've been naughty and bought myself clothes and very little ... Ready for more shopping tho! What kind of time do you wanna meet?,UCI-2011
spam,FreeMsg Hi baby wow just got a new cam moby. Wanna C a hot pic? or Fancy a chat?Im w8in 4uTxt / rply CHAT to 82242 Hlp 08712317606 Msg150p 2rcv,UCI-2011
ham,I've been trying to reach him without success,UCI-2011
ham,when you and derek done with class?,UCI-2011
ham,Never y lei... I v lazy... Got wat? Dat day ü send me da url cant work one...,UCI-2011
ham,Never try alone to take the weight of a tear that comes out of ur heart and falls through ur eyes... Always remember a STUPID FRIEND is here to share... BSLVYL,UCI-2011
ham,Hey mate. Spoke to the mag people. We‘re on.  the is deliver by the end of the month. Deliver on the 24th sept. Talk later. ,UCI-2011
ham,Hope you are having a good week. Just checking in,UCI-2011
ham,"Haha, my friend tyler literally just asked if you could get him a dubsack",UCI-2011
ham,Hey! do u fancy meetin me at 4 at cha  hav a lil beverage on me. if not txt or ring me and we can meet up l8r. quite tired got in at 3 v.pist ;) love Pete x x x,UCI-2011
ham,Great. Have a safe trip. Dont panic surrender all.,UCI-2011
ham,"SYMPTOMS when U are in love: ""1.U like listening songs 2.U get stopped where u see the name of your beloved 3.U won't get angry when your",UCI-2011
ham,Sun ah... Thk mayb can if dun have anythin on... Thk have to book e lesson... E pilates is at orchard mrt u noe hor...  ,UCI-2011
ham,Try to do something dear. You read something for exams,UCI-2011
ham,"7 wonders in My WORLD 7th You 6th Ur style 5th Ur smile 4th Ur Personality 3rd Ur Nature 2nd Ur SMS and 1st ""Ur Lovely Friendship""... good morning dear",UCI-2011
ham,Gettin rdy to ship comp,UCI-2011
ham,I am in hospital da. . I will return home in evening,UCI-2011
ham,PISS IS TALKING IS SOMEONE THAT REALISE U THAT POINT THIS AT IS IT.(NOW READ IT BACKWARDS),UCI-2011
ham,Think + da. You wil do.,UCI-2011
ham,I'm awake oh. What's up.,UCI-2011
ham,Good afternoon my boytoy. How goes that walking here and there day ? Did you get that police abstract? Are you still out and about? I wake and miss you babe,UCI-2011
ham,How much u trying to get?,UCI-2011
ham,"Come around  &lt;DECIMAL&gt; pm vikky..i'm otside nw, il come by tht time",UCI-2011
ham,Tell me again what your address is,UCI-2011
ham,"Honeybee Said: *I'm d Sweetest in d World* God Laughed &amp; Said: *Wait,U Havnt Met d Person Reading This Msg* MORAL: Even GOD Can Crack Jokes! GM+GN+GE+GN:)",UCI-2011
ham,Should i buy him a blackberry bold 2 or torch. Should i buy him new or used. Let me know. Plus are you saying i should buy the  &lt;#&gt; g wifi ipad. And what are you saying about the about the  &lt;#&gt; g?,UCI-2011
ham,But you were together so you should be thinkin about him,UCI-2011
ham,hiya hows it going in sunny africa? hope u r avin a good time. give that big old silver back a big kiss from me.,UCI-2011
ham,At WHAT TIME should i come tomorrow,UCI-2011
spam,Wanna have a laugh? Try CHIT-CHAT on your mobile now! Logon by txting the word: CHAT and send it to No: 8883 CM PO Box 4217 London W1A 6ZF 16+ 118p/msg rcvd,UCI-2011
ham,"CHA QUITEAMUZING THATSCOOL BABE,PROBPOP IN & CU SATTHEN HUNNY 4BREKKIE! LOVE JEN XXX. PSXTRA LRG PORTIONS 4 ME PLEASE ",UCI-2011
ham,Omg how did u know what I ate?,UCI-2011
spam,URGENT! This is the 2nd attempt to contact U!U have WON £1000CALL 09071512432 b4 300603t&csBCM4235WC1N3XX.callcost150ppmmobilesvary. max£7. 50,UCI-2011
ham,:( but your not here....,UCI-2011
ham,Not directly behind... Abt 4 rows behind ü...,UCI-2011
spam,Congratulations ur awarded 500 of CD vouchers or 125gift guaranteed & Free entry 2 100 wkly draw txt MUSIC to 87066,UCI-2011
spam,"Had your contract mobile 11 Mnths? Latest Motorola, Nokia etc. all FREE! Double Mins & Text on Orange tariffs. TEXT YES for callback, no to remove from records",UCI-2011
spam,"Urgent! call 09066350750 from your landline. Your complimentary 4* Ibiza Holiday or 10,000 cash await collection SAE T&Cs PO BOX 434 SK3 8WP 150 ppm 18+",UCI-2011
ham,No plans yet. What are you doing ?,UCI-2011
ham,Hi ....My engagement has been fixd on  &lt;#&gt; th of next month. I know its really shocking bt....hmm njan vilikkam....t ws al of a sudn;-(.,UCI-2011
ham,Not course. Only maths one day one chapter with in one month we can finish.,UCI-2011
ham,Wow didn't think it was that common. I take it all back ur not a freak! Unless u chop it off:-),UCI-2011
spam,"For ur chance to win a £250 wkly shopping spree TXT: SHOP to 80878. T's&C's www.txt-2-shop.com custcare 08715705022, 1x150p/wk",UCI-2011
ham,Noooooooo please. Last thing I need is stress. For once in your life be fair.,UCI-2011
spam,U have a Secret Admirer who is looking 2 make contact with U-find out who they R*reveal who thinks UR so special-call on 09065171142-stopsms-08718727870150ppm,UCI-2011
spam,"Mila, age23, blonde, new in UK. I look sex with UK guys. if u like fun with me. Text MTALK to 69866.18 . 30pp/txt 1st 5free. £1.50 increments. Help08718728876",UCI-2011
ham,"I'll see if I can swing by in a bit, got some things to take care of here firsg",UCI-2011
ham,I wanted to wish you a Happy New Year and I wanted to talk to you about some legal advice to do with when Gary and I split but in person. I'll make a trip to Ptbo for that. I hope everything is good with you babe and I love ya :),UCI-2011
ham,Have you not finished work yet or something?,UCI-2011
ham,Tomorrow i am not going to theatre. . . So i can come wherever u call me. . . Tell me where and when to come tomorrow,UCI-2011
spam,Well done ENGLAND! Get the official poly ringtone or colour flag on yer mobile! text TONE or FLAG to 84199 NOW! Opt-out txt ENG STOP. Box39822 W111WX £1.50,UCI-2011
ham,Right it wasnt you who phoned it was someone with a number like yours!,UCI-2011
ham,It's ok i wun b angry. Msg u aft i come home tonight.,UCI-2011
ham,I had a good time too. Its nice to do something a bit different with my weekends for a change. See ya soon,UCI-2011
ham,Yo sorry was in the shower sup,UCI-2011
ham,"Carlos is down but I have to pick it up from him, so I'll swing by usf in a little bit",UCI-2011
ham,Full heat pa:-) i have applyed oil pa.,UCI-2011
ham,I'm stuck in da middle of da row on da right hand side of da lt... ,UCI-2011
ham,Have you laid your airtel line to rest?,UCI-2011
ham,Hi did u decide wot 2 get 4 his bday if not ill prob jus get him a voucher frm virgin or sumfing ,UCI-2011
spam,FreeMsg: Txt: CALL to No: 86888 & claim your reward of 3 hours talk time to use from your phone now! Subscribe6GBP/mnth inc 3hrs 16 stop?txtStop,UCI-2011
ham,"Hey j! r u feeling any better, hopeSo hunny. i amnow feelin ill & ithink i may have tonsolitusaswell! damn iam layin in bedreal bored. lotsof luv me xxxx",UCI-2011
ham,And I don't plan on staying the night but I prolly won't be back til late,UCI-2011
ham,THANX 4 PUTTIN DA FONE DOWN ON ME!!,UCI-2011
ham,"I need an 8th but I'm off campus atm, could I pick up in an hour or two?",UCI-2011
ham,"Oh... Haha... Den we shld had went today too... Gee, nvm la... Kaiez, i dun mind goin jazz oso... Scared hiphop open cant catch up... ",UCI-2011
ham,Been running but only managed 5 minutes and then needed oxygen! Might have to resort to the roller option!,UCI-2011
ham,We live in the next  &lt;#&gt; mins,UCI-2011
ham,Y de asking like this.,UCI-2011
ham,Just glad to be talking to you.,UCI-2011
ham,Wat time ü finish?,UCI-2011
ham,Sorry da. I gone mad so many pending works what to do.,UCI-2011
ham,How much you got for cleaning,UCI-2011
ham,hows my favourite person today? r u workin hard? couldn't sleep again last nite nearly rang u at 4.30,UCI-2011
spam,Sunshine Quiz! Win a super Sony DVD recorder if you canname the capital of Australia? Text MQUIZ to 82277. B,UCI-2011
ham,Ü called dad oredi...,UCI-2011
ham,Good. do you think you could send me some pix? I would love to see your top and bottom...,UCI-2011
ham,Nvm... I'm going to wear my sport shoes anyway... I'm going to be late leh.,UCI-2011
ham,"Sorry, I'll call later In meeting.",UCI-2011
ham,THIS IS A LONG FUCKIN SHOWR,UCI-2011
ham,"Received, understood n acted upon!",UCI-2011
ham,They finally came to fix the ceiling.,UCI-2011
ham,"U need my presnts always bcz U cant mis love. ""jeevithathile irulinae neekunna prakasamanu sneham"" prakasam ennal prabha 'That mns prabha is'LOVE' Got it. Dont mis me....",UCI-2011
ham,Jus finish blowing my hair. U finish dinner already?,UCI-2011
ham,I'm on the bus. Love you,UCI-2011
ham,Lol ... I knew that .... I saw him in the dollar store,UCI-2011
spam,Please call our customer service representative on 0800 169 6031 between 10am-9pm as you have WON a guaranteed £1000 cash or £5000 prize!,UCI-2011
spam,Todays Voda numbers ending with 7634 are selected to receive a £350 reward. If you have a match please call 08712300220 quoting claim code 7684 standard rates apply.,UCI-2011
ham,Only saturday and sunday holiday so its very difficult:),UCI-2011
ham,Everybody had fun this evening. Miss you.,UCI-2011
ham,"Got hella gas money, want to go on a grand nature adventure with galileo in a little bit?",UCI-2011
ham,"I'm in a meeting, call me later at",UCI-2011
ham,Oh wow thats gay. Will firmware update help,UCI-2011
ham,These won't do. Have to move on to morphine,UCI-2011
ham,How come i din c ü... Yup i cut my hair...,UCI-2011
ham,K k pa Had your lunch aha.,UCI-2011
ham,Oh ho. Is this the first time u use these type of words,UCI-2011
ham,Captain vijaykanth is doing comedy in captain tv..he is drunken :),UCI-2011
ham,Of course. I guess god's just got me on hold right now.,UCI-2011
ham,Do you hide anythiing or keeping distance from me,UCI-2011
ham,Havent.,UCI-2011
spam,You are being ripped off! Get your mobile content from www.clubmoby.com call 08717509990 poly/true/Pix/Ringtones/Games six downloads for only 3,UCI-2011
ham,Sorry i din lock my keypad.,UCI-2011
ham,Did u got that persons story,UCI-2011
ham,Are you planning to come chennai?,UCI-2011
spam,We tried to contact you re your reply to our offer of a Video Phone 750 anytime any network mins Half Price Line Rental Camcorder Reply or call 08000930705,UCI-2011
ham,God created gap btwn ur fingers so dat sum1 vry special will fill those gaps by holding ur hands.. Now plz dont ask y he created so much gap between legs !!!,UCI-2011
ham,We are okay. Going to sleep now. Later,UCI-2011
ham,"Please protect yourself from e-threats. SIB never asks for sensitive information like Passwords,ATM/SMS PIN thru email. Never share your password with anybody.",UCI-2011
ham,"Finally it has happened..! Aftr decades..! BEER is now cheaper than PETROL! The goverment expects us to ""DRINK"". . . But don't ""DRIVE """,UCI-2011
spam,A £400 XMAS REWARD IS WAITING FOR YOU! Our computer has randomly picked you from our loyal mobile customers to receive a £400 reward. Just call 09066380611 ,UCI-2011
ham,Where r e meeting tmr?,UCI-2011
ham,Lol yes. But it will add some spice to your day.,UCI-2011
ham,Hope you are having a great day.,UCI-2011
ham,Our Prasanth ettans mother passed away last night. Just pray for her and family.,UCI-2011
ham,"K, I'll work something out",UCI-2011
spam,PRIVATE! Your 2003 Account Statement for shows 800 un-redeemed S. I. M. points. Call 08718738002 Identifier Code: 48922 Expires 21/11/04,UCI-2011
ham,This message is from a great Doctor in India:-): 1) Do not drink APPY FIZZ. It contains Cancer causing age,UCI-2011
ham,I cant pick the phone right now. Pls send a message,UCI-2011
ham,You call him and tell now infront of them. Call him now.,UCI-2011
ham,Ok no prob...,UCI-2011
ham,Ladies first and genus second k .,UCI-2011
ham,No. Yes please. Been swimming?,UCI-2011
ham,Mum not going robinson already.,UCI-2011
ham,Ok set let u noe e details later...,UCI-2011
ham,Not..tel software name..,UCI-2011
ham,I send the print  outs da.,UCI-2011
ham,IM REALY SOZ IMAT MY MUMS 2NITE WHAT ABOUT 2MORO ,UCI-2011
ham,"When I was born, GOD said, ""Oh No! Another IDIOT"". When you were born, GOD said, ""OH No! COMPETITION"". Who knew, one day these two will become FREINDS FOREVER!",UCI-2011
ham,"I didnt get ur full msg..sometext is missing, send it again",UCI-2011
ham,"Probably not, I'm almost out of gas and I get some cash tomorrow",UCI-2011
spam,"Customer service announcement. We recently tried to make a delivery to you but were unable to do so, please call 07099833605 to re-schedule. Ref:9280114",UCI-2011
ham,I forgot 2 ask ü all smth.. There's a card on da present lei... How? Ü all want 2 write smth or sign on it?,UCI-2011
ham,I'm leaving my house now.,UCI-2011
spam,"Hi babe its Chloe, how r u? I was smashed on saturday night, it was great! How was your weekend? U been missing me? SP visionsms.com Text stop to stop 150p/text",UCI-2011
ham,Ü ready then call me...,UCI-2011
ham,Wewa is 130. Iriver 255. All 128 mb.,UCI-2011
ham,It is a good thing I'm now getting the connection to bw,UCI-2011
ham,Sry da..jst nw only i came to home..,UCI-2011
ham,"That's cool he'll be here all night, lemme know when you're around",UCI-2011
ham,Are you staying in town ?,UCI-2011
ham,"Haha yeah, 2 oz is kind of a shitload",UCI-2011
ham,Ok u can take me shopping when u get paid =D,UCI-2011
ham,"My life Means a lot to me, Not because I love my life, But because I love the people in my life, The world calls them friends, I call them my World:-).. Ge:-)..",UCI-2011
ham,"Alright we'll bring it to you, see you in like  &lt;#&gt;  mins",UCI-2011
ham,But pls dont play in others life.,UCI-2011
ham,Eatin my lunch...,UCI-2011
ham,Hmmm.but you should give it on one day..,UCI-2011
ham,"Didn't try, g and I decided not to head out",UCI-2011
ham,Ok no prob,UCI-2011
ham,Surly ill give it to you:-) while coming to review.,UCI-2011
ham,"By march ending, i should be ready. But will call you for sure. The problem is that my capital never complete. How far with you. How's work and the ladies",UCI-2011
ham,Tessy..pls do me a favor. Pls convey my birthday wishes to Nimya..pls dnt forget it. Today is her birthday Shijas,UCI-2011
ham,Pls give her the food preferably pap very slowly with loads of sugar. You can take up to an hour to give it. And then some water. Very very slowly.,UCI-2011
spam,"URGENT! Your Mobile No 07808726822 was awarded a £2,000 Bonus Caller Prize on 02/09/03! This is our 2nd attempt to contact YOU! Call 0871-872-9758 BOX95QU",UCI-2011
ham,A guy who gets used but is too dumb to realize it.,UCI-2011
ham,"Okey dokey, i‘ll be over in a bit just sorting some stuff out.",UCI-2011
ham,Don no da:)whats you plan?,UCI-2011
ham,Yes fine ,UCI-2011
spam,"WIN: We have a winner! Mr. T. Foley won an iPod! More exciting prizes soon, so keep an eye on ur mobile or visit www.win-82050.co.uk",UCI-2011
ham,I liked the new mobile,UCI-2011
ham,Anytime...,UCI-2011
ham,Mmmmmmm *snuggles into you* ...*deep contented sigh* ... *whispers* ... I fucking love you so much I can barely stand it ...,UCI-2011
ham,Yar but they say got some error.,UCI-2011
ham,Hey anyway i have to :-),UCI-2011
ham,Wow so healthy. Old airport rd lor. Cant thk of anything else. But i'll b bathing my dog later.,UCI-2011
ham,Wif my family booking tour package.,UCI-2011
ham,"Did you say bold, then torch later. Or one torch and 2bold?",UCI-2011
ham,"Haha awesome, I might need to take you up on that, what you doin tonight?",UCI-2011
ham,Ya i knw u vl giv..its ok thanks kano..anyway enjoy wit ur family wit 1st salary..:-);-),UCI-2011
ham,Huh so slow i tot u reach long ago liao... U 2 more days only i 4 more leh...,UCI-2011
ham,Thats cool princess! I will cover your face in hot sticky cum :),UCI-2011
ham,Big brother‘s really scraped the barrel with this shower of social misfits,UCI-2011
ham,Oops i thk i dun haf enuff... I go check then tell ü..,UCI-2011
ham,S:)8 min to go for lunch:),UCI-2011
ham,"Hey. What happened? U switch off ur cell d whole day. This isnt good. Now if u do care, give me a call tomorrow.",UCI-2011
ham,"K will do, addie &amp; I are doing some art so I'll be here when you get home",UCI-2011
ham,My uncles in Atlanta. Wish you guys a great semester.,UCI-2011
ham,"Aiyo... Her lesson so early... I'm still sleepin, haha... Okie, u go home liao den confirm w me lor...",UCI-2011
ham,Forgot to tell ü smth.. Can ü like number the sections so that it's clearer..,UCI-2011
ham,"Yup. Anything lor, if u dun wan it's ok...",UCI-2011
ham,"I'm home, my love ... If your still awake ... *loving kiss*",UCI-2011
ham,HELLO PEACH! MY CAKE TASTS LUSH!,UCI-2011
spam,"FREE GAME. Get Rayman Golf 4 FREE from the O2 Games Arcade. 1st get UR games settings. Reply POST, then save & activ8. Press 0 key for Arcade. Termsapply",UCI-2011
ham,"There'll be a minor shindig at my place later tonight, you interested?",UCI-2011
ham,Jason says it's cool if we pick some up from his place in like an hour,UCI-2011
spam,"Had your mobile 10 mths? Update to the latest Camera/Video phones for FREE. KEEP UR SAME NUMBER, Get extra free mins/texts. Text YES for a call",UCI-2011
ham,I (Career Tel) have added u as a contact on INDYAROCKS.COM to send FREE SMS. To remove from phonebook - sms NO to  &lt;#&gt;,UCI-2011
ham,I've reached already.,UCI-2011
ham,I dont know ask to my brother. Nothing problem some thing that. Just i told .,UCI-2011
ham,K:)eng rocking in ashes:),UCI-2011
ham,Wat time r ü going to xin's hostel?,UCI-2011
ham,Good Morning my Dear Shijutta........... Have a great &amp; successful day.,UCI-2011
spam,Buy Space Invaders 4 a chance 2 win orig Arcade Game console. Press 0 for Games Arcade (std WAP charge) See o2.co.uk/games 4 Terms + settings. No purchase,UCI-2011
ham,Oh k:)after that placement there ah?,UCI-2011
ham,"Not for possession, especially not first offense",UCI-2011
ham,"Nt only for driving even for many reasons she is called BBD..thts it chikku, then hw abt dvg cold..heard tht vinobanagar violence hw is the condition..and hw ru ? Any problem?",UCI-2011
ham,I bought the test yesterday. Its something that lets you know the exact day u ovulate.when will get 2u in about 2 to 3wks. But pls pls dont fret. I know u r worried. Pls relax. Also is there anything in ur past history u need to tell me?,UCI-2011
ham,We have pizza if u want,UCI-2011
ham,"I keep seeing weird shit and bein all ""woah"" then realising it's actually reasonable and I'm all ""oh""",UCI-2011
ham,Many more happy returns of the day. I wish you happy birthday.,UCI-2011
ham,Ya very nice. . .be ready on thursday,UCI-2011
ham,I am in hospital da. . I will return home in evening,UCI-2011
ham,Thinking of u ;) x,UCI-2011
spam,Camera - You are awarded a SiPix Digital Camera! call 09061221066 fromm landline. Delivery within 28 days.,UCI-2011
ham,Orh i tot u say she now still dun believe.,UCI-2011
ham,"When you just put in the + sign, choose my number and the pin will show. Right?",UCI-2011
ham,The beauty of life is in next second.. which hides thousands of secrets. I wish every second will be wonderful in ur life...!! gud n8,UCI-2011
ham,Thanx u darlin!im cool thanx. A few bday drinks 2 nite. 2morrow off! Take care c u soon.xxx,UCI-2011
ham,"If you're still up, maybe leave the credit card so I can get gas when I get back like he told me to",UCI-2011
spam,Your weekly Cool-Mob tones are ready to download !This weeks new Tones include: 1) Crazy Frog-AXEL F>>> 2) Akon-Lonely>>> 3) Black Eyed-Dont P >>>More info in n,UCI-2011
ham,Well boy am I glad G wasted all night at applebees for nothing,UCI-2011
spam,Cashbin.co.uk (Get lots of cash this weekend!) www.cashbin.co.uk Dear Welcome to the weekend We have got our biggest and best EVER cash give away!! These..,UCI-2011
ham,Ok lor... Or u wan me go look 4 u?,UCI-2011
ham,U wan 2 haf lunch i'm in da canteen now.,UCI-2011
ham,Don't make life too stressfull.. Always find time to Laugh.. It may not add years to your Life! But surely adds more life to ur years!! Gud ni8..swt dreams..,UCI-2011
ham,"hey, looks like I was wrong and one of the kappa guys numbers is still on my phone, if you want I can text him and see if he's around",UCI-2011
spam,URGENT! Your Mobile number has been awarded with a £2000 prize GUARANTEED. Call 09061790121 from land line. Claim 3030. Valid 12hrs only 150ppm,UCI-2011
spam,Thanks 4 your continued support Your question this week will enter u in2 our draw 4 £100 cash. Name the NEW US President? txt ans to 80082,UCI-2011
ham,I'm home. Doc gave me pain meds says everything is fine.,UCI-2011
ham,It's é only $140 ard...É rest all ard $180 at least...Which is é price 4 é 2 bedrm ($900),UCI-2011
ham,Me too! Have a lovely night xxx,UCI-2011
ham,Prepare to be pleasured :),UCI-2011
ham,Hi.:)technical support.providing assistance to us customer through call and email:),UCI-2011
ham,if you text on your way to cup stop that should work. And that should be BUS,UCI-2011
ham,Whens your radio show?,UCI-2011
spam,Your unique user ID is 1172. For removal send STOP to 87239 customer services 08708034412,UCI-2011
ham,I'm not sure if its still available though,UCI-2011
ham,watever reLation u built up in dis world only thing which remains atlast iz lonlines with lotz n lot memories! feeling..,UCI-2011
ham,CHEERS LOU! YEAH WAS A GOODNITE SHAME U NEVA CAME! C YA GAILxx,UCI-2011
ham,Hi..i got the money da:),UCI-2011
ham,"Hi, Mobile no.  &lt;#&gt;  has added you in their contact list on www.fullonsms.com It s a great place to send free sms to people For more visit fullonsms.com",UCI-2011
ham,Ok then u tell me wat time u coming later lor.,UCI-2011
ham,U repeat e instructions again. Wat's e road name of ur house?,UCI-2011
ham,"So many people seems to be special at first sight, But only very few will remain special to you till your last sight.. Maintain them till life ends.. Sh!jas",UCI-2011
ham,Quite lor. But dun tell him wait he get complacent...,UCI-2011
ham,Sorry completely forgot * will pop em round this week if your still here?,UCI-2011
ham,U R THE MOST BEAUTIFUL GIRL IVE EVER SEEN. U R MY BABY COME AND C ME IN THE COMMON ROOM,UCI-2011
ham,O we cant see if we can join denis and mina? Or does denis want alone time,UCI-2011
ham,Sen told that he is going to join his uncle finance in cbe,UCI-2011
ham,Yup... Hey then one day on fri we can ask miwa and jiayin take leave go karaoke ,UCI-2011
ham,"Call me, i am senthil from hsbc.",UCI-2011
ham,"Especially since i talk about boston all up in my personal statement, lol! I woulda changed that if i had realized it said nyc! It says boston now.",UCI-2011
ham,Indeed and by the way it was either or - not both !,UCI-2011
spam,"Urgent -call 09066649731from Landline. Your complimentary 4* Ibiza Holiday or £10,000 cash await collection SAE T&Cs PO BOX 434 SK3 8WP 150ppm 18+",UCI-2011
ham,Holy living christ what is taking you so long,UCI-2011
ham,Ü thk of wat to eat tonight.,UCI-2011
ham,"Thanx. Yup we coming back on sun. Finish dinner going back 2 hotel now. Time flies, we're tog 4 exactly a mth today. Hope we'll haf many more mths to come...",UCI-2011
ham,We're on the opposite side from where we dropped you off,UCI-2011
ham,Yup. Izzit still raining heavily cos i'm in e mrt i can't c outside.,UCI-2011
ham,Send me your resume:-),UCI-2011
ham,Gd luck 4 ur exams :-),UCI-2011
ham,Or u ask they all if next sat can a not. If all of them can make it then i'm ok lor.,UCI-2011
ham,Sorry that was my uncle. I.ll keep in touch,UCI-2011
ham,Saw Guys and Dolls last night with Patrick Swayze it was great,UCI-2011
spam,URGENT This is our 2nd attempt to contact U. Your £900 prize from YESTERDAY is still awaiting collection. To claim CALL NOW 09061702893,UCI-2011
spam,Santa calling! Would your little ones like a call from Santa Xmas Eve? Call 09077818151 to book you time. Calls1.50ppm last 3mins 30s T&C www.santacalling.com,UCI-2011
ham,Just come home. I don't want u to be miserable,UCI-2011
ham,I dont know why she.s not getting your messages,UCI-2011
ham,"its cool but tyler had to take off so we're gonna buy for him and drop it off at his place later tonight. Our total order is a quarter, you got enough?",UCI-2011
ham,"The guy at the car shop who was flirting with me got my phone number from the paperwork and called and texted me. I'm nervous because of course now he may have my address. Should i call his boss and tell him, knowing this may get him fired?",UCI-2011
ham,Reverse is cheating. That is not mathematics.,UCI-2011
ham,How do you plan to manage that,UCI-2011
ham,"Er, hello, things didn‘t quite go to plan – is limping slowly home followed by aa and with exhaust hanging off",UCI-2011
ham,Sorry for the delay. Yes masters,UCI-2011
ham,Call me when u finish then i come n pick u.,UCI-2011
spam,PRIVATE! Your 2004 Account Statement for 078498****7 shows 786 unredeemed Bonus Points. To claim call 08719180219 Identifier Code: 45239 Expires 06.05.05,UCI-2011
ham,What's up my own oga. Left my phone at home and just saw ur messages. Hope you are good. Have a great weekend.,UCI-2011
ham,"Don't worry though, I understand how important it is that I be put in my place with a poorly thought out punishment in the face of the worst thing that has ever happened to me. Brb gonna go kill myself",UCI-2011
ham,"Honey, can you pls find out how much they sell Predicte in Nigeria. And how many times can it be used. Its very important to have a reply before monday",UCI-2011
ham,E admin building there? I might b slightly earlier... I'll call u when i'm reaching...,UCI-2011
ham,"fyi I'm at usf now, swing by the room whenever",UCI-2011
ham,i can call in  &lt;#&gt;  min if thats ok,UCI-2011
ham,Ummmmmaah Many many happy returns of d day my dear sweet heart.. HAPPY BIRTHDAY dear,UCI-2011
ham,Ü no home work to do meh... ,UCI-2011
ham,Anything is valuable in only 2 situations: First- Before getting it... Second- After loosing it...,UCI-2011
ham,Me too. Mark is taking forever to pick up my prescription and the pain is coming back.,UCI-2011
ham,How's ur paper?,UCI-2011
ham,Got smaller capacity one? Quite ex...,UCI-2011
spam,Check Out Choose Your Babe Videos @ sms.shsex.netUN fgkslpoPW fgkslpo,UCI-2011
ham,Im good! I have been thinking about you...,UCI-2011
spam,u r a winner U ave been specially selected 2 receive £1000 cash or a 4* holiday (flights inc) speak to a live operator 2 claim 0871277810710p/min (18 ),UCI-2011
ham,:-) :-),UCI-2011
ham,Not thought bout it... || Drink in tap & spile at seven. || Is that pub on gas st off broad st by canal. || Ok?,UCI-2011
ham,I am going to sleep. I am tired of travel.,UCI-2011
ham,"Haha, just what I was thinkin",UCI-2011
ham,Yup but it's not giving me problems now so mayb i'll jus leave it...,UCI-2011
ham,Lol no. Just trying to make your day a little more interesting,UCI-2011
ham,"How long before you get reply, just defer admission til next semester",UCI-2011
ham,"The word ""Checkmate"" in chess comes from the Persian phrase ""Shah Maat"" which means; ""the king is dead.."" Goodmorning.. Have a good day..:)",UCI-2011
ham,Po de :-):):-):-):-). No need job aha.,UCI-2011
ham,Rats. Hey did u ever vote for the next themes?,UCI-2011
spam,"New Mobiles from 2004, MUST GO! Txt: NOKIA to No: 89545 & collect yours today! From ONLY £1. www.4-tc.biz 2optout 087187262701.50gbp/mtmsg18 TXTAUCTION.",UCI-2011
ham,I hope your pee burns tonite.,UCI-2011
ham,"OH RITE. WELL IM WITH MY BEST MATE PETE, WHO I WENT OUT WITH 4 A WEEK+ NOW WERE 2GEVA AGAIN. ITS BEEN LONGER THAN A WEEK.",UCI-2011
ham,Yay can't wait to party together!,UCI-2011
ham,....photoshop makes my computer shut down.,UCI-2011
ham,All boys made fun of me today. Ok i have no problem. I just sent one message just for fun,UCI-2011
ham,That's one of the issues but california is okay. No snow so its manageable,UCI-2011
spam,PRIVATE! Your 2003 Account Statement for shows 800 un-redeemed S. I. M. points. Call 08715203652 Identifier Code: 42810 Expires 29/10/0,UCI-2011
ham,"Hmmm.... Mayb can try e shoppin area one, but forgot e name of hotel...",UCI-2011
ham,"Awesome, that gonna be soon or later tonight?",UCI-2011
ham,I need details about that online job.,UCI-2011
spam,YOU HAVE WON! As a valued Vodafone customer our computer has picked YOU to win a £150 prize. To collect is easy. Just call 09061743386 ,UCI-2011
ham,Missing you too.pray inshah allah,UCI-2011
ham,Pls help me tell Ashley that i cant find her number oh,UCI-2011
ham,I am in escape theatre now. . Going to watch KAVALAN in a few minutes,UCI-2011
ham,S.this will increase the chance of winning.,UCI-2011
ham,either way works for me. I am  &lt;#&gt;  years old. Hope that doesnt bother you.,UCI-2011
ham,Maybe you should find something else to do instead???,UCI-2011
ham,Gain the rights of a wife.dont demand it.i am trying as husband too.Lets see,UCI-2011
ham,I liked your new house,UCI-2011
ham,I'm fine. Hope you are also,UCI-2011
ham,"Also north carolina and texas atm, you would just go to the gre site and pay for the test results to be sent.",UCI-2011
ham,Same to u...,UCI-2011
ham,yes baby! I need to stretch open your pussy!,UCI-2011
ham,Thanks  and ! Or bomb and date as my phone wanted to say! ,UCI-2011
ham,Ok...,UCI-2011
ham,"Hey, a guy I know is breathing down my neck to get him some bud, anyway you'd be able to get a half track to usf tonight?",UCI-2011
ham,"Response is one of d powerful weapon 2 occupy a place in others 'HEART'... So, always give response 2 who cares 4 U""... Gud night..swt dreams..take care",UCI-2011
ham,Nokia phone is lovly..,UCI-2011
spam,**FREE MESSAGE**Thanks for using the Auction Subscription Service. 18 . 150p/MSGRCVD 2 Skip an Auction txt OUT. 2 Unsubscribe txt STOP CustomerCare 08718726270,UCI-2011
spam,Bored housewives! Chat n date now! 0871750.77.11! BT-national rate 10p/min only from landlines!,UCI-2011
ham,Sorry da..today i wont come to play..i have driving clas..,UCI-2011
ham,I'm really sorry I lit your hair on fire,UCI-2011
ham,"Oh! Shit, I thought that was your trip! Loooooool ... That just makes SO much more sense now ... *grins* and the sofa reference was ... The ""sleep on a couch"" link you sent me ... Wasn't that how you went on your trip ? Oh ... And didn't your babe go with you for that celebration with your rents?",UCI-2011
ham,Okey dokey swashbuckling stuff what oh.,UCI-2011
ham,"Watching cartoon, listening music &amp; at eve had to go temple &amp; church.. What about u?",UCI-2011
ham,1. Tension face 2. Smiling face 3. Waste face 4. Innocent face 5.Terror face 6.Cruel face 7.Romantic face 8.Lovable face 9.decent face  &lt;#&gt; .joker face.,UCI-2011
ham,Dip's cell dead. So i m coming with him. U better respond else we shall come back.,UCI-2011
ham,Well. You know what i mean. Texting,UCI-2011
ham,Hi dis is yijue i would be happy to work wif ü all for gek1510...,UCI-2011
ham,Lol! Oops sorry! Have fun. ,UCI-2011
ham,Wat happened to the cruise thing,UCI-2011
ham,"I know dat feelin had it with Pete! Wuld get with em , nuther place nuther time mayb?",UCI-2011
spam,lyricalladie(21/F) is inviting you to be her friend. Reply YES-910 or NO-910. See her: www.SMS.ac/u/hmmross STOP? Send STOP FRND to 62468,UCI-2011
ham,The world's most happiest frnds never have the same characters... Dey just have the best understanding of their differences...,UCI-2011
spam,No 1 POLYPHONIC tone 4 ur mob every week! Just txt PT2 to 87575. 1st Tone FREE ! so get txtin now and tell ur friends. 150p/tone. 16 reply HL 4info,UCI-2011
ham,Yeah just open chat and click friend lists. Then make the list. Easy as pie,UCI-2011
ham,alright tyler's got a minor crisis and has to be home sooner than he thought so be here asap,UCI-2011
ham,When/where do I pick you up,UCI-2011
ham,As usual u can call me ard 10 smth.,UCI-2011
ham,"New Theory: Argument wins d SITUATION, but loses the PERSON. So dont argue with ur friends just.. . . . kick them &amp; say, I'm always correct.!",UCI-2011
ham,For many things its an antibiotic and it can be used for chest abdomen and gynae infections even bone infections.,UCI-2011
ham,Poor girl can't go one day lmao,UCI-2011
ham,Or just do that 6times,UCI-2011
spam,Todays Vodafone numbers ending with 4882 are selected to a receive a £350 award. If your number matches call 09064019014 to receive your £350 award.,UCI-2011
ham,You have to pls make a note of all she.s exposed to. Also find out from her school if anyone else was vomiting. Is there a dog or cat in the house? Let me know later.,UCI-2011
ham,"Japanese Proverb: If one Can do it, U too Can do it, If none Can do it,U must do it Indian version: If one Can do it, LET HIM DO it.. If none Can do it,LEAVE it!! And finally Kerala version: If one can do it, Stop him doing it.. If none can do it, Make a strike against it ...",UCI-2011
ham,Sounds like there could be a lot of time spent in that chastity device boy ... *grins* ... Or take your beatings like a good dog. Going to lounge in a nice long bath now ?,UCI-2011
ham,Its worse if if uses half way then stops. Its better for him to complete it.,UCI-2011
ham,Miserable. They don't tell u that the side effects of birth control are massive gut wrenching cramps for the first 2 months. I didn't sleep at all last night.,UCI-2011
ham,Send me the new number,UCI-2011
ham,Convey my regards to him,UCI-2011
spam,Want the latest Video handset? 750 anytime any network mins? Half price line rental? Reply or call 08000930705 for delivery tomorrow,UCI-2011
ham,2 and half years i missed your friendship:-),UCI-2011
ham,I cant pick the phone right now. Pls send a message,UCI-2011
ham,Oh for fuck's sake she's in like tallahassee,UCI-2011
ham,"Haha, that was the first person I was gonna ask",UCI-2011
spam,"ou are guaranteed the latest Nokia Phone, a 40GB iPod MP3 player or a £500 prize! Txt word: COLLECT to No: 83355! IBHltd LdnW15H 150p/Mtmsgrcvd18",UCI-2011
ham,Taka lor. Wat time u wan 2 come n look 4 us?,UCI-2011
spam,* FREE* POLYPHONIC RINGTONE Text SUPER to 87131 to get your FREE POLY TONE of the week now! 16 SN PoBox202 NR31 7ZS subscription 450pw,UCI-2011
ham,I;m reaching in another 2 stops.,UCI-2011
ham,"no, i *didn't* mean to post it. I wrote it, and like so many other times i've ritten stuff to you, i let it sit there. it WAS what i was feeling at the time. I was angry. Before i left, i hit send, then stop. It wasn't there. I checked on my phone when i got to my car. It wasn't there. You said you didn't sleep, you were bored. So why wouldn't THAT be the time to clean, fold laundry, etc.? At least make the bed?",UCI-2011
spam,Warner Village 83118 C Colin Farrell in SWAT this wkend @Warner Village & get 1 free med. Popcorn!Just show msg+ticket@kiosk.Valid 4-7/12. C t&c @kiosk. Reply SONY 4 mre film offers,UCI-2011
ham,Will you come online today night,UCI-2011
ham,Then anything special?,UCI-2011
ham,"I'm in solihull, | do you want anything?",UCI-2011
ham,Will do. Have a good day,UCI-2011
ham,WE REGRET TO INFORM U THAT THE NHS HAS MADE A MISTAKE.U WERE NEVER ACTUALLY BORN.PLEASE REPORT 2 YOR LOCAL HOSPITAL 2B TERMINATED.WE R SORRY 4 THE INCONVENIENCE,UCI-2011
ham,Love that holiday Monday feeling even if I have to go to the dentists in an hour,UCI-2011
ham,I am on the way to tirupur.,UCI-2011
spam,"Goal! Arsenal 4 (Henry, 7 v Liverpool 2 Henry scores with a simple shot from 6 yards from a pass by Bergkamp to give Arsenal a 2 goal margin after 78 mins.",UCI-2011
ham,You've already got a flaky parent. It'snot supposed to be the child's job to support the parent...not until they're The Ride age anyway. I'm supposed to be there to support you. And now i've hurt you. unintentional. But hurt nonetheless.,UCI-2011
ham,We took hooch for a walk toaday and i fell over! Splat! Grazed my knees and everything! Should have stayed at home! See you tomorrow! ,UCI-2011
ham,"Just dropped em off, omw back now",UCI-2011
spam,"This is the 2nd time we have tried 2 contact u. U have won the 750 Pound prize. 2 claim is easy, call 08712101358 NOW! Only 10p per min. BT-national-rate",UCI-2011
ham,Sitting in mu waiting for everyone to get out of my suite so I can take a shower,UCI-2011
ham,Re your call; You didn't see my facebook huh?,UCI-2011
ham,"G says you never answer your texts, confirm/deny",UCI-2011
ham,"Its so common hearin How r u? Wat r u doing? How was ur day? So let me ask u something different. Did u smile today? If not, do it now.... Gud evng.",UCI-2011
ham,Hi Dear Call me its urgnt. I don't know whats your problem. You don't want to work or if you have any other problem at least tell me. Wating for your reply.,UCI-2011
ham,Oh yah... We never cancel leh... Haha ,UCI-2011
ham,We can go 4 e normal pilates after our intro...  ,UCI-2011
ham,Ok... Let u noe when i leave my house.,UCI-2011
ham,"Oh yes, why is it like torture watching england?",UCI-2011
ham,Wanna do some art?! :D,UCI-2011
ham,Just hopeing that wasn‘t too pissed up to remember and has gone off to his sisters or something!,UCI-2011
spam,"Got what it takes 2 take part in the WRC Rally in Oz? U can with Lucozade Energy! Text RALLY LE to 61200 (25p), see packs or lucozade.co.uk/wrc & itcould be u!",UCI-2011
spam,"Hi, the SEXYCHAT girls are waiting for you to text them. Text now for a great night chatting. send STOP to stop this service",UCI-2011
ham,"Good morning, my boytoy! How's those yummy lips ? Where's my sexy buns now ? What do you do ? Do you think of me ? Do you crave me ? Do you need me ?",UCI-2011
ham,Match started.india  &lt;#&gt;  for 2,UCI-2011
ham,Once free call me sir.,UCI-2011
ham,Hey do you want anything to buy:),UCI-2011
ham,"Hey babe, how's it going ? Did you ever figure out where your going for New Years ?",UCI-2011
ham,K..k.:)congratulation ..,UCI-2011
ham,G wants to know where the fuck you are,UCI-2011
ham,No it was cancelled yeah baby! Well that sounds important so i understand my darlin give me a ring later on this fone love Kate x,UCI-2011
ham,Tomarrow i want to got to court. At  &lt;DECIMAL&gt; . So you come to bus stand at 9.,UCI-2011
ham,Ü go home liao? Ask dad to pick me up at 6...,UCI-2011
ham,Omg you can make a wedding chapel in frontierville? Why do they get all the good stuff?,UCI-2011
ham,"I'm eatin now lor, but goin back to work soon... E mountain deer show huh... I watch b4 liao, very nice...",UCI-2011
ham,Check mail.i have mailed varma and kept copy to you regarding membership.take care.insha allah.,UCI-2011
ham,Wrong phone! This phone! I answer this one but assume the other is people i don't well,UCI-2011
ham,"Anyway I don't think I can secure anything up here, lemme know if you want me to drive down south and chill",UCI-2011
ham,I'm already back home so no probably not,UCI-2011
spam,Great News! Call FREEFONE 08006344447 to claim your guaranteed £1000 CASH or £2000 gift. Speak to a live operator NOW!,UCI-2011
spam,"Hi this is Amy, we will be sending you a free phone number in a couple of days, which will give you an access to all the adult parties...",UCI-2011
ham,I am in bus on the way to calicut,UCI-2011
ham,Hi its me you are probably having too much fun to get this message but i thought id txt u cos im bored! and james has been farting at me all night,UCI-2011
ham,hi baby im sat on the bloody bus at the mo and i wont be home until about 7:30 wanna do somethin later? call me later ortxt back jess xx,UCI-2011
spam,"Welcome to Select, an O2 service with added benefits. You can now call our specially trained advisors FREE from your mobile by dialling 402.",UCI-2011
ham,I lost 4 pounds since my doc visit last week woot woot! Now I'm gonna celebrate by stuffing my face!,UCI-2011
ham,U coming back 4 dinner rite? Dad ask me so i re confirm wif u...,UCI-2011
ham,Doing my masters. When will you buy a bb cos i have for sale and how's bf,UCI-2011
ham,"Ahhhh...just woken up!had a bad dream about u tho,so i dont like u right now :) i didnt know anything about comedy night but i guess im up for it.",UCI-2011
ham,I'm vivek:)i got call from your number.,UCI-2011
ham,Why didn't u call on your lunch?,UCI-2011
ham,"What i mean was i left too early to check, cos i'm working a 9-6.",UCI-2011
ham,I want  &lt;#&gt;  rs da:)do you have it?,UCI-2011
ham,"A bit of Ur smile is my hppnss, a drop of Ur tear is my sorrow, a part of Ur heart is my life, a heart like mine wil care for U, forevr as my GOODFRIEND",UCI-2011
ham,Yup ok...,UCI-2011
ham,I want to see your pretty pussy...,UCI-2011
spam,Dear Voucher holder Have your next meal on us. Use the following link on your pc 2 enjoy a 2 4 1 dining experiencehttp://www.vouch4me.com/etlp/dining.asp,UCI-2011
ham,"A few people are at the game, I'm at the mall with iouri and kaila",UCI-2011
spam,URGENT! We are trying to contact U. Todays draw shows that you have won a £2000 prize GUARANTEED. Call 09058094507 from land line. Claim 3030. Valid 12hrs only,UCI-2011
spam,You can donate £2.50 to UNICEF's Asian Tsunami disaster support fund by texting DONATE to 864233. £2.50 will be added to your next bill,UCI-2011
ham,Future is not what we planned for tomorrow.....! it is the result of what we do today...! Do the best in present... enjoy the future.,UCI-2011
ham,I will cme i want to go to hos 2morow. After that i wil cme. This what i got from her dear what to do. She didnt say any time,UCI-2011
ham,We are supposed to meet to discuss abt our trip... Thought xuhui told you? In the afternoon. Thought we can go for lesson after that,UCI-2011
ham,Hey come online! Use msn... We are all there,UCI-2011
ham,I'm fine. Hope you are good. Do take care.,UCI-2011
ham,Oops I was in the shower when u called. Hey a parking garage collapsed at university hospital. See I'm not crazy. Stuff like that DOES happen.,UCI-2011
ham,Aiyo u so poor thing... Then u dun wan 2 eat? U bathe already?,UCI-2011
ham,Yar... I tot u knew dis would happen long ago already.,UCI-2011
ham,You are gorgeous! keep those pix cumming :) thank you!,UCI-2011
ham,"A boy was late 2 home. His father: ""POWER OF FRNDSHIP""",UCI-2011
ham,JADE ITS PAUL. Y DIDNT U TXT ME? DO U REMEMBER ME FROM BARMED? I WANT 2 TALK 2 U! TXT ME,UCI-2011
ham,Spending new years with my brother and his family. Lets plan to meet next week. Are you ready to be spoiled? :),UCI-2011
ham,So what u doing today?,UCI-2011
ham,I said its okay. Sorry,UCI-2011
ham,Slept? I thinkThis time ( &lt;#&gt;  pm) is not dangerous,UCI-2011
ham,Networking job is there.,UCI-2011
spam,goldviking (29/M) is inviting you to be his friend. Reply YES-762 or NO-762 See him: www.SMS.ac/u/goldviking STOP? Send STOP FRND to 62468,UCI-2011
ham,Dont let studying stress you out. L8r.,UCI-2011
ham,That's y u haf 2 keep me busy...,UCI-2011
ham,No rushing. I'm not working. I'm in school so if we rush we go hungry.,UCI-2011
ham,Which channel:-):-):):-).,UCI-2011
ham,So your telling me I coulda been your real Valentine and I wasn't? U never pick me for NOTHING!!,UCI-2011
spam,Phony £350 award - Todays Voda numbers ending XXXX are selected to receive a £350 award. If you have a match please call 08712300220 quoting claim code 3100 standard rates app,UCI-2011
ham,"We made it! Eta at taunton is 12:30 as planned, hope that‘s still okday?! Good to see you! :-xx",UCI-2011
ham,I'm hungry buy smth home...,UCI-2011
ham,"HEY KATE, HOPE UR OK... WILL GIVE U A BUZ WEDLUNCH. GO OUTSOMEWHERE 4 ADRINK IN TOWN..CUD GO 2WATERSHD 4 A BIT? PPL FROMWRK WILL BTHERE. LOVE PETEXXX.",UCI-2011
ham,My drive can only be read. I need to write,UCI-2011
ham,"Just looked it up and addie goes back Monday, sucks to be her",UCI-2011
ham,Happy new year. Hope you are having a good semester,UCI-2011
ham,Esplanade lor. Where else...,UCI-2011
ham,Can you talk with me..,UCI-2011
ham,"Hmph. Go head, big baller.",UCI-2011
ham,Well its not like you actually called someone a punto. That woulda been worse.,UCI-2011
ham,"Nope. Since ayo travelled, he has forgotten his guy",UCI-2011
ham,You still around? Looking to pick up later,UCI-2011
spam,CDs 4u: Congratulations ur awarded £500 of CD gift vouchers or £125 gift guaranteed & Freeentry 2 £100 wkly draw xt MUSIC to 87066 TnCs www.ldew.com1win150ppmx3age16 ,UCI-2011
ham,There's someone here that has a year  &lt;#&gt;  toyota camry like mr olayiwola's own. Mileage is  &lt;#&gt; k.its clean but i need to know how much will it sell for. If i can raise the dough for it how soon after landing will it sell. Holla back.,UCI-2011
ham,Guess which pub im in? Im as happy as a pig in clover or whatever the saying is! ,UCI-2011
ham,ILL B DOWN SOON,UCI-2011
ham,Oh k. . I will come tomorrow,UCI-2011
ham,Go fool dont cheat others ok,UCI-2011
ham,"My mobile number.pls sms ur mail id.convey regards to achan,amma.Rakhesh.Qatar",UCI-2011
ham,"By the way, 'rencontre' is to meet again. Mountains dont....",UCI-2011
spam,You have WON a guaranteed £1000 cash or a £2000 prize. To claim yr prize call our customer service representative on 08714712412 between 10am-7pm Cost 10p,UCI-2011
ham,U attend ur driving lesson how many times a wk n which day?,UCI-2011
ham,"Uncle G, just checking up on you. Do have a rewarding month",UCI-2011
ham,Hello boytoy ! Geeee ... I'm missing you today. I like to send you a tm and remind you I'm thinking of you ... And you are loved ... *loving kiss*,UCI-2011
ham,I think the other two still need to get cash but we can def be ready by 9,UCI-2011
ham,Hey gals...U all wanna meet 4 dinner at nìte? ,UCI-2011
spam,Dear 0776xxxxxxx U've been invited to XCHAT. This is our final attempt to contact u! Txt CHAT to 86688 150p/MsgrcvdHG/Suite342/2Lands/Row/W1J6HL LDN 18yrs,UCI-2011
ham,Babe ! What are you doing ? Where are you ? Who are you talking to ? Do you think of me ? Are you being a good boy? Are you missing me? Do you love me ?,UCI-2011
ham,Great! How is the office today?,UCI-2011
ham,"It's cool, we can last a little while. Getting more any time soon?",UCI-2011
ham,:-( sad puppy noise,UCI-2011
ham,Yes its possible but dint try. Pls dont tell to any one k,UCI-2011
ham,Anyway holla at me whenever you're around because I need an excuse to go creep on people in sarasota,UCI-2011
ham,Where you. What happen,UCI-2011
ham,I was gonna ask you lol but i think its at 7,UCI-2011
spam,Ur cash-balance is currently 500 pounds - to maximize ur cash-in now send GO to 86688 only 150p/meg. CC: 08718720201 HG/Suite342/2lands Row/W1j6HL,UCI-2011
spam,PRIVATE! Your 2003 Account Statement for shows 800 un-redeemed S.I.M. points. Call 08715203685 Identifier Code:4xx26 Expires 13/10/04,UCI-2011
ham,Go chase after her and run her over while she's crossing the street,UCI-2011
spam,I'd like to tell you my deepest darkest fantasies. Call me 09094646631 just 60p/min. To stop texts call 08712460324 (nat rate),UCI-2011
ham,Is there coming friday is leave for pongal?do you get any news from your work place.,UCI-2011
ham,Hey... Very inconvenient for your sis a not huh?,UCI-2011
ham,Ok i vl..do u know i got adsense approved..,UCI-2011
ham,"* Was really good to see you the other day dudette, been missing you!",UCI-2011
ham,I want to go to perumbavoor,UCI-2011
ham,How many times i told in the stage all use to laugh. You not listen aha.,UCI-2011
spam,You won't believe it but it's true. It's Incredible Txts! Reply G now to learn truly amazing things that will blow your mind. From O2FWD only 18p/txt,UCI-2011
ham,(You didn't hear it from me),UCI-2011
ham,Thanks for being there for me just to talk to on saturday. You are very dear to me. I cherish having you as a brother and role model.,UCI-2011
ham,Pls clarify back if an open return ticket that i have can be preponed for me to go back to kerala.,UCI-2011
spam,Natalie (20/F) is inviting you to be her friend. Reply YES-165 or NO-165 See her: www.SMS.ac/u/natalie2k9 STOP? Send STOP FRND to 62468,UCI-2011
ham,She ran off with a younger man. we will make pretty babies together :),UCI-2011
spam,Jamster! To get your free wallpaper text HEART to 88888 now! T&C apply. 16 only. Need Help? Call 08701213186.,UCI-2011
ham,O ic lol. Should play 9 doors sometime yo,UCI-2011
ham,"Dunno, my dad said he coming home 2 bring us out 4 lunch. Yup i go w u lor. I call u when i reach school lor...",UCI-2011
ham,"We have sent JD for Customer Service cum Accounts Executive to ur mail id, For details contact us",UCI-2011
ham,Desires- u going to doctor 4 liver. And get a bit stylish. Get ur hair managed. Thats it.,UCI-2011
ham,Hmmm.still we dont have opener?,UCI-2011
ham,Yeah so basically any time next week you can get away from your mom &amp; get up before 3,UCI-2011
ham,"Edison has rightly said, ""A fool can ask more questions than a wise man can answer"" Now you know why all of us are speechless during ViVa.. GM,GN,GE,GNT:-)",UCI-2011
ham,I will vote for wherever my heart guides me,UCI-2011
ham,With my sis lor... We juz watched italian job.,UCI-2011
ham,"Tick, tick, tick .... Where are you ? I could die of loneliness you know ! *pouts* *stomps feet* I need you ...",UCI-2011
ham,Lmao you know me so well...,UCI-2011
spam,Double Mins & Double Txt & 1/2 price Linerental on Latest Orange Bluetooth mobiles. Call MobileUpd8 for the very latest offers. 08000839402 or call2optout/LF56,UCI-2011
ham,Am on a train back from northampton so i'm afraid not! I'm staying skyving off today ho ho! Will be around wednesday though. Do you fancy the comedy club this week by the way?,UCI-2011
ham,Goodnight da thangam I really miss u dear.,UCI-2011
ham,Hey next sun 1030 there's a basic yoga course... at bugis... We can go for that... Pilates intro next sat.... Tell me what time you r free,UCI-2011
ham,"Geeeee ... Your internet is really bad today, eh ?",UCI-2011
spam,Free video camera phones with Half Price line rental for 12 mths and 500 cross ntwk mins 100 txts. Call MobileUpd8 08001950382 or Call2OptOut/674,UCI-2011
ham,I think i am disturbing her da,UCI-2011
ham,"Sorry, I'll call you  later. I am in meeting sir.",UCI-2011
ham,Havent stuck at orchard in my dad's car. Going 4 dinner now. U leh? So r they free tonight?,UCI-2011
ham,Ok i also wan 2 watch e 9 pm show...,UCI-2011
ham,I dunno lei... Like dun haf...,UCI-2011
ham,But your brother transfered only  &lt;#&gt;  +  &lt;#&gt; . Pa.,UCI-2011
ham,I calls you later. Afternoon onwords mtnl service get problem in south mumbai. I can hear you but you cann't listen me.,UCI-2011
spam,83039 62735=£450 UK Break AccommodationVouchers terms & conditions apply. 2 claim you mustprovide your claim number which is 15541 ,UCI-2011
ham,Talk to g and x about that,UCI-2011
ham,Hai dear friends... This is my new &amp; present number..:) By Rajitha Raj (Ranju),UCI-2011
spam,5p 4 alfie Moon's Children in need song on ur mob. Tell ur m8s. Txt Tone charity to 8007 for Nokias or Poly charity for polys: zed 08701417012 profit 2 charity.,UCI-2011
ham,As in different styles?,UCI-2011
spam,WIN a £200 Shopping spree every WEEK Starting NOW. 2 play text STORE to 88039. SkilGme. TsCs08714740323 1Winawk! age16 £1.50perweeksub.,UCI-2011
ham,Gud ni8 dear..slp well..take care..swt dreams..Muah..,UCI-2011
ham,I want to sent  &lt;#&gt; mesages today. Thats y. Sorry if i hurts,UCI-2011
spam,"This is the 2nd attempt to contract U, you have won this weeks top prize of either £1000 cash or £200 prize. Just call 09066361921",UCI-2011
ham,"Well, i'm glad you didn't find it totally disagreeable ... Lol",UCI-2011
ham,"Guy, no flash me now. If you go call me, call me. How madam. Take care oh.",UCI-2011
spam,Do you want a New Nokia 3510i colour phone DeliveredTomorrow? With 300 free minutes to any mobile + 100 free texts + Free Camcorder reply or call 08000930705.,UCI-2011
ham,Mark works tomorrow. He gets out at 5. His work is by your house so he can meet u afterwards.,UCI-2011
ham,"Keep ur problems in ur heart, b'coz nobody will fight for u. Only u &amp; u have to fight for ur self &amp; win the battle. -VIVEKANAND- G 9t.. SD..
ham	Yeah, give me a call if you've got a minute
ham	HI BABE UAWAKE?FEELLIKW SHIT.JUSTFOUND OUT VIA ALETTER THATMUM GOTMARRIED 4thNOV.BEHIND OURBACKS  FUCKINNICE!SELFISH,DEVIOUSBITCH.ANYWAY,IL CALL U""",UCI-2011
ham,Amazing : If you rearrange these letters it gives the same meaning... Dormitory = Dirty room Astronomer = Moon starer The eyes = They see Election results = Lies lets recount Mother-in-law = Woman Hitler Eleven plus two =Twelve plus one Its Amazing... !:-),UCI-2011
ham,Aiya we discuss later lar... Pick ü up at 4 is it?,UCI-2011
ham,Hey happy birthday...,UCI-2011
ham,Sorry i missed your call. Can you please call back.,UCI-2011
ham,Omg if its not one thing its another. My cat has worms :/ when does this bad day end?,UCI-2011
ham,"Good morning, im suffering from fever and dysentry ..will not be able to come to office today.",UCI-2011
ham,I wont do anything de.,UCI-2011
ham,What type of stuff do you sing?,UCI-2011
ham,"St andre, virgil's cream",UCI-2011
ham,No no. I will check all rooms befor activities,UCI-2011
ham,"My fri ah... Okie lor,goin 4 my drivin den go shoppin after tt...",UCI-2011
ham,Gokila is talking with you aha:),UCI-2011
ham,"Hi Shanil,Rakhesh here.thanks,i have exchanged the uncut diamond stuff.leaving back. Excellent service by Dino and Prem.",UCI-2011
ham,K.k.this month kotees birthday know?,UCI-2011
ham,But i'm really really broke oh. No amount is too small even  &lt;#&gt; ,UCI-2011
ham,Sorry about that this is my mates phone and i didnt write it love Kate,UCI-2011
spam,"TheMob>Hit the link to get a premium Pink Panther game, the new no. 1 from Sugababes, a crazy Zebra animation or a badass Hoody wallpaper-all 4 FREE!",UCI-2011
ham,"Ah, well that confuses things, doesnt it? I thought was friends with now. Maybe i did the wrong thing but i already sort of invited -tho he may not come cos of money.",UCI-2011
ham,"Aight, call me once you're close",UCI-2011
ham,Nope thats fine. I might have a nap tho! ,UCI-2011
spam,This msg is for your mobile content order It has been resent as previous attempt failed due to network error Queries to customersqueries@netvision.uk.com,UCI-2011
ham,In other news after hassling me to get him weed for a week andres has no money. HAUGHAIGHGTUJHYGUJ,UCI-2011
ham,"A Boy loved a gal. He propsd bt she didnt mind. He gv lv lttrs, Bt her frnds threw thm. Again d boy decided 2 aproach d gal , dt time a truck was speeding towards d gal. Wn it was about 2 hit d girl,d boy ran like hell n saved her. She asked 'hw cn u run so fast?' D boy replied ""Boost is d secret of my energy"" n instantly d girl shouted ""our energy"" n Thy lived happily 2gthr drinking boost evrydy Moral of d story:- I hv free msgs:D;): gud ni8",UCI-2011
ham,I wnt to buy a BMW car urgently..its vry urgent.but hv a shortage of  &lt;#&gt; Lacs.there is no source to arng dis amt. &lt;#&gt; lacs..thats my prob,UCI-2011
ham,Ding me on ya break fassyole! Blacko from londn,UCI-2011
ham,I REALLY NEED 2 KISS U I MISS U MY BABY FROM UR BABY 4EVA,UCI-2011
ham,"The sign of maturity is not when we start saying big things.. But actually it is, when we start understanding small things... *HAVE A NICE EVENING* BSLVYL",UCI-2011
ham,Oh you got many responsibilities.,UCI-2011
spam,You have 1 new message. Please call 08715205273,UCI-2011
ham,I've reached sch already...,UCI-2011
spam,December only! Had your mobile 11mths+? You are entitled to update to the latest colour camera mobile for Free! Call The Mobile Update VCo FREE on 08002986906 ,UCI-2011
ham,U definitely need a module from e humanities dis sem izzit? U wan 2 take other modules 1st?,UCI-2011
ham,Argh why the fuck is nobody in town ;_;,UCI-2011
spam,"Get 3 Lions England tone, reply lionm 4 mono or lionp 4 poly. 4 more go 2 www.ringtones.co.uk, the original n best. Tones 3GBP network operator rates apply.",UCI-2011
ham,Thanks. Fills me with complete calm and reassurance! ,UCI-2011
ham,Aslamalaikkum....insha allah tohar beeen muht albi mufti mahfuuz...meaning same here....,UCI-2011
ham,Are you driving or training?,UCI-2011
ham,Lol for real. She told my dad I have cancer,UCI-2011
spam,PRIVATE! Your 2003 Account Statement for 078,UCI-2011
ham,"Oops I did have it,  &lt;#&gt; ?",UCI-2011
ham,NOT ENUFCREDEIT TOCALL.SHALL ILEAVE UNI AT 6 +GET A BUS TO YOR HOUSE?,UCI-2011
ham,"Hi Chikku, send some nice msgs",UCI-2011
ham,"He is impossible to argue with and he always treats me like his sub, like he never released me ... Which he did and I will remind him of that if necessary",UCI-2011
ham,"After my work ah... Den 6 plus lor... U workin oso rite... Den go orchard lor, no other place to go liao...",UCI-2011
ham,"To the wonderful Okors, have a great month. We cherish you guys and wish you well each day. MojiBiola",UCI-2011
ham,Cuz ibored. And don wanna study,UCI-2011
ham,Wot about on wed nite I am 3 then but only til 9!,UCI-2011
ham,"Rose for red,red for blood,blood for heart,heart for u. But u for me.... Send tis to all ur friends.. Including me.. If u like me.. If u get back, 1-u r poor in relation! 2-u need some 1 to support 3-u r frnd 2 many 4-some1 luvs u 5+- some1 is praying god to marry u.:-) try it....",UCI-2011
ham,Any way where are you and what doing.,UCI-2011
ham,That sucks. I'll go over so u can do my hair. You'll do it free right?,UCI-2011
ham,it's still not working. And this time i also tried adding zeros. That was the savings. The checking is  &lt;#&gt; ,UCI-2011
ham,"Hmm... Dunno leh, mayb a bag 4 goigng out dat is not too small. Or jus anything except perfume, smth dat i can keep.",UCI-2011
ham,Sday only joined.so training we started today:),UCI-2011
ham,Sorry * was at the grocers.,UCI-2011
ham,There are some nice pubs near here or there is Frankie n Bennys near the warner cinema?,UCI-2011
spam,"YOU VE WON! Your 4* Costa Del Sol Holiday or £5000 await collection. Call 09050090044 Now toClaim. SAE, TC s, POBox334, Stockport, SK38xh, Cost£1.50/pm, Max10mins",UCI-2011
ham,Yup... I havent been there before... You want to go for the yoga? I can call up to book ,UCI-2011
ham,Oh shut it. Omg yesterday I had a dream that I had 2 kids both boys. I was so pissed. Not only about the kids but them being boys. I even told mark in my dream that he was changing diapers cause I'm not getting owed in the face.,UCI-2011
ham,Yeah I imagine he would be really gentle. Unlike the other docs who treat their patients like turkeys.,UCI-2011
spam,FREE for 1st week! No1 Nokia tone 4 ur mobile every week just txt NOKIA to 8077 Get txting and tell ur mates. www.getzed.co.uk POBox 36504 W45WQ 16+ norm150p/tone,UCI-2011
ham,Now that you have started dont stop. Just pray for more good ideas and anything i see that can help you guys i.ll forward you a link.,UCI-2011
ham,Hi darlin im on helens fone im gonna b up the princes 2 nite please come up tb love Kate,UCI-2011
ham,I'm in office now da:)where are you?,UCI-2011
ham,Aiyar u so poor thing... I give u my support k... Jia you! I'll think of u...,UCI-2011
ham,Oh unintentionally not bad timing. Great. Fingers  the trains play along! Will give fifteen min warning.,UCI-2011
spam,Get your garden ready for summer with a FREE selection of summer bulbs and seeds worth £33:50 only with The Scotsman this Saturday. To stop go2 notxt.co.uk,UCI-2011
ham,K..then come wenever u lik to come and also tel vikky to come by getting free time..:-),UCI-2011
ham,Pls call me da. What happen.,UCI-2011
ham,"Happy new year to u and ur family...may this new year bring happiness , stability and tranquility to ur vibrant colourful life:):)",UCI-2011
ham,No problem with the renewal. I.ll do it right away but i dont know his details.,UCI-2011
ham,Idk. I'm sitting here in a stop and shop parking lot right now bawling my eyes out because i feel like i'm a failure in everything. Nobody wants me and now i feel like i'm failing you.,UCI-2011
ham,Haven't left yet so probably gonna be here til dinner,UCI-2011
ham,"Like  &lt;#&gt; , same question",UCI-2011
ham,MY NEW YEARS EVE WAS OK. I WENT TO A PARTY WITH MY BOYFRIEND. WHO IS THIS SI THEN HEY,UCI-2011
ham,"Sir, I need Velusamy sir's date of birth and company bank facilities details.",UCI-2011
ham,K k:) sms chat with me.,UCI-2011
ham,I will come with karnan car. Please wait till 6pm will directly goto doctor.,UCI-2011
ham,No but the bluray player can,UCI-2011
ham,Ok... Then r we meeting later?,UCI-2011
ham,Lol no. I just need to cash in my nitros. Hurry come on before I crash out!,UCI-2011
ham,Just send a text. We'll skype later.,UCI-2011
ham,Ok leave no need to ask,UCI-2011
spam,"Congrats 2 mobile 3G Videophones R yours. call 09063458130 now! videochat wid ur mates, play java games, Dload polypH music, noline rentl. bx420. ip4. 5we. 150p",UCI-2011
ham,Ü still got lessons?  Ü in sch?,UCI-2011
ham,Y she dun believe leh? I tot i told her it's true already. I thk she muz c us tog then she believe.,UCI-2011
ham,Oh did you charge camera,UCI-2011
ham,"I‘ve got some salt, you can rub it in my open wounds if you like!",UCI-2011
ham,Now i'm going for lunch.,UCI-2011
ham,I'm in school now n i'll be in da lab doing some stuff give me a call when ü r done.,UCI-2011
ham,Oh k. . I will come tomorrow,UCI-2011
ham,"Aight, text me tonight and we'll see what's up",UCI-2011
ham,U 2.,UCI-2011
ham,Water logging in desert. Geoenvironmental implications.,UCI-2011
ham,Raji..pls do me a favour. Pls convey my Birthday wishes to Nimya. Pls. Today is her birthday.,UCI-2011
ham,Company is very good.environment is terrific and food is really nice:),UCI-2011
ham,"Very strange.  and  are watching the 2nd one now but i'm in bed. Sweet dreams, miss u ",UCI-2011
spam,SMS AUCTION - A BRAND NEW Nokia 7250 is up 4 auction today! Auction is FREE 2 join & take part! Txt NOKIA to 86021 now!,UCI-2011
ham,"Hi hope u r both ok, he said he would text and he hasn't, have u seen him, let me down gently please ",UCI-2011
ham,"Babe! I fucking love you too !! You know? Fuck it was so good to hear your voice. I so need that. I crave it. I can't get enough. I adore you, Ahmad *kisses*",UCI-2011
ham,K sure am in my relatives home. Sms me de. Pls:-),UCI-2011
ham,I sent them. Do you like?,UCI-2011
ham,"Fuuuuck I need to stop sleepin, sup",UCI-2011
ham,I'm in town now so i'll jus take mrt down later.,UCI-2011
ham,I just cooked a rather nice salmon a la you,UCI-2011
ham,I uploaded mine to Facebook,UCI-2011
ham,WHAT TIME U WRKIN?,UCI-2011
ham,Okie,UCI-2011
spam,ree entry in 2 a weekly comp for a chance to win an ipod. Txt POD to 80182 to get entry (std txt rate) T&C's apply 08452810073 for details 18+,UCI-2011
spam,Our records indicate u maybe entitled to 5000 pounds in compensation for the Accident you had. To claim 4 free reply with CLAIM to this msg. 2 stop txt STOP,UCI-2011
ham,"Sorry, I'll call later",UCI-2011
ham,Oh oh... Den muz change plan liao... Go back have to yan jiu again...,UCI-2011
ham,"It's wylie, you in tampa or sarasota?",UCI-2011
ham,Ok... Take ur time n enjoy ur dinner...,UCI-2011
ham,Darren was saying dat if u meeting da ge den we dun meet 4 dinner. Cos later u leave xy will feel awkward. Den u meet him 4 lunch lor.,UCI-2011
spam,"Spook up your mob with a Halloween collection of a logo & pic message plus a free eerie tone, txt CARD SPOOK to 8007 zed 08701417012150p per logo/pic ",UCI-2011
ham,I like cheap! But i‘m happy to splash out on the wine if it makes you feel better..,UCI-2011
ham,She.s fine. I have had difficulties with her phone. It works with mine. Can you pls send her another friend request.,UCI-2011
ham,Ugh my leg hurts. Musta overdid it on mon.,UCI-2011
spam,Call Germany for only 1 pence per minute! Call from a fixed line via access number 0844 861 85 85. No prepayment. Direct access! www.telediscount.co.uk,UCI-2011
spam,"YOU VE WON! Your 4* Costa Del Sol Holiday or £5000 await collection. Call 09050090044 Now toClaim. SAE, TC s, POBox334, Stockport, SK38xh, Cost£1.50/pm, Max10mins",UCI-2011
ham,WOT STUDENT DISCOUNT CAN U GET ON BOOKS?,UCI-2011
ham,Me fine..absolutly fine,UCI-2011
ham,How come she can get it? Should b quite diff to guess rite...,UCI-2011
spam,Had your mobile 11mths ? Update for FREE to Oranges latest colour camera mobiles & unlimited weekend calls. Call Mobile Upd8 on freefone 08000839402 or 2StopTxt,UCI-2011
ham,I will reach ur home in  &lt;#&gt;  minutes,UCI-2011
ham,"Babe, I'm answering you, can't you see me ? Maybe you'd better reboot YM ... I got the photo ... It's great !",UCI-2011
ham,Hi.what you think about match?,UCI-2011
ham,"I know you are thinkin malaria. But relax, children cant handle malaria. She would have been worse and its gastroenteritis. If she takes enough to replace her loss her temp will reduce. And if you give her malaria meds now she will just vomit. Its a self limiting illness she has which means in a few days it will completely stop",UCI-2011
ham,Dai i downloaded but there is only exe file which i can only run that exe after installing.,UCI-2011
ham,It is only yesterday true true.,UCI-2011
ham,K.k.how is your business now?,UCI-2011
ham,3 pa but not selected.,UCI-2011
spam,Natalja (25/F) is inviting you to be her friend. Reply YES-440 or NO-440 See her: www.SMS.ac/u/nat27081980 STOP? Send STOP FRND to 62468,UCI-2011
ham,I keep ten rs in my shelf:) buy two egg.,UCI-2011
ham,I am late. I will be there at,UCI-2011
ham,Well thats nice. Too bad i cant eat it,UCI-2011
ham,I accidentally brought em home in the box,UCI-2011
ham,Pls she needs to dat slowly or she will vomit more.,UCI-2011
ham,I have to take exam with in march 3,UCI-2011
ham,"Jane babes not goin 2 wrk, feel ill after lst nite. Foned in already cover 4 me chuck.:-)",UCI-2011
ham,5 nights...We nt staying at port step liao...Too ex,UCI-2011
ham,If I die I want u to have all my stuffs.,UCI-2011
ham,OH FUCK. JUSWOKE UP IN A BED ON A BOATIN THE DOCKS. SLEPT WID 25 YEAR OLD. SPINOUT! GIV U DA GOSSIP L8R. XXX,UCI-2011
ham,Smile in Pleasure Smile in Pain Smile when trouble pours like Rain Smile when sum1 Hurts U Smile becoz SOMEONE still Loves to see u Smiling!!,UCI-2011
ham,Prabha..i'm soryda..realy..frm heart i'm sory,UCI-2011
ham,I re-met alex nichols from middle school and it turns out he's dealing!,UCI-2011
spam,PRIVATE! Your 2003 Account Statement for <fone no> shows 800 un-redeemed S. I. M. points. Call 08715203656 Identifier Code: 42049 Expires 26/10/04,UCI-2011
ham,It means u could not keep ur words.,UCI-2011
ham,"Nope, I'm still in the market",UCI-2011
ham,I realise you are a busy guy and i'm trying not to be a bother. I have to get some exams outta the way and then try the cars. Do have a gr8 day,UCI-2011
spam,YOU ARE CHOSEN TO RECEIVE A £350 AWARD! Pls call claim number 09066364311 to collect your award which you are selected to receive as a valued mobile customer.,UCI-2011
ham,Hey what how about your project. Started aha da.,UCI-2011
ham,Ok cool. See ya then.,UCI-2011
ham,Am on the uworld site. Am i buying the qbank only or am i buying it with the self assessment also?,UCI-2011
ham,Your opinion about me? 1. Over 2. Jada 3. Kusruthi 4. Lovable 5. Silent 6. Spl character 7. Not matured 8. Stylish 9. Simple Pls reply..,UCI-2011
spam,Someonone you know is trying to contact you via our dating service! To find out who it could be call from your mobile or landline 09064015307 BOX334SK38ch ,UCI-2011
ham,Yeah I can still give you a ride,UCI-2011
ham,"Jay wants to work out first, how's 4 sound?",UCI-2011
ham,"Gud gud..k, chikku tke care.. sleep well gud nyt",UCI-2011
ham,Its a part of checking IQ,UCI-2011
ham,Hmm thinking lor...,UCI-2011
ham,Of course ! Don't tease me ... You know I simply must see ! *grins* ... Do keep me posted my prey ... *loving smile* *devouring kiss*,UCI-2011
ham,thanks for the temales it was wonderful. Thank. Have a great week.,UCI-2011
ham,Thank you princess! I want to see your nice juicy booty...,UCI-2011
ham,Haven't eaten all day. I'm sitting here staring at this juicy pizza and I can't eat it. These meds are ruining my life.,UCI-2011
ham,Gud ni8 dear..slp well..take care..swt dreams..Muah..,UCI-2011
ham,U come n search tat vid..not finishd..,UCI-2011
ham,"K I'm leaving soon, be there a little after 9",UCI-2011
spam,Urgent! Please call 09061213237 from a landline. £5000 cash or a 4* holiday await collection. T &Cs SAE PO Box 177 M227XY. 16+,UCI-2011
ham,"Yeah work is fine, started last week, all the same stuff as before, dull but easy and guys are fun!",UCI-2011
ham,You do your studies alone without anyones help. If you cant no need to study.,UCI-2011
ham,Please tell me not all of my car keys are in your purse,UCI-2011
ham,I didnt get anything da,UCI-2011
ham,Ok... Sweet dreams...,UCI-2011
ham,Well she's in for a big surprise!,UCI-2011
ham,"As usual..iam fine, happy &amp; doing well..:)",UCI-2011
ham,1 in cbe. 2 in chennai.,UCI-2011
ham,Can help u swoop by picking u up from wherever ur other birds r meeting if u want.,UCI-2011
ham,If anyone calls for a treadmill say you'll buy it. Make sure its working. I found an ad on Craigslist selling for $ &lt;#&gt; .,UCI-2011
ham,I absolutely LOVE South Park! I only recently started watching the office.,UCI-2011
ham,Did you see that film:),UCI-2011
ham,Pls speak with me. I wont ask anything other then you friendship.,UCI-2011
ham,"Storming msg: Wen u lift d phne, u say ""HELLO"" Do u knw wt is d real meaning of HELLO?? . . . It's d name of a girl..! . . . Yes.. And u knw who is dat girl?? ""Margaret Hello"" She is d girlfrnd f Grahmbell who invnted telphone... . . . . Moral:One can 4get d name of a person, bt not his girlfrnd... G o o d n i g h t . . .@",UCI-2011
ham,Gud ni8.swt drms.take care,UCI-2011
ham,HI DARLIN ITS KATE ARE U UP FOR DOIN SOMETHIN TONIGHT? IM GOING TO A PUB CALLED THE SWAN OR SOMETHING WITH MY PARENTS FOR ONE DRINK SO PHONE ME IF U CAN,UCI-2011
ham,Anything lar then ü not going home 4 dinner?,UCI-2011
ham,"ER, ENJOYIN INDIANS AT THE MO..yeP. SaLL gOoD HehE ;> hows bout u shexy? Pete Xx",UCI-2011
spam,"If you don't, your prize will go to another customer. T&C at www.t-c.biz 18+ 150p/min Polo Ltd Suite 373 London W1J 6HL Please call back if busy ",UCI-2011
ham,Did u fix the teeth?if not do it asap.ok take care.,UCI-2011
ham,So u wan 2 come for our dinner tonight a not?,UCI-2011
ham,"Hello.How u doing?What u been up 2?When will u b moving out of the flat, cos I will need to arrange to pick up the lamp, etc. Take care. Hello caroline!",UCI-2011
ham,Its too late:)but its k.wish you the same.,UCI-2011
ham,"Hi. Hope ur day * good! Back from walk, table booked for half eight. Let me know when ur coming over.",UCI-2011
ham,Oh yeah clearly it's my fault,UCI-2011
ham,Dunno leh cant remember mayb lor. So wat time r we meeting tmr?,UCI-2011
ham,"Best msg: It's hard to be with a person, when u know that one more step foward will make u fall in love.. &amp; One step back can ruin ur friendship.. good night:-) ...",UCI-2011
spam,URGENT! Your Mobile number has been awarded with a £2000 prize GUARANTEED. Call 09061790126 from land line. Claim 3030. Valid 12hrs only 150ppm,UCI-2011
ham,"Helloooo... Wake up..! ""Sweet"" ""morning"" ""welcomes"" ""You"" ""Enjoy"" ""This Day"" ""with full of joy"".. ""GUD MRNG"".",UCI-2011
ham,"Vikky, come around  &lt;TIME&gt; ..",UCI-2011
ham,"And how you will do that, princess? :)",UCI-2011
ham,I have gone into get info bt dont know what to do,UCI-2011
ham,"Yeah, probably here for a while",UCI-2011
ham,Sent me ur email id soon,UCI-2011
spam,"URGENT! You have won a 1 week FREE membership in our £100,000 Prize Jackpot! Txt the word: CLAIM to No: 81010 T&C www.dbuk.net LCCLTD POBOX 4403LDNW1A7RW18",UCI-2011
ham,I'm still pretty weak today .. Bad day ?,UCI-2011
ham,Hey ! Don't forget ... You are MINE ... For ME ... My possession ... MY property ... MMM ... *childish smile* ...,UCI-2011
ham,An excellent thought by a misundrstud frnd: I knw u hate me bt the day wen u'll knw the truth u'll hate urself:-( Gn:-),UCI-2011
ham,Hey! Congrats 2u2. id luv 2 but ive had 2 go home!,UCI-2011
ham,Dear where you. Call me,UCI-2011
ham,Xy trying smth now. U eat already? We havent...,UCI-2011
spam,Urgent! Please call 09061213237 from landline. £5000 cash or a luxury 4* Canary Islands Holiday await collection. T&Cs SAE PO Box 177. M227XY. 150ppm. 16+,UCI-2011
ham,I donno its in your genes or something,UCI-2011
spam,XMAS iscoming & ur awarded either £500 CD gift vouchers & free entry 2 r £100 weekly draw txt MUSIC to 87066 TnC www.Ldew.com1win150ppmx3age16subscription ,UCI-2011
ham,Alex says he's not ok with you not being ok with it,UCI-2011
ham,Are u coming to the funeral home,UCI-2011
ham,My darling sister. How are you doing. When's school resuming. Is there a minimum wait period before you reapply? Do take care,UCI-2011
ham,I.ll hand her my phone to chat wit u,UCI-2011
ham,Well good morning mr . Hows london treatin' ya treacle?,UCI-2011
ham,I can't make it tonight,UCI-2011
ham,At WHAT TIME should i come tomorrow,UCI-2011
ham,About  &lt;#&gt; bucks. The banks fees are fixed. Better to call the bank and find out.,UCI-2011
ham,"I can. But it will tell quite long, cos i haven't finish my film yet...",UCI-2011
ham,Pls ask macho how much is budget for bb bold 2 is cos i saw a new one for  &lt;#&gt;  dollars.,UCI-2011
ham,Hi missed your Call and my mumHas beendropping red wine all over theplace! what is your adress?,UCI-2011
ham,Ill be at yours in about 3 mins but look out for me,UCI-2011
ham,What you did in  leave.,UCI-2011
ham,I'm coming back on Thursday. Yay. Is it gonna be ok to get the money. Cheers. Oh yeah and how are you. Everything alright. Hows school. Or do you call it work now,UCI-2011
ham,"Jolly good! By the way,  will give u tickets for sat eve 7.30. Speak before then x",UCI-2011
ham,"yeah, that's what I was thinking",UCI-2011
ham,K.k:)i'm going to tirunelvali this week to see my uncle ..i already spend the amount by taking dress .so only i want money.i will give it on feb 1,UCI-2011
ham,Here got ur favorite oyster... N got my favorite sashimi... Ok lar i dun say already... Wait ur stomach start rumbling...,UCI-2011
ham,My sister going to earn more than me da.,UCI-2011
spam,Get the official ENGLAND poly ringtone or colour flag on yer mobile for tonights game! Text TONE or FLAG to 84199. Optout txt ENG STOP Box39822 W111WX £1.50,UCI-2011
ham,Hahaha..use your brain dear,UCI-2011
ham,Jus finish watching tv... U?,UCI-2011
ham,"K, fyi I'm back in my parents' place in south tampa so I might need to do the deal somewhere else",UCI-2011
ham,"Good morning, my Love ... I go to sleep now and wish you a great day full of feeling better and opportunity ... You are my last thought babe, I LOVE YOU *kiss*",UCI-2011
ham,Kothi print out marandratha.,UCI-2011
ham,But we havent got da topic yet rite?,UCI-2011
ham,Ok no problem... Yup i'm going to sch at 4 if i rem correctly...,UCI-2011
ham,"Thanks, I'll keep that in mind",UCI-2011
ham,Aah bless! How's your arm?,UCI-2011
ham,"Dear Sir,Salam Alaikkum.Pride and Pleasure meeting you today at the Tea Shop.We are pleased to send you our contact number at Qatar.Rakhesh an Indian.Pls save our Number.Respectful Regards.",UCI-2011
ham,"Gal n boy walking in d park. gal-can i hold ur hand? boy-y? do u think i would run away? gal-no, jst wana c how it feels walking in heaven with an prince..GN:-)",UCI-2011
ham,What makes you most happy?,UCI-2011
ham,Wishing you a wonderful week.,UCI-2011
ham,Sweet heart how are you?,UCI-2011
ham,"Sir, waiting for your letter.",UCI-2011
ham,Dude im no longer a pisces. Im an aquarius now.,UCI-2011
ham,X course it 2yrs. Just so her messages on messenger lik you r sending me,UCI-2011
ham,I think steyn surely get one wicket:),UCI-2011
ham,"Neither [in sterm voice] - i'm studying. All fine with me! Not sure the  thing will be resolved, tho. Anyway. Have a fab hols",UCI-2011
ham,"Garbage bags, eggs, jam, bread, hannaford wheat chex",UCI-2011
ham,No. It's not pride. I'm almost  &lt;#&gt;  years old and shouldn't be takin money from my kid. You're not supposed to have to deal with this stuff. This is grownup stuff--why i don't tell you.,UCI-2011
ham,Sounds better than my evening im just doing my costume. Im not sure what time i finish tomorrow but i will txt you at the end.,UCI-2011
ham,My birthday is on feb  &lt;#&gt;  da. .,UCI-2011
ham,So when do you wanna gym?,UCI-2011
ham,You'd like that wouldn't you? Jerk!,UCI-2011
ham,Are u awake? Is there snow there?,UCI-2011
ham,And of course you should make a stink!,UCI-2011
spam,"u r subscribed 2 TEXTCOMP 250 wkly comp. 1st wk?s free question follows, subsequent wks charged@150p/msg.2 unsubscribe txt STOP 2 84128,custcare 08712405020",UCI-2011
ham,No go. No openings for that room 'til after thanksgiving without an upcharge.,UCI-2011
ham,When you guys planning on coming over?,UCI-2011
ham,Wat ü doing now?,UCI-2011
ham,"My Parents, My Kidz, My Friends n My Colleagues. All screaming.. SURPRISE !! and I was waiting on the sofa.. ... ..... ' NAKED...!",UCI-2011
ham,No sir. That's why i had an 8-hr trip on the bus last week. Have another audition next wednesday but i think i might drive this time.,UCI-2011
ham,Do I? I thought I put it back in the box,UCI-2011
ham,I'm home...,UCI-2011
ham,No one interested. May be some business plan.,UCI-2011
ham,Yup it's at paragon... I havent decided whether 2 cut yet... Hee...,UCI-2011
ham,Good morning princess! Have a great day!,UCI-2011
ham,Guai... Ü shd haf seen him when he's naughty... Ü so free today? Can go jogging...,UCI-2011
ham,Aiyo cos i sms ü then ü neva reply so i wait 4 ü to reply lar. I tot ü havent finish ur lab wat.,UCI-2011
ham,"Living is very simple.. Loving is also simple.. Laughing is too simple.. Winning is tooo simple.. But, Being 'SIMPLE' is very difficult...;-) :-)",UCI-2011
ham,Tell me something. Thats okay.,UCI-2011
ham,Ok,UCI-2011
ham,Hmm. Shall i bring a bottle of wine to keep us amused? Just joking! I'll still bring a bottle. Red or white? See you tomorrow,UCI-2011
ham,This is ur face test ( 1 2 3 4 5 6 7 8 9  &lt;#&gt;  ) select any number i will tell ur face astrology.... am waiting. quick reply...,UCI-2011
ham,"Hey, iouri gave me your number, I'm wylie, ryan's friend",UCI-2011
ham,Yep get with the program. You're slacking.,UCI-2011
ham,I'm in inside office..still filling forms.don know when they leave me.,UCI-2011
ham,"I think your mentor is , but not 100 percent sure.",UCI-2011
spam,Call 09095350301 and send our girls into erotic ecstacy. Just 60p/min. To stop texts call 08712460324 (nat rate),UCI-2011
spam,Camera - You are awarded a SiPix Digital Camera! call 09061221066 fromm landline. Delivery within 28 days.,UCI-2011
spam,A £400 XMAS REWARD IS WAITING FOR YOU! Our computer has randomly picked you from our loyal mobile customers to receive a £400 reward. Just call 09066380611,UCI-2011
ham,Just trying to figure out when I'm suppose to see a couple different people this week. We said we'd get together but I didn't set dates,UCI-2011
spam,IMPORTANT MESSAGE. This is a final contact attempt. You have important messages waiting out our customer claims dept. Expires 13/4/04. Call 08717507382 NOW!,UCI-2011
ham,Hi mom we might be back later than  &lt;#&gt; ,UCI-2011
spam,dating:i have had two of these. Only started after i sent a text to talk sport radio last week. Any connection do you think or coincidence?,UCI-2011
ham,"Lol, oh you got a friend for the dog ?",UCI-2011
ham,"Ok., is any problem to u frm him? Wats matter?",UCI-2011
ham,"K I'll head out in a few mins, see you there",UCI-2011
ham,Do u konw waht is rael FRIENDSHIP Im gving yuo an exmpel: Jsut ese tihs msg.. Evrey splleing of tihs msg is wrnog.. Bt sitll yuo can raed it wihtuot ayn mitsake.. GOODNIGHT &amp; HAVE A NICE SLEEP..SWEET DREAMS..,UCI-2011
ham,I cant pick the phone right now. Pls send a message,UCI-2011
ham,I don't want you to leave. But i'm barely doing what i can to stay sane. fighting with you constantly isn't helping.,UCI-2011
spam,The current leading bid is 151. To pause this auction send OUT. Customer Care: 08718726270,UCI-2011
spam,"Free entry to the gr8prizes wkly comp 4 a chance to win the latest Nokia 8800, PSP or £250 cash every wk.TXT GREAT to 80878 http//www.gr8prizes.com 08715705022",UCI-2011
ham,Somebody set up a website where you can play hold em using eve online spacebucks,UCI-2011
ham,Its sunny in california. The weather's just cool,UCI-2011
spam,You have 1 new message. Call 0207-083-6089,UCI-2011
ham,"I can make it up there, squeezed  &lt;#&gt;  bucks out of my dad",UCI-2011
ham,Good day to You too.Pray for me.Remove the teeth as its painful maintaining other stuff.,UCI-2011
ham,How are you babes. Hope your doing ok. I had a shit nights sleep. I fell asleep at 5.Im knackered and im dreading work tonight. What are thou upto tonight. X,UCI-2011
ham,How do friends help us in problems? They give the most stupid suggestion that Lands us into another problem and helps us forgt the previous problem,UCI-2011
ham,I'm at work. Please call,UCI-2011
ham,I will be gentle baby! Soon you will be taking all  &lt;#&gt;  inches deep inside your tight pussy...,UCI-2011
ham,NOT MUCH NO FIGHTS. IT WAS A GOOD NITE!!,UCI-2011
ham,Ok.ok ok..then..whats ur todays plan,UCI-2011
ham,Nt joking seriously i told,UCI-2011
ham,Watching ajith film ah?,UCI-2011
ham,Ooooooh I forgot to tell u I can get on yoville on my phone,UCI-2011
ham,"All done, all handed in. Don't know if mega shop in asda counts as celebration but thats what i'm doing!",UCI-2011
ham,I dont know exactly could you ask chechi.,UCI-2011
ham,Dunno lei shd b driving lor cos i go sch 1 hr oni.,UCI-2011
ham,As in i want custom officer discount oh.,UCI-2011
ham,That's necessarily respectful,UCI-2011
ham,Hi. Hope you had a good day. Have a better night.,UCI-2011
ham,And he's apparently bffs with carly quick now,UCI-2011
ham,HARD BUT TRUE: How much you show &amp;  express your love to someone....that much it will hurt when they leave you or you get seperated...!鈥┾??〨ud evening...,UCI-2011
ham,Babes I think I got ur brolly I left it in English wil bring it in 2mrw 4 u luv Franxx,UCI-2011
ham,Hi babe its me thanks for coming even though it didnt go that well!i just wanted my bed! Hope to see you soon love and kisses xxx,UCI-2011
ham,So gd got free ice cream... I oso wan...,UCI-2011
ham,Pls give her prometazine syrup. 5mls then  &lt;#&gt; mins later feed.,UCI-2011
ham,So how many days since then?,UCI-2011
ham,Dear are you angry i was busy dear,UCI-2011
ham,Yup he msg me: is tat yijue? Then i tot it's my group mate cos we meeting today mah... I'm askin if ü leaving earlier or wat mah cos mayb ü haf to walk v far...,UCI-2011
ham,... Are you in the pub?,UCI-2011
ham,There is a first time for everything :),UCI-2011
ham,"Daddy, shu shu is looking 4 u... U wan me 2 tell him u're not in singapore or wat?",UCI-2011
ham,I ask if u meeting da ge tmr nite...,UCI-2011
ham,Gr8. So how do you handle the victoria island traffic. Plus when's the album due,UCI-2011
ham,Nite nite pocay wocay luv u more than n e thing 4eva I promise ring u 2morrowxxxx,UCI-2011
ham,East coast,UCI-2011
ham,You should get more chicken broth if you want ramen unless there's some I don't know about,UCI-2011
ham,My slave! I want you to take 2 or 3 pictures of yourself today in bright light on your cell phone! Bright light!,UCI-2011
ham,Nope. I just forgot. Will show next week,UCI-2011
ham,So how are you really. What are you up to. How's the masters. And so on.,UCI-2011
ham,I'm at bruce &amp; fowler now but I'm in my mom's car so I can't park (long story),UCI-2011
ham,I dont know oh. Hopefully this month.,UCI-2011
ham,"Hi elaine, is today's meeting confirmed?",UCI-2011
ham,Ok k..sry i knw 2 siva..tats y i askd..,UCI-2011
ham,"Sorry, I'll call later",UCI-2011
ham,U horrible gal... U knew dat i was going out wif him yest n u still come n ask me...,UCI-2011
ham,Otherwise had part time job na-tuition..,UCI-2011
ham,Oh yeah! And my diet just flew out the window,UCI-2011
spam,Santa Calling! Would your little ones like a call from Santa Xmas eve? Call 09058094583 to book your time.,UCI-2011
ham,You didnt complete your gist oh.,UCI-2011
ham,"Er yeah, i will b there at 15:26, sorry! Just tell me which pub/cafe to sit in and come wen u can",UCI-2011
ham,"If you can make it any time tonight or whenever you can it's cool, just text me whenever you're around",UCI-2011
ham,If I was I wasn't paying attention,UCI-2011
ham,Thanx a lot 4 ur help!,UCI-2011
ham,You're gonna have to be way more specific than that,UCI-2011
ham,Jesus armand really is trying to tell everybody he can find,UCI-2011
ham,I'm wif him now buying tix lar...,UCI-2011
ham,Mode men or have you left.,UCI-2011
ham,Am slow in using biola's fne,UCI-2011
ham,What are youdoing later? Sar xxx,UCI-2011
ham,Hey i've booked the 2 lessons on sun liao...,UCI-2011
ham,Thank you. do you generally date the brothas?,UCI-2011
ham,"By the way, make sure u get train to worc foregate street not shrub hill. Have fun night x",UCI-2011
ham,"I thought i'd get him a watch, just cos thats the kind of thing u get4an18th. And he loves so much!",UCI-2011
spam,You have won a guaranteed 32000 award or maybe even £1000 cash to claim ur award call free on 0800 ..... (18+). Its a legitimat efreefone number wat do u think???,UCI-2011
ham,Good morning. At the repair shop--the ONLY reason i'm up at this hour.,UCI-2011
ham,"And that's fine, I got enough bud to last most of the night at least",UCI-2011
ham,I am back. Good journey! Let me know if you need any of the receipts. Shall i tell you like the pendent?,UCI-2011
ham,So that takes away some money worries,UCI-2011
ham,"aight we can pick some up, you open before tonight?",UCI-2011
spam,"Latest News! Police station toilet stolen, cops have nothing to go on!",UCI-2011
ham,Sac needs to carry on:),UCI-2011
ham,Just sing HU. I think its also important to find someone female that know the place well preferably a citizen that is also smart to help you navigate through. Even things like choosing a phone plan require guidance. When in doubt ask especially girls.,UCI-2011
ham,What???? Hello wats talks email address?,UCI-2011
ham,Except theres a chick with huge boobs.,UCI-2011
ham,Im just wondering what your doing right now?,UCI-2011
ham,Wishing you a beautiful day. Each moment revealing even more things to keep you smiling. Do enjoy it.,UCI-2011
spam,For the most sparkling shopping breaks from 45 per person; call 0121 2025050 or visit www.shortbreaks.org.uk,UCI-2011
ham,Arun can u transfr me d amt,UCI-2011
ham,"Sorry, I'll call later",UCI-2011
ham,If you hear a loud scream in about &lt;#&gt; minutes its cause my Gyno will be shoving things up me that don't belong :/,UCI-2011
spam,December only! Had your mobile 11mths+? You are entitled to update to the latest colour camera mobile for Free! Call The Mobile Update Co FREE on 08002986906,UCI-2011
ham,Ok i thk i got it. Then u wan me 2 come now or wat?,UCI-2011
spam,Txt: CALL to No: 86888 & claim your reward of 3 hours talk time to use from your phone now! Subscribe6GBP/mnth inc 3hrs 16 stop?txtStop www.gamb.tv,UCI-2011
ham,U GOIN OUT 2NITE?,UCI-2011
ham,I will treasure every moment we spend together...,UCI-2011
ham,Shall I bring us a bottle of wine to keep us amused? Only joking! I‘ll bring one anyway,UCI-2011
spam,http//tms. widelive.com/index. wml?id=820554ad0a1705572711&first=true¡C C Ringtone¡,UCI-2011
spam,Get your garden ready for summer with a FREE selection of summer bulbs and seeds worth £33:50 only with The Scotsman this Saturday. To stop go2 notxt.co.uk,UCI-2011
spam,"URGENT! Last weekend's draw shows that you have won £1000 cash or a Spanish holiday! CALL NOW 09050000332 to claim. T&C: RSTM, SW7 3SS. 150ppm",UCI-2011
ham,Ok lor.,UCI-2011
ham,I thought slide is enough.,UCI-2011
ham,Yup,UCI-2011
ham,Well obviously not because all the people in my cool college life went home ;_;,UCI-2011
ham,Ok lor ü reaching then message me.,UCI-2011
ham,Where's mummy's boy ? Is he being good or bad ? Is he being positive or negative ? Why is mummy being made to wait? Hmmmm?,UCI-2011
ham,Dhoni have luck to win some big title.so we will win:),UCI-2011
ham,Yes princess! I want to please you every night. Your wish is my command...,UCI-2011
ham,What Today-sunday..sunday is holiday..so no work..,UCI-2011
ham,No probably  &lt;#&gt; %.,UCI-2011
ham,Really do hope the work doesnt get stressful. Have a gr8 day.,UCI-2011
ham,Have you seen who's back at Holby?!,UCI-2011
ham,Shall call now dear having food,UCI-2011
spam,URGENT We are trying to contact you Last weekends draw shows u have won a £1000 prize GUARANTEED Call 09064017295 Claim code K52 Valid 12hrs 150p pm,UCI-2011
ham,So li hai... Me bored now da lecturer repeating last weeks stuff waste time... ,UCI-2011
ham,", ,  and  picking them up from various points | going 2 yeovil | and they will do the motor project 4 3 hours | and then u take them home. || 12 2 5.30 max. || Very easy",UCI-2011
ham,Also fuck you and your family for going to rhode island or wherever the fuck and leaving me all alone the week I have a new bong &gt;:(,UCI-2011
ham,Ofcourse I also upload some songs,UCI-2011
spam,2p per min to call Germany 08448350055 from your BT line. Just 2p per min. Check PlanetTalkInstant.com for info & T's & C's. Text stop to opt out,UCI-2011
ham,K. I will sent it again,UCI-2011
ham,Oh thanks a lot..i already bought 2 eggs ..,UCI-2011
ham,K. I will sent it again,UCI-2011
ham,U studying in sch or going home? Anyway i'll b going 2 sch later.,UCI-2011
spam,Marvel Mobile Play the official Ultimate Spider-man game (£4.50) on ur mobile right now. Text SPIDER to 83338 for the game & we ll send u a FREE 8Ball wallpaper,UCI-2011
ham,I think if he rule tamilnadu..then its very tough for our people.,UCI-2011
ham,"Cool, we shall go and see, have to go to tip anyway. Are you at home, got something to drop in later? So lets go to town tonight! Maybe mum can take us in.",UCI-2011
ham,"Good afternoon, my love ... How goes your day ? How did you sleep ? I hope your well, my boytoy ... I think of you ...",UCI-2011
ham,Yes... I trust u to buy new stuff ASAP so I can try it out,UCI-2011
spam,"SMS SERVICES. for your inclusive text credits, pls goto www.comuk.net login= 3qxj9 unsubscribe with STOP, no extra charge. help 08702840625.COMUK. 220-CM2 9AE",UCI-2011
ham,Why did I wake up on my own &gt;:(,UCI-2011
ham,Now get step 2 outta the way. Congrats again.,UCI-2011
ham,Love has one law; Make happy the person you love. In the same way friendship has one law; Never make ur friend feel alone until you are alive.... Gud night,UCI-2011
spam,PRIVATE! Your 2003 Account Statement for 07808247860 shows 800 un-redeemed S. I. M. points. Call 08719899229 Identifier Code: 40411 Expires 06/11/04,UCI-2011
ham,Apo all other are mokka players only,UCI-2011
ham,"Perhaps * is much easy give your account identification, so i will tomorrow at UNI",UCI-2011
ham,Wait . I will msg after  &lt;#&gt;  min.,UCI-2011
ham,What i told before i tell. Stupid hear after i wont tell anything to you. You dad called to my brother and spoken. Not with me.,UCI-2011
ham,God's love has no limit. God's grace has no measure. God's power has no boundaries. May u have God's endless blessings always in ur life...!! Gud ni8,UCI-2011
ham,I want to be inside you every night...,UCI-2011
ham,"Machan you go to gym tomorrow,  i wil come late goodnight.",UCI-2011
ham,Lol they were mad at first but then they woke up and gave in.,UCI-2011
ham,I went to project centre,UCI-2011
ham,"It‘s reassuring, in this crazy world.",UCI-2011
ham,"Just making dinner, you ?",UCI-2011
ham,Yes. Please leave at  &lt;#&gt; . So that at  &lt;#&gt;  we can leave,UCI-2011
ham,Oh... Okie lor...We go on sat... ,UCI-2011
ham,You are a great role model. You are giving so much and i really wish each day for a miracle but God as a reason for everything and i must say i wish i knew why but i dont. I've looked up to you since i was young and i still do. Have a great day.,UCI-2011
ham,"Ya, i'm referin to mei's ex wat... No ah, waitin 4 u to treat, somebody shld b rich liao...So gd, den u dun have to work frm tmr onwards...",UCI-2011
ham,Miles and smiles r made frm same letters but do u know d difference..? smile on ur face keeps me happy even though I am miles away from u.. :-)keep smiling.. Good nyt,UCI-2011
ham,"By the way, i've put a skip right outside the front of the house so you can see which house it is. Just pull up before it.",UCI-2011
ham,Can you pls send me that company name. In saibaba colany,UCI-2011
ham,No. I dont want to hear anything,UCI-2011
ham,You are a big chic. Common. Declare,UCI-2011
ham,Thats cool. I want to please you...,UCI-2011
ham,Going to join tomorrow.,UCI-2011
spam,You are awarded a SiPix Digital Camera! call 09061221061 from landline. Delivery within 28days. T Cs Box177. M221BP. 2yr warranty. 150ppm. 16 . p p£3.99,UCI-2011
ham,I want to tell you how bad I feel that basically the only times I text you lately are when I need drugs,UCI-2011
spam,PRIVATE! Your 2003 Account Statement for shows 800 un-redeemed S.I.M. points. Call 08718738001 Identifier Code: 49557 Expires 26/11/04,UCI-2011
ham,"Total disappointment, when I texted you was the craziest shit got :(",UCI-2011
ham,Its just the effect of irritation. Just ignore it,UCI-2011
ham,What about this one then.,UCI-2011
ham,I think that tantrum's finished so yeah I'll be by at some point,UCI-2011
ham,Compliments to you. Was away from the system. How your side.,UCI-2011
ham,happened here while you were adventuring,UCI-2011
ham,"Hey chief, can you give me a bell when you get this. Need to talk to you about this royal visit on the 1st june. ",UCI-2011
ham,Ok which your another number,UCI-2011
ham,"I know you are thinkin malaria. But relax, children cant handle malaria. She would have been worse and its gastroenteritis. If she takes enough to replace her loss her temp will reduce. And if you give her malaria meds now she will just vomit. Its a self limiting illness she has which means in a few days it will completely stop",UCI-2011
ham,Aiyah ok wat as long as got improve can already wat...,UCI-2011
spam,Want explicit SEX in 30 secs? Ring 02073162414 now! Costs 20p/min Gsex POBOX 2667 WC1N 3XX,UCI-2011
ham,I can't believe how attached I am to seeing you every day. I know you will do the best you can to get to me babe. I will go to teach my class at your midnight,UCI-2011
ham,Just sleeping..and surfing,UCI-2011
spam,ASKED 3MOBILE IF 0870 CHATLINES INCLU IN FREE MINS. INDIA CUST SERVs SED YES. L8ER GOT MEGA BILL. 3 DONT GIV A SHIT. BAILIFF DUE IN DAYS. I O £250 3 WANT £800,UCI-2011
ham,Yeah it's jus rite...,UCI-2011
ham,Armand says get your ass over to epsilon,UCI-2011
ham,U still havent got urself a jacket ah?,UCI-2011
ham,"I'm taking derek &amp; taylor to walmart, if I'm not back by the time you're done just leave the mouse on my desk and I'll text you when priscilla's ready",UCI-2011
ham,Hi its in durban are you still on this number,UCI-2011
ham,Ic. There are a lotta childporn cars then.,UCI-2011
spam,"Had your contract mobile 11 Mnths? Latest Motorola, Nokia etc. all FREE! Double Mins & Text on Orange tariffs. TEXT YES for callback, no to remove from records.",UCI-2011
ham,"No, I was trying it all weekend ;V",UCI-2011
ham,"You know, wot people wear. T shirts, jumpers, hat, belt, is all we know. We r at Cribbs",UCI-2011
ham,"Cool, what time you think you can get here?",UCI-2011
ham,Wen did you get so spiritual and deep. That's great,UCI-2011
ham,Have a safe trip to Nigeria. Wish you happiness and very soon company to share moments with,UCI-2011
ham,Hahaha..use your brain dear,UCI-2011
ham,Well keep in mind I've only got enough gas for one more round trip barring a sudden influx of cash,UCI-2011
ham,Yeh. Indians was nice. Tho it did kane me off a bit he he. We shud go out 4 a drink sometime soon. Mite hav 2 go 2 da works 4 a laugh soon. Love Pete x x,UCI-2011
ham,Yes i have. So that's why u texted. Pshew...missing you so much,UCI-2011
ham,No. I meant the calculation is the same. That  &lt;#&gt; units at  &lt;#&gt; . This school is really expensive. Have you started practicing your accent. Because its important. And have you decided if you are doing 4years of dental school or if you'll just do the nmde exam.,UCI-2011
ham,"Sorry, I'll call later",UCI-2011
ham,if you aren't here in the next  &lt;#&gt;  hours imma flip my shit,UCI-2011
ham,Anything lor. Juz both of us lor.,UCI-2011
ham,Get me out of this dump heap. My mom decided to come to lowes. BORING.,UCI-2011
ham,Ok lor... Sony ericsson salesman... I ask shuhui then she say quite gd 2 use so i considering...,UCI-2011
ham,Ard 6 like dat lor.,UCI-2011
ham,Why don't you wait 'til at least wednesday to see if you get your .,UCI-2011
ham,Huh y lei...,UCI-2011
spam,"REMINDER FROM O2: To get 2.50 pounds free call credit and details of great offers pls reply 2 this text with your valid name, house no and postcode",UCI-2011
spam,"This is the 2nd time we have tried 2 contact u. U have won the £750 Pound prize. 2 claim is easy, call 087187272008 NOW1! Only 10p per minute. BT-national-rate.",UCI-2011
ham,Will ü b going to esplanade fr home?,UCI-2011
ham,"Pity, * was in mood for that. So...any other suggestions?",UCI-2011
ham,The guy did some bitching but I acted like i'd be interested in buying something else next week and he gave it to us for free,UCI-2011
ham,Rofl. Its true to its name,UCI-2011
spam,Vous avez recu 50000 FCFA via Flooz. Envoyez votre code PIN au 1234 pour debloquer,togo
spam,Felicitations! Votre numero TMoney a gagne 100000 FCFA. Appelez le 90 00 00 00,togo
spam,Votre compte Flooz est bloque. Cliquez sur http://flooz-tg-bonus.com pour reactiver,togo
spam,"Mawu, envoie vite 20000 FCFA sur ce numero, c'est ton oncle, urgent",togo
spam,Togocom: votre facture impayee. Reglez sur tmoney-bonus.net sinon suspension,togo
spam,Bourse Canada 2026: vous etes selectionne. Envoyez 15000 FCFA frais dossier,togo
spam,Offre d'emploi: salaire 500000 FCFA/mois. Envoyez CNI + 5000 FCFA sur Flooz,togo
spam,Alerte: transaction suspecte TMoney. Confirmez code OTP sur http://tmoney-secure.tg,togo
spam,Promo Moov: doublez votre solde. Rechargez 10000 et recevez 20000. Code: 9090,togo
spam,Ton colis est bloque au Port de Lome. Paie 25000 FCFA sur ce lien pour debloquer,togo
spam,"Je suis un marabout puissant, double ton argent en 1h. Envoie Flooz maintenant",togo
spam,"Fille, envoie ta photo + 10000 FCFA pour casting novelas, gain assure",togo
spam,"Urgence famille: papa est a l'hopital, envoie 30000 FCFA vite sur TMoney",togo
spam,Loterie nationale: vous avez gagne. Frais retrait 12000 FCFA via Flooz,togo
spam,"Maman, c'est moi, j'ai change de numero. Envoie credit 5000 vite",togo
ham,"Salut, on se voit au marche Hedzranawoe demain? Les tomates sont moins cheres",togo
ham,"Papa, j'ai bien recu les 5000 FCFA pour le taxi. Merci beaucoup",togo
ham,Reunion equipe demain 9h au bureau Djanta Tech Hub. Apporte ton PC,togo
ham,Le cours de maths 3e chapitre vecteurs est disponible sur Kalan,togo
ham,"Bonsoir, le prix du mais au marche Agoe est 450 FCFA le bol ce matin",togo
ham,N'oublie pas la CPN demain au centre de sante. Prends le carnet,togo
ham,"Match ce soir? On regarde chez Kofi, apporte le pain",togo
ham,Ton dossier candidature AI4Youth est bien recu. Bonne chance!,togo
ham,Wharf: conteneur arrive jeudi. Papiers OK pour dedouanement,togo
ham,"Efo, mi le Hedzranawoe, prix gari 600 FCFA. Viens vite",togo
ham,Bon courage pour le BAC blanc demain. Revise les nombres reels,togo
ham,Transfert Flooz 10000 FCFA recu de +228 90 12 34 56. Solde: 45000,togo
ham,"Pharmacie garde dimanche: pharmacie St Joseph, Rue 12 Lome",togo
ham,"Prof: interro maths vendredi, chapitre intervalles. Bonne revision",togo
ham,"Zemidjan dispo? Viens me prendre carrefour Agoe, apres le marche",togo
